<?xml version="1.0" encoding="UTF-8" standalone="yes"?>
<addon id="plugin.program.maxql" name="MaxQL" version="1.1.3" provider-name="Zaxxon709">
	<requires>
		<import addon="xbmc.python" version="3.0.0"/>
	</requires>
	<extension point="xbmc.python.pluginsource" library="addon.py">
		<provides>executable</provides>
	</extension>
	<extension point="xbmc.addon.metadata">
		<summary lang="en_GB">Add-on Filter Editor</summary>
		<description lang="en_GB">Enable/Disable add-on filters</description>
		<disclaimer lang="en_GB">This Addon contains no content</disclaimer>
		<language>en</language>
		<platform>all</platform>
		<license>GPL-2.0-or-later</license>
		<forum></forum>
		<website></website> 
		<email></email>
		<source></source>
		<news>
			1.1.3 - Added afFENity
			1.1.2 - Added Fen Light
			1.1.1 - Minor bug fixes and cleanup
			1.1.0 - Cleaned up code. Changed addonid from script to plugin. Added TheLab, TheLabjr, Dradis, Taz19
			1.0.9 - Fixed bug preventing Umbrella 3D from being disabled.
			1.0.8 - Added support for DV and 3D settings. Added Patriot, Black Lightning and 9-Lives.
			1.0.7 - Added Coalition and Absolution. Removed The Promise.
			1.0.6 - Added chains genocide and Quicksilver.
			1.0.5 - Initial Release. 
		</news>
		<assets>
			<icon>icon.png</icon>
			<fanart>fanart.jpg</fanart>
		</assets>
	</extension>
</addon>