<?xml version="1.0" encoding="UTF-8" standalone="yes"?>

<addon id="repository.dexe" name=" dEXE's Addons Repository" version="1.0.11" provider-name="dEXE">
	<extension point="xbmc.addon.repository" name="dEXE's Addons Repository">
		<dir>
			<info compressed="false">https://raw.githubusercontent.com/deklica/repo.dexe/master/repo/addons.xml</info>
			<checksum>https://raw.githubusercontent.com/deklica/repo.dexe/master/repo/addons.xml.md5</checksum>
			<datadir zip="true">https://raw.githubusercontent.com/deklica/repo.dexe/master/repo/</datadir>
		</dir>
		<dir minversion="19.0.0">
			<info compressed="false">https://raw.githubusercontent.com/deklica/repo.dexe/master/addons.xml</info>
			<checksum>https://raw.githubusercontent.com/deklica/repo.dexe/master/addons.xml.md5</checksum>
			<datadir zip="true">https://raw.githubusercontent.com/deklica/repo.dexe/master/zips/</datadir>
			<hashes>false</hashes>
		</dir>
		<dir minversion="19.0.0">
			<info compressed="false">https://gitfront.io/r/dexe/n7TtSm9NEVFs/dexerepo/raw/addons.xml</info>
			<checksum>https://gitfront.io/r/dexe/n7TtSm9NEVFs/dexerepo/raw/addons.xml.md5</checksum>
			<datadir zip="true">https://gitfront.io/r/dexe/n7TtSm9NEVFs/dexerepo/raw/zips/</datadir>
			<hashes>false</hashes>
		</dir>
		<dir minversion="19.0.0">
			<info compressed="false">https://raw.githubusercontent.com/deklica/repo.dexe/master/misc/addons.xml</info>
			<checksum>https://raw.githubusercontent.com/deklica/repo.dexe/master/misc/addons.xml.md5</checksum>
			<datadir zip="true">https://raw.githubusercontent.com/deklica/repo.dexe/master/misc/</datadir>
			<hashes>false</hashes>
		</dir>

<!--  Repositories  -->

<!--  Umbrella Repository 2.2.4 -->
		<dir minversion="18.9.701" maxversion="19.5">
			<info compressed="false">https://raw.githubusercontent.com/umbrellaplug/umbrellaplug.github.io/master/matrix/zips/addons.xml</info>
			<checksum>https://raw.githubusercontent.com/umbrellaplug/umbrellaplug.github.io/master/matrix/zips/addons.xml.md5</checksum>
			<datadir zip="true">https://raw.githubusercontent.com/umbrellaplug/umbrellaplug.github.io/master/matrix/zips/</datadir>
		</dir>
		<dir minversion="19.8.0">
			<info compressed="false">https://raw.githubusercontent.com/umbrellaplug/umbrellaplug.github.io/master/nexus/zips/addons.xml</info>
			<checksum>https://raw.githubusercontent.com/umbrellaplug/umbrellaplug.github.io/master/nexus/zips/addons.xml.md5</checksum>
			<datadir zip="true">https://raw.githubusercontent.com/umbrellaplug/umbrellaplug.github.io/master/nexus/zips/</datadir>
		</dir>

<!--  kodifitzwell repository 0.0.1  -->
		<dir minversion="19.0.0">
			<info compressed="false">https://kodiyashimaru.github.io/repo/packages/addons.xml</info>
			<checksum>https://kodiyashimaru.github.io/repo/packages/addons.xml.md5</checksum>
			<datadir zip="true">https://kodiyashimaru.github.io/repo/</datadir>
		</dir>
		<dir minversion="19.0.0">
			<info compressed="false">https://kodifitzwell.github.io/repo/packages/addons.xml</info>
			<checksum>https://kodifitzwell.github.io/repo/packages/addons.xml.md5</checksum>
			<datadir zip="true">https://kodifitzwell.github.io/repo/</datadir>
		</dir>

<!--  Jacktook Add-on Repository 0.0.5  -->
		<dir minversion="19.0.0">
			<info compressed="false">https://raw.githubusercontent.com/Sam-Max/repository.jacktook/master/repo/zips/addons.xml</info>
			<checksum>https://raw.githubusercontent.com/Sam-Max/repository.jacktook/master/repo/zips/addons.xml.md5</checksum>
			<datadir zip="true">https://raw.githubusercontent.com/Sam-Max/repository.jacktook/master/repo/zips/</datadir>
		</dir>

<!--  CocoScrapers Module 1.0.0  -->
		<dir minversion="19.0">
			<info compressed="false">https://raw.githubusercontent.com/not-coco-joe/repository.cocoscrapers/master/zips/addons.xml</info>
			<checksum>https://raw.githubusercontent.com/not-coco-joe/repository.cocoscrapers/master/zips/addons.xml.md5</checksum>
			<datadir zip="true">https://raw.githubusercontent.com/not-coco-joe/repository.cocoscrapers/master/zips/</datadir>
		</dir>

<!--  a4kStreaming Repository 1.0.1  -->
		<dir minversion="19.0">
			<info>https://raw.githubusercontent.com/newt-sc/a4kStreaming/master/packages/addons.xml</info>
			<checksum>https://raw.githubusercontent.com/newt-sc/a4kStreaming/master/packages/addons.xml.crc</checksum>
			<datadir>https://github.com/newt-sc/a4kStreaming/archive</datadir>
			<artdir>https://github.com/newt-sc/a4kStreaming/releases/download/v0.1.0</artdir>
		</dir>

<!--  a4kSubtitles Repository 1.1.1  -->
		<dir minversion="19.0">
			<info>https://raw.githubusercontent.com/newt-sc/a4kSubtitles/master/packages/addons.xml</info>
			<checksum>https://raw.githubusercontent.com/newt-sc/a4kSubtitles/master/packages/addons.xml.crc</checksum>
			<datadir>https://github.com/newt-sc/a4kSubtitles/archive</datadir>
			<artdir>https://github.com/a4k-openproject/a4kSubtitles/releases/download/v0.0.13</artdir>
		</dir>

<!--  Dobbelina Repository 1.0.4  -->
		<dir minversion="19.0.0">
			<info compressed="false">https://raw.githubusercontent.com/dobbelina/repository.dobbelina/master/addons.xml</info>
			<checksum>https://raw.githubusercontent.com/dobbelina/repository.dobbelina/master/addons.xml.md5</checksum>
			<datadir zip="true">https://raw.githubusercontent.com/dobbelina/repository.dobbelina/master/</datadir>
		</dir>

<!--  ResolveURL Repository 1.0.0  -->
		<dir minversion="19.0.0">
			<info compressed="false">https://raw.githubusercontent.com/Gujal00/smrzips/master/addons.xml</info>
			<checksum>https://raw.githubusercontent.com/Gujal00/smrzips/master/addons.xml.md5</checksum>
			<datadir zip="true">https://raw.githubusercontent.com/Gujal00/smrzips/master/zips/</datadir>
		</dir>

<!--  Orion Repository 5.0.0  -->
		<dir minversion="19.0.0">
			<info compressed="false">https://repo.orionoid.com/addons.xml</info>
			<checksum>https://repo.orionoid.com/addons.xml.md5</checksum>
			<datadir zip="true">https://repo.orionoid.com</datadir>
		</dir>

<!--  Yatse Kodi Add-on repository 1.1.0  -->
		<dir minversion="18.9.0">
			<info compressed="false">https://raw.githubusercontent.com/Tolriq/repository.yatse.kodi/master/matrix/addons.xml</info>
			<checksum>https://raw.githubusercontent.com/Tolriq/repository.yatse.kodi/master/matrix/addons.xml.md5</checksum>
			<datadir zip="true">https://raw.githubusercontent.com/Tolriq/repository.yatse.kodi/master/matrix/</datadir>
			<hashes>false</hashes>
		</dir>

<!--  pkscout's Skin Modifications 2.1.1  -->
		<dir maxversion="19.9.0">
			<info>https://github.com/pkscout/repository.skins.pkscout/raw/refs/heads/matrix/addons.xml</info>
			<checksum>https://github.com/pkscout/repository.skins.pkscout/raw/refs/heads/matrix/addons.xml.md5</checksum>
			<datadir zip="true">https://github.com/pkscout/repository.skins.pkscout/raw/refs/heads/matrix/download</datadir>
			<artdir>https://github.com/pkscout/repository.skins.pkscout/raw/refs/heads/matrix/download</artdir>
			<hashes>false</hashes>
		</dir>
		<dir maxversion="20.8.900">
			<info>https://github.com/pkscout/repository.skins.pkscout/raw/refs/heads/nexus/addons.xml</info>
			<checksum>https://github.com/pkscout/repository.skins.pkscout/raw/refs/heads/nexus/addons.xml.md5</checksum>
			<datadir zip="true">https://github.com/pkscout/repository.skins.pkscout/raw/refs/heads/nexus/download</datadir>
			<artdir>https://github.com/pkscout/repository.skins.pkscout/raw/refs/heads/nexus/download</artdir>
			<hashes>false</hashes>
		</dir>
		<dir minversion="20.9.0">
			<info>https://github.com/pkscout/repository.skins.pkscout/raw/refs/heads/omega/addons.xml</info>
			<checksum>https://github.com/pkscout/repository.skins.pkscout/raw/refs/heads/omega/addons.xml.md5</checksum>
			<datadir zip="true">https://github.com/pkscout/repository.skins.pkscout/raw/refs/heads/omega/download</datadir>
			<artdir>https://github.com/pkscout/repository.skins.pkscout/raw/refs/heads/omega/download</artdir>
			<hashes>false</hashes>
		</dir>


	</extension>
	<extension point="xbmc.addon.metadata">
		<summary lang="en">Kodi dEXE's Repo</summary>
		<description>A collection of my, fixed/modded, best and latest Kodi add-ons and dependencies.[CR]One repo to rule them all ;)[CR][CR][I]For additional repos and skins install Roooar! (Repo of all Repositories).[/I][CR][CR]Please do NOT post this Repository on Youtube, Facebook, Blogs, or anywhere on the internet, thank you.</description>
		<disclaimer lang="en">This repository nor the addons within does not form part of the Kodi Media Centre. Please do not seek assistance with this repository or the addons from any of the Official Kodi Support Channels. The authors do not host any of the content in these add-ons and take no responsibility for the content found.</disclaimer>
		<language>en</language>
		<platform>all</platform>
		<assets>
			<icon>icon.png</icon>
			<fanart>fanart.jpg</fanart>
		</assets>
	</extension>
</addon>
