<?xml version="1.0" encoding="UTF-8" standalone="yes"?>
<addon id="repository.StreamArmy" name="[COLOR crimson]S[COLOR silver]tream Army Addons[/COLOR]" version="15.0.003" provider-name="@Nemzzy668 / @_Manc_ // LordJD">
	<extension point="xbmc.addon.repository" name="Stream Army">
		<dir>
			<info compressed="false">https://raw.githubusercontent.com/nemesis668/repository.streamarmy18-19/main/addons.xml</info>
			<checksum>https://raw.githubusercontent.com/nemesis668/repository.streamarmy18-19/main/addons.xml.md5</checksum>
			<datadir zip="true">https://raw.githubusercontent.com/nemesis668/repository.streamarmy18-19/main/zips/</datadir>
		</dir>
		<dir>
			<info compressed="false">https://raw.githubusercontent.com/Gujal00/smrzips/master/addons.xml</info>
			<checksum>https://raw.githubusercontent.com/Gujal00/smrzips/master/addons.xml.md5</checksum>
			<datadir zip="true">https://raw.githubusercontent.com/Gujal00/smrzips/master/zips/</datadir>
		</dir>
		<dir>
			<info compressed="false">https://raw.githubusercontent.com/nemesis668/repository.streamarmy/master/addons.xml</info>
			<checksum>https://raw.githubusercontent.com/nemesis668/repository.streamarmy/master/addons.xml.md5</checksum>
			<datadir zip="true">https://raw.githubusercontent.com/nemesis668/repository.streamarmy/master/zips/</datadir>
		</dir>
	</extension>
	<extension point="xbmc.addon.metadata">
		<summary>Stream Army Repo</summary>
		<description>Repo For Stream Army, Bought to you by @Nemzzy668 /  @_MANC_</description>
		<disclaimer>Educational use only, not for public release.</disclaimer>
		<platform>all</platform>
		<assets>
			<icon>icon.png</icon>
		</assets>
	</extension>
</addon>

