<?xml version="1.0" encoding="UTF-8" standalone="yes"?>
<addon id="repository.ivueguide" name="iVue2 TV Guide Repo" version="0.0.2" provider-name="iVue">
	<extension point="xbmc.addon.repository" name="iVue2 TV Guide Add-ons Repository">
		<dir>
		    <info compressed="false">https://raw.githubusercontent.com/totaltec2014/ivue2/master/addons.xml</info>
		    <checksum>https://raw.githubusercontent.com/totaltec2014/ivue2/master/addons.xml.md5</checksum>
		    <datadir zip="true">https://raw.githubusercontent.com/totaltec2014/ivue2/master/</datadir>
		</dir>
	</extension>
	<extension point="xbmc.addon.metadata">
		<summary>Install iVue2 TV Guide </summary>
		<description>Download and install for iVue2 Tv guide addons </description>
		<disclaimer> Repo for iVue2 Tv guide addon </disclaimer>
		<platform>all</platform>
		<assets>
            <icon>icon.png</icon>
            <fanart>fanart.jpg</fanart>
        </assets>
	</extension>
</addon>