<?xml version="1.0" encoding="UTF-8" standalone="yes"?>
<addon id="service.argononecontrol" name="Argon ONE Control" version="1.1.10" provider-name="HungerHa">
    <requires>
        <import addon="xbmc.python" version="3.0.0"/>
        <import addon="virtual.rpi-tools" version="9.80.11"/>
        <import addon="virtual.system-tools" version="9.80.11"/>
    </requires>
    <extension point="xbmc.python.script" library="default.py">
        <provides>executable</provides>
    </extension>
    <extension point="xbmc.service" library="main.py" start="startup"/>
    <extension point="xbmc.addon.metadata">
        <summary lang="en_GB">Argon ONE case features</summary>
        <summary lang="de_DE">Argon ONE-Gehäusefunktionen</summary>
        <summary lang="it_IT">Caratteristiche della custodia Argon ONE</summary>
        <description lang="en_GB">Support for RPi4/5 Argon ONE case features including the power button, fan speed, and the Argon IR remote. One-time restart required.</description>
        <description lang="de_DE">Unterstützung für RPi4/5 Argon ONE-Gehäusefunktionen, einschließlich des Netzschalters, der Lüftergeschwindigkeit und der Argon IR-Fernbedienung. Einmaliger Neustart erforderlich.</description>
        <description lang="it_IT">Supporto per le funzioni del case RPi4/5 Argon ONE, tra cui il pulsante di accensione, la velocità della ventola e il telecomando IR Argon. È necessario un riavvio una tantum.</description>
        <language></language>
        <platform>linux</platform>
        <license>MIT</license>
        <forum>https://forum.libreelec.tv/thread/27360-rpi4b-argon-one-case-shutdown/?postID=182477#post182477</forum>
        <website>https://github.com/HungerHa/libreelec_addon_argononecontrol/</website>
        <email></email>
        <source>https://github.com/HungerHa/libreelec_addon_argononecontrol/</source>
        <news>v1.1.10 (2025-04-11)
- regression: shutdown does not work properly if the settings.xml file is incomplete or missing

v1.1.9 (2025-04-09)
- compatibility: some early MCU firmware versions could hang off after register support check
- added menu option to disable register support detection for ONE V1/Fan HAT

v1.1.8 (2025-04-05)
- bugfix: prevent that a second reboot is required with LE 10 / 11 after initial add-on installation
- removed orphaned Addon class call to prevent potential memory leak

v1.1.7 (2025-03-25)
- icon changed to reflect the new add-on name (thanks chewitt for providing this)
- add-on description streamlined for repo

v1.1.6 (2025-03-23)
- Addon ID changed to be integrable into the LibreELEC repo
- Copyright information updated
- README updated

v1.1.5 (2025-01-05)
- added search path for system-tools lib (gpiod)

v1.1.4 (2024-12-20)
- added gpiod support
- use gpiod if available, as workaround against the delay on restart/stop of KODI with LE12+
- regression: properly shutdown via power button of remote control possible again

v1.1.3 (2024-11-15)
- prevention of unnecessary I2C messages for updating the fan speed
- localization for Dutch added (thanks to emv-nl)

v1.1.2 (2024-08-18)
- regression: library search path included to late
- restriction of the triggering of lgpio exceptions only during the GPIO initialisation phase
- added option to use double tap for shutdown

v1.1.1 (2024-05-22)
- some typos and translation errors fixed

v1.1.0 (2024-05-21)
- add-on icon changed to follow LE style (thanks chewitt for providing this)
- issue #5: fan art modified to be more generic
- issue #4: localization for Italian added
- localization for German added

v1.0.0 (2024-05-19)
- renumbering to better follow semantic versioning

v0.0.15 (2024-05-19)
- menu structure reorganized
- regression: fan always-on setting and emergency fan (90°) doesn't worked (again)

v0.0.14~beta3 (2024-05-14)
- added fan curve for GPU and PMIC temperature

v0.0.14~beta2 (2024-05-11)
- avoid overwriting the existing rc_maps configuration, just add Argon REMOTE

v0.0.14~beta1 (2024-05-11)
- automatically switch between Celsius/Fahrenheit, depending on regional/temperature setting
- language file refactored
- regression: fan always-on setting and emergency fan (90°) doesn't worked
- switched to official add-on versioning

v0.0.13 (2024-03-21)
- added HDD/SSD/NVMe temperature support

v0.0.12b (2024-03-19)
- migrated to Matrix addon settings format
- support for temperature in Fahrenheit added

v0.0.12a (2024-03-15)
- removed lgpio exceptions setting line, which was preventing v0.0.12 from working at LibreELEC 11

v0.0.12 (2024-03-02)
- switches from gpiozero to pure lgpio if available (workaround for lgpio GPIO busy error message)

v0.0.11d (2024-02-29)
- “Handle power button events” is honored without reboot
- remote control shutdown exception fixed
- fan settings now adjustable in 1 degree steps

v0.0.11c (2024-02-28)
- added debug messages
- freeing of power button detection GPIO pin forced
- code cleanup

v0.0.11b (2024-02-26)
- rolled back: "use the firmware check during power off"

v0.0.11a (2024-02-26)
- forgotten function call removed

v0.0.11 (2024-02-25)
- use the firmware check during power off
- changed to /tmp directory for lgpio workaround due to permission issues with TempDirectory function

v0.0.10 (2024-02-21)
- switched to event based power button detection
- shutdown process refactored
- workaround for remote control shutdown
- switched from lircd to rc_maps for argon remote control

v0.0.9a (2024-02-18)
- fixed typo

v0.0.9 (2024-02-18)
- fixed power button recognition for RPi5 with LE12

v0.0.8 (2024-02-18)
- fixed fan fluctuation with the new firmware
...
        </news>
        <disclaimer>This add-on is a fork of "ArgonForty Device Configuration" version 0.0.1 of Argon40 and is maintained by HarryH. If there are some issues with that, please leave a comment in the LibreELEC forum.</disclaimer>
        <assets>
            <icon>resources/icon.png</icon>
            <fanart>resources/fanart.jpg</fanart>
        </assets>
    </extension>
</addon>
