<?xml version="1.0" encoding="UTF-8"?>
<window>
	<controls>
		<control type="image">
			<left>0</left>
			<top>0</top>
			<width>1920</width>
			<height>1080</height>
			<texture colordiffuse="FF000000">white.png</texture>
			<animation type="WindowOpen" reversible="false">
				<effect type="fade" start="0" end="80" time="120" />
			</animation>
		</control>
		<control type="group">
			<left>290</left>
			<top>80</top>
			<animation type="WindowOpen" reversible="false">
				<effect type="fade" end="100" time="200" />
			</animation>
			<control type="group">
				<control type="image">
					<left>-2</left>
					<top>-2</top>
					<width>1337</width>
					<height>947</height>
					<texture colordiffuse="FFCCCCCC" border="30">circle.png</texture>
				</control>
				<control type="image">
					<width>1333</width>
					<height>943</height>
					<texture colordiffuse="FF1F2020" border="30">circle.png</texture>
				</control>
				<control type="image">
					<left>15</left>
					<top>15</top>
					<width>70</width>
					<height>70</height>
					<align>left</align>
					<aligny>top</aligny>
					<aspectratio aligny="top">keep</aspectratio>
					<texture colordiffuse="FFCCCCCC">special://home/addons/script.module.magneto/resources/magneto_small.png</texture>
				</control>
			</control>
			<control type="image">
				<left>222</left>
				<top>100</top>
				<width max="666">auto</width>
				<height>300</height>
				<align>top</align>
				<aligny>right</aligny>
				<aspectratio>keep</aspectratio>
				<texture diffuse="landscape_w284_h160.png">$INFO[Window.Property(fanart)]</texture>
			</control>
			<control type="image">
				<left>776</left>
				<top>100</top>
				<width max="333">auto</width>
				<height>300</height>
				<align>top</align>
				<aligny>right</aligny>
				<aspectratio>keep</aspectratio>
				<texture diffuse="poster_w217_h320.png">$INFO[Window.Property(poster)]</texture>
			</control>
			<control type="image">
				<left>1010</left>
				<top>420</top>
				<width max="300">auto</width>
				<height>200</height>
				<align>top</align>
				<aligny>right</aligny>
				<aspectratio>keep</aspectratio>
				<texture colordiffuse="$INFO[Window.Property(highlight)]">$INFO[Window.Property(quality_icon)]</texture>
			</control>
			<control type="group">
				<left>30</left>
				<top>420</top>
				<control type="label">
					<width max="1275">auto</width>
					<height>20</height>
					<font>font14</font> <!-- AFFENITY_33 -->
					<textcolor>FFCCCCCC</textcolor>
					<align>left</align>
					<aligny>center</aligny>
					<label>[UPPERCASE][COLOR $INFO[Window.Property(highlight)]][B]Provider: [/B][/COLOR]$INFO[Window.Property(provider)][/UPPERCASE]</label>
				</control>
				<control type="label">
					<top>50</top>
					<width max="1275">auto</width>
					<height>20</height>
					<font>font14</font> <!-- AFFENITY_33 -->
					<textcolor>FFCCCCCC</textcolor>
					<align>left</align>
					<aligny>center</aligny>
					<label>[UPPERCASE][COLOR $INFO[Window.Property(highlight)]][B]Type: [/B][/COLOR]$INFO[Window.Property(source_type)][/UPPERCASE]</label>
				</control>
				<control type="label">
					<top>100</top>
					<width max="1275">auto</width>
					<height>20</height>
					<font>font14</font> <!-- AFFENITY_33 -->
					<textcolor>FFCCCCCC</textcolor>
					<align>left</align>
					<aligny>center</aligny>
					<label>[UPPERCASE][COLOR $INFO[Window.Property(highlight)]][B]Site: [/B][/COLOR]$INFO[Window.Property(source_site)][/UPPERCASE]</label>
				</control>
				<control type="label">
					<top>150</top>
					<width max="1275">auto</width>
					<height>20</height>
					<font>font14</font> <!-- AFFENITY_33 -->
					<textcolor>FFCCCCCC</textcolor>
					<align>left</align>
					<aligny>center</aligny>
					<label>[UPPERCASE][COLOR $INFO[Window.Property(highlight)]][B]Quality: [/B][/COLOR]$INFO[Window.Property(quality)][/UPPERCASE]</label>
				</control>
				<control type="label">
					<top>200</top>
					<width max="1275">auto</width>
					<height>20</height>
					<font>font14</font> <!-- AFFENITY_33 -->
					<textcolor>FFCCCCCC</textcolor>
					<align>left</align>
					<aligny>center</aligny>
					<label>[UPPERCASE][COLOR $INFO[Window.Property(highlight)]][B]Size: [/B][/COLOR]$INFO[Window.Property(size_label)][/UPPERCASE]</label>
				</control>
				<control type="label">
					<top>250</top>
					<width max="1275">auto</width>
					<height>20</height>
					<font>font14</font> <!-- AFFENITY_33 -->
					<textcolor>FFCCCCCC</textcolor>
					<align>left</align>
					<aligny>center</aligny>
					<label>[UPPERCASE][COLOR $INFO[Window.Property(highlight)]][B]Hash: [/B][/COLOR]$INFO[Window.Property(hash)][/UPPERCASE]</label>
				</control>
				<control type="label">
					<top>300</top>
					<width max="1275">auto</width>
					<height>20</height>
					<font>font14</font> <!-- AFFENITY_33 -->
					<textcolor>FFCCCCCC</textcolor>
					<align>left</align>
					<aligny>center</aligny>
					<label>[UPPERCASE][COLOR $INFO[Window.Property(highlight)]][B]Info: [/B][/COLOR]$INFO[Window.Property(extraInfo)][/UPPERCASE]</label>
				</control>
				<control type="textbox">
					<top>340</top>
					<left>0</left>
					<width max="1275">auto</width>
					<height>140</height>
					<font>font14</font> <!-- AFFENITY_33 -->
					<textcolor>FFCCCCCC</textcolor>
					<align>left</align>
					<aligny>top</aligny>
					<label>[UPPERCASE][COLOR $INFO[Window.Property(highlight)]][B]Title: [/B][/COLOR]$INFO[Window.Property(name)][/UPPERCASE]</label>
				</control>
			</control>
		</control>
	</controls>
</window>
