<?xml version="1.0" encoding="UTF-8" standalone="yes"?>
<addons>

<addon id="repository.5star" name="Repository for 5Star Kodi addons" version="6.1.0" provider-name="Luis Rodrigues">
    <extension point="xbmc.addon.repository" name="Repository for 5Star Kodi addons">
        <info compressed="false">https://raw.githubusercontent.com/5-star/repository.5star/master/addons/addons.xml</info>
        <checksum>https://raw.githubusercontent.com/5-star/repository.5star/master/addons/addons.xml.md5</checksum>
		<datadir zip="true">https://github.com/5-star/repository.5star/raw/master/zips/</datadir>
    </extension> 
    <extension point="xbmc.addon.metadata">
        <summary>Repository for 5Star Kodi addons</summary>
        <description>Repository for 5Star Kodi addons</description>
        <platform>all</platform>
		<assets>
			<icon>icon.png</icon>
		</assets>
    </extension>
</addon>

<addon id="plugin.video.last_played" name="Last Played" version="6.1.0" provider-name="Luis Rodrigues">
	<extension point="xbmc.python.pluginsource" library="addon.py">
		<provides>video</provides>
	</extension>
	<extension point="xbmc.service" library="default.py" />
	<extension point="xbmc.addon.metadata">
		<summary lang="en_GB">Last Played</summary>
		<summary lang="en_US">Last Played</summary>
		<summary lang="en_AU">Last Played</summary>
		<summary lang="en_NZ">Last Played</summary>
		<summary lang="pt_PT">Ultimos Vistos</summary>
		<summary lang="pt_BR">Ultimos Vistos</summary>
		<summary lang="sk_sk">Last Played (naposledy videné)</summary>
		<description lang="en_GB">List of the last movies, episodes and music played, including streaming sources from any addon</description>
		<description lang="en_US">List of the last movies, episodes and music played, including streaming sources from any addon</description>
		<description lang="en_AU">List of the last movies, episodes and music played, including streaming sources from any addon</description>
		<description lang="en_NZ">List of the last movies, episodes and music played, including streaming sources from any addon</description>
		<description lang="pt_PT">Ultimos filmes, episodios e musicas tocadas, incluindo fontes de streaming de qualquer addon</description>
		<description lang="pt_BR">Ultimos filmes, episodios e musicas tocadas, incluindo fontes de streaming de qualquer addon</description>
		<description lang="sk_SK">Naposledy prehrávané filmy, seriály a hudba, vrátane streamov z ľubovoľného doplnku</description>
		<disclaimer lang="en_GB"></disclaimer>
		<platform>all</platform>
		<license>GNU GENERAL PUBLIC LICENSE Version 3, 29 June 2007</license>
		<source>https://github.com/5-star/plugin.video.last_played</source>
		<assets>
			<icon>icon.png</icon>
		</assets>
	</extension>
</addon>

<addon id="plugin.video.starmovies.org" name="Star Movies" version="6.1.0" provider-name="Luis Rodrigues">
	<extension point="xbmc.python.pluginsource" library="addon.py">
		<provides>video</provides>
	</extension>
	<extension point="kodi.context.item">
		<menu id="kodi.core.main">
			<item library="context.py">
				<label>30010</label>
				<visible>StringCompare(Container.Content,movies) | StringCompare(Container.Content,tvshows)</visible>
			</item>
		</menu>
	</extension>
	<extension point="xbmc.service" library="service.py" />
	<extension point="xbmc.addon.metadata">
		<summary lang="en_GB">Star Movies</summary>
		<summary lang="en_US">Star Movies</summary>
		<summary lang="en_AU">Star Movies</summary>
		<summary lang="en_NZ">Star Movies</summary>
		<description lang="en_GB">A Kodi Addon to display and manage Starmovies.org lists and ratings</description>
		<description lang="en_US">A Kodi Addon to display and manage Starmovies.org lists and ratings</description>
		<description lang="en_AU">A Kodi Addon to display and manage Starmovies.org lists and ratings</description>
		<description lang="en_NZ">A Kodi Addon to display and manage Starmovies.org lists and ratings</description>
		<disclaimer lang="en_GB"></disclaimer>
		<platform>all</platform>
		<license>GNU GENERAL PUBLIC LICENSE Version 3, 29 June 2007</license>
		<source>https://github.com/5-star/plugin.video.starmovies.org</source>
		<assets>
			<icon>icon.png</icon>
		</assets>
	</extension>
</addon>

<addon id="context.clean_remove" name="Clean Remove" version="6.1.0" provider-name="Luis Rodrigues">
	<extension point="kodi.context.item">
		<menu id="kodi.core.main">
			<item library="addon.py">
				<label>30001</label>
				<visible>String.IsEqual(ListItem.dbtype,movie) | String.IsEqual(ListItem.dbtype,episode) | String.IsEqual(ListItem.dbtype,musicvideo) | String.IsEqual(Container.Content,files)</visible>
			</item>
		</menu>
	</extension>
	<extension point="xbmc.addon.metadata">
		<summary lang="en_GB">Clean Remove</summary>
		<summary lang="en_US">Clean Remove</summary>
		<summary lang="en_AU">Clean Remove</summary>
		<summary lang="en_NZ">Clean Remove</summary>
		<description lang="en_GB">Removes item from library and disk, together with fanart and subtitles. No more orphan files left behind after Remove from library</description>
		<description lang="en_US">Removes item from library and disk, together with fanart and subtitles. No more orphan files left behind after Remove from library</description>
		<description lang="en_NZ">Removes item from library and disk, together with fanart and subtitles. No more orphan files left behind after Remove from library</description>
		<description lang="en_AU">Removes item from library and disk, together with fanart and subtitles. No more orphan files left behind after Remove from library</description>
		<disclaimer lang="en_GB"></disclaimer>
		<language></language>
		<platform>all</platform>
		<license>GNU GENERAL PUBLIC LICENSE Version 3, 29 June 2007</license>
		<forum></forum>
		<website></website>
		<email></email>
		<source>https://github.com/5-star/context.clean_remove</source>
		<assets>
			<icon>icon.png</icon>
		</assets>
	</extension>
</addon>

<addon id="service.autoSRT" name="AutoSRT (Unofficial)" version="6.1.0" provider-name="schumi2004,Mafarricos,rodrigl">
	<extension point="xbmc.service" library="default.py" start="login" />
	<extension point="xbmc.python.script" library="default.py">
		<provides>executable</provides>
	</extension>
	<extension point="xbmc.addon.metadata">
		<summary lang="en_GB">Search for Subtitles on Play if missing</summary>
		<summary lang="en_US">Search for Subtitles on Play if missing</summary>
		<summary lang="en_AU">Search for Subtitles on Play if missing</summary>
		<summary lang="en_NZ">Search for Subtitles on Play if missing</summary>
		<description lang="en_GB">Auto Search for Subtitles on Playback start if no SRT file is found.[CR][CR]Icon credits goes to zNET Computer Solutions http://www.znet</description>
		<description lang="en_US">Auto Search for Subtitles on Playback start if no SRT file is found.[CR][CR]Icon credits goes to zNET Computer Solutions http://www.znetcs.pl</description>
		<description lang="en_AU">Auto Search for Subtitles on Playback start if no SRT file is found.[CR][CR]Icon credits goes to zNET Computer Solutions http://www.znetcs.pl</description>
		<description lang="en_NZ">Auto Search for Subtitles on Playback start if no SRT file is found.[CR][CR]Icon credits goes to zNET Computer Solutions http://www.znetcs.pl</description>
		<summary lang="pt_PT">Pesquisa Automática por legendas no Play se não existir SRT</summary>
		<summary lang="pt_BR">Pesquisa Automática por legendas no Play se não existir SRT</summary>
		<description lang="pt_PT">Pesquisa Automática por legendas na reprodução se não existir um ficheiro SRT de legendas.</description>
		<description lang="pt_BR">Pesquisa Automática por legendas na reprodução se não existir um ficheiro SRT de legendas.</description>	
		<platform>all</platform>
		<language>en</language>
		<assets>
			<icon>icon.png</icon>
		</assets>
	</extension>
</addon>

</addons>
