<addon id="plugin.video.easyflix"
       name="[COLORred]EasyFlix[/COLOR]"
       version="1.3.0"
       provider-name="">
    <requires>
        <import addon="xbmc.python" version="3.0.0"/>
		<import addon="script.module.resolveurl"/>
		<import addon="script.module.requests" />
    </requires>
	 <extension point="xbmc.python.pluginsource" library="default.py">
    <provides>video</provides>
  </extension>
  <extension point="xbmc.addon.metadata">
    <summary lang="en"></summary>
	<description lang="en_GB">A Simple, One-Click, Lightweight, Playlist Addon. No Streams Are Stored Locally-All Are Available Freely On The Internet</description>
    <platform>all</platform>
    <language>en</language>
    <license>GPL-2.0-or-later</license>
	<assets>
		<icon>icon.png</icon>
		<fanart>fanart.jpg</fanart>
  </assets>
  </extension>
</addon>
