<?xml version="1.0" encoding="UTF-8" standalone="yes"?>
<addon id="plugin.video.whitelodge" name="Whitelodge" provider-name="one_eyed_jack" version="1.06.02">
    <requires>
        <import addon="resource.images.whitelodge.artwork" />
        <import addon="script.module.requests" />
        <import addon="script.module.simplejson" />
        <import addon="script.module.six" />
        <import addon="script.module.kodi-six" />
    </requires>
    <extension library="whitelodge.py" point="xbmc.python.pluginsource">
        <provides>video</provides>
    </extension>
    <extension library="service.py" point="xbmc.service" start="startup" />
    <extension point="xbmc.addon.metadata">
        <reuselanguageinvoker>true</reuselanguageinvoker>
        <summary lang="en_GB">Whitelodge</summary>
        <description lang="en_GB">Fetches official stream urls/ids from various streaming services, and sends them to their equivalent Kodi add-on for playback.[CR]NOTE: This add-on uses free and legal resources for it's purposes. User has to have installed and configured (with linked active account where required) the supported services' equivalent add-ons in order to achieve playback.</description>
        <platform>all</platform>
        <license>GNU GENERAL PUBLIC LICENSE. Version 3, 29 June 2007</license>
        <forum />
        <website />
        <source />
        <disclaimer lang="en_GB">This project uses the TMDb, JustWatch, Trakt, Fanart.tv APIs, but is not affiliated nor endorsed by any of their respective ogranisations.[CR]Please support these ogranisations however you can.</disclaimer>
        <assets>
            <icon>resources/images/icon.png</icon>
            <fanart>resources/images/fanart.jpg</fanart>
            <screenshot>resources/images/screenshot-01.png</screenshot>
            <screenshot>resources/images/screenshot-02.png</screenshot>
            <screenshot>resources/images/screenshot-03.png</screenshot>
        </assets>
        <news>
- See Changelog on Tools menu
        </news>
    </extension>
</addon>