<?xml version="1.0" encoding="UTF-8"?>
<window>
	<defaultcontrol>3</defaultcontrol>
	
	<include>dialogeffect</include>
	<controls>
		<control type="group">
			<include>BehindDialogBlackBackground</include>
		</control>
		<control type="group">
			<include content="DialogBackgroundCommonsNoBackgroundFS">
				<param name="DialogHeaderWidth" value="1920" />
				<param name="DialogHeaderLabelWidth" value="1830" />
				<param name="DialogHeaderLabel" value="35058" />
				<param name="DialogHeaderId" value="2" />
			</include>
		</control>
		<include condition="Window.IsVisible(GameControllers)">DialogGameControllers</include>
		<include condition="Window.IsVisible(GamePorts)">DialogGameControllersPorts</include>
	</controls>
</window>
