<?xml version="1.0" encoding="UTF-8"?>
<window>
	<defaultcontrol always="true">100</defaultcontrol>
	<onload condition="!MusicPlayer.Content(LiveTV) + Player.PauseEnabled">SetFocus(602)</onload>
	<onload condition="!MusicPlayer.Content(LiveTV) + !Player.PauseEnabled">SetFocus(603)</onload>
	<onload condition="MusicPlayer.Content(LiveTV)">SetFocus(300)</onload>
	
	<include>dialogeffectSlower</include>
	
	<depth>DepthOSD</depth>
	
	<controls>
		<control type="group">
			
			<visible>!Window.IsVisible(SliderDialog)</visible>
			
			<animation effect="fade" end="100" time="700">Visible</animation>
			<animation effect="fade" end="0" time="350">Hidden</animation>
			
			
			<control type="image" id="4010">
				<description>Seekbar focus border for mouse</description>
				<left>237</left>
				<top>168r</top>
				<width>1446</width>
				<height>25</height>
				<texture border="14" colordiffuse="$VAR[accentColorDiffuseForNeutralTextures]">_added_img/focus_border_2px-rounded-12px-neutral.png</texture>
				<visible>Control.HasFocus(87) + System.GetBool(input.enablemouse) + ![Window.IsVisible(SliderDialog) | VideoPlayer.Content(LiveTV)] + [Window.IsActive(VideoOSD) | Window.IsActive(MusicOSD)]</visible>
			</control>
			
			
			<control type="slider" id="87">
				<depth>DepthOSD+</depth>
				<description>Seek Slider</description>
				<left>248</left>
				<top>170r</top>
				<width>1424</width>
				<height>32</height>
				<action>seek</action>
				<texturesliderbar></texturesliderbar>
				<textureslidernib></textureslidernib>
				<textureslidernibfocus></textureslidernibfocus>
				
				<visible>System.GetBool(input.enablemouse) + ![Window.IsVisible(SliderDialog) | MusicPlayer.Content(LiveTV)]</visible>
			</control>
			
			<!-- OSD BUTTONS from left -->
			<control type="grouplist" id="100">
				<left>239</left>
				<top>117r</top>
				<orientation>horizontal</orientation>
				<itemgap>0</itemgap>
				
				<visible>!Window.IsVisible(SliderDialog)</visible>
				
				<control type="button" id="300">
					<width>81</width>
					<height>81</height>
					<label>210</label>
					<font></font>
					<texturefocus>osd/buttons/OSDChannelUPFO.png</texturefocus>
					<texturenofocus>osd/buttons/OSDChannelUPNF.png</texturenofocus>
					<onclick>ChannelUp</onclick>
					<!-- PlayerControl(Previous) -->
					<visible>MusicPlayer.Content(LiveTV)</visible>
				</control>
				<control type="button" id="301">
					<width>81</width>
					<height>81</height>
					<label>209</label>
					<font></font>
					<texturefocus>osd/buttons/OSDChannelDownFO.png</texturefocus>
					<texturenofocus>osd/buttons/OSDChannelDownNF.png</texturenofocus>
					<onclick>ChannelDown</onclick>
					<!-- PlayerControl(Next) -->
					<visible>MusicPlayer.Content(LiveTV)</visible>
				</control>
				<control type="button" id="600">
					<width>81</width>
					<height>81</height>
					<label>210</label>
					<font></font>
					<texturefocus>osd/buttons/OSDPrevTrackFO.png</texturefocus>
					<texturenofocus>osd/buttons/OSDPrevTrackNF.png</texturenofocus>
					<onclick>PlayerControl(Previous)</onclick>
					<visible>!MusicPlayer.Content(LiveTV)</visible>
				</control>
				<control type="button" id="601">
					<width>81</width>
					<height>81</height>
					<label>31354</label>
					<font></font>
					<texturefocus>osd/buttons/OSDRewindFO.png</texturefocus>
					<texturenofocus>osd/buttons/OSDRewindNF.png</texturenofocus>
					<onclick>PlayerControl(Rewind)</onclick>
					<visible>Player.SeekEnabled + Skin.HasSetting(DisableFullScreenOsdButtonSimplicity)</visible>
				</control>
				<control type="togglebutton" id="602">
					<width>81</width>
					<height>81</height>
					<label>31351</label>
					<altlabel>208</altlabel>
					<font></font>
					<texturefocus>osd/buttons/OSDPauseFO.png</texturefocus>
					<texturenofocus>osd/buttons/OSDPauseNF.png</texturenofocus>
					<usealttexture>Player.Paused | Player.Forwarding | Player.Rewinding</usealttexture>
					<alttexturefocus>osd/buttons/OSDPlayFO.png</alttexturefocus>
					<alttexturenofocus>osd/buttons/OSDPlayNF.png</alttexturenofocus>
					
					<onup condition="Player.Playing">PlayerControl(TempoUp)</onup>
					<ondown condition="Player.Playing">PlayerControl(TempoDown)</ondown>
					
					<onclick>PlayerControl(Play)</onclick>
					<visible>Player.PauseEnabled</visible>
				</control>
				<control type="button" id="603">
					<width>81</width>
					<height>81</height>
					<label>31352</label>
					<font></font>
					<texturefocus>osd/buttons/OSDStopFO.png</texturefocus>
					<texturenofocus>osd/buttons/OSDStopNF.png</texturenofocus>
					<onclick>PlayerControl(Stop)</onclick>
				</control>
				<control type="button" id="604">
					<width>81</width>
					<height>81</height>
					<label>31353</label>
					<font></font>
					<texturefocus>osd/buttons/OSDForwardFO.png</texturefocus>
					<texturenofocus>osd/buttons/OSDForwardNF.png</texturenofocus>
					<onclick>PlayerControl(Forward)</onclick>
					<visible>Player.SeekEnabled + Skin.HasSetting(DisableFullScreenOsdButtonSimplicity)</visible>
				</control>
				<control type="button" id="605">
					<width>81</width>
					<height>81</height>
					<label>209</label>
					<font></font>
					<texturefocus>osd/buttons/OSDNextTrackFO.png</texturefocus>
					<texturenofocus>osd/buttons/OSDNextTrackNF.png</texturenofocus>
					<onclick>PlayerControl(Next)</onclick>
					<visible>!MusicPlayer.Content(LiveTV)</visible>
				</control>
				
				
				
				<control type="image" id="2003">
					<width>24</width>
					<texture></texture>
					<visible>MusicPlayer.Content(LiveTV)</visible>
				</control>
				
				
				
				<control type="button" id="306">
					<width>81</width>
					<height>81</height>
					<label>19019</label>
					<font></font>
					<texturefocus>osd/buttons/OSDChannelListFO.png</texturefocus>
					<texturenofocus>osd/buttons/OSDChannelListNF.png</texturenofocus>
					<onclick>Dialog.Close(MusicOSD)</onclick>
					<onclick>ActivateWindow(PVROSDChannels)</onclick>
					<visible>MusicPlayer.Content(LiveTV)</visible>
				</control>
				<control type="button" id="307">
					<width>81</width>
					<height>81</height>
					<label>$LOCALIZE[19029]$INFO[MusicPlayer.ChannelName, – ]</label>
					<font></font>
					<texturefocus>osd/buttons/OSDepgFO.png</texturefocus>
					<texturenofocus>osd/buttons/OSDepgNF.png</texturenofocus>
					<onclick>Dialog.Close(MusicOSD)</onclick>
					<onclick>ActivateWindow(PVRChannelGuide)</onclick>
					<visible>MusicPlayer.Content(LiveTV) + ![RDS.HasRadiotextPlus + !VideoPlayer.HasEpg]</visible>
				</control>
				<control type="button" id="308">
					<width>81</width>
					<height>81</height>
					<label>209</label>
					<font></font>
					<texturefocus>osd/buttons/OSDRadioRDSFO.png</texturefocus>
					<texturenofocus>osd/buttons/OSDRadioRDSNF.png</texturenofocus>
					<onclick>Dialog.Close(MusicOSD)</onclick>
					<onclick>ActivateWindow(PVRRadioRDSInfo)</onclick>
					<visible>MusicPlayer.Content(LiveTV) + [RDS.HasRadiotextPlus + !VideoPlayer.HasEpg]</visible>
				</control>
				<control type="group" id="699">
					<width>81</width>
					<height>81</height>
					<visible>!MusicPlayer.Content(LiveTV)</visible>
					<control type="button" id="606">
						<left>0</left>
						<top>0</top>
						<width>81</width>
						<height>81</height>
						<label>$LOCALIZE[486]$INFO[Playlist.Repeat, : ]</label>
						<font></font>
						<texturefocus></texturefocus>
						<texturenofocus></texturenofocus>
						<onleft>605</onleft>
						<onright>607</onright>
						<onclick>PlayerControl(Repeat)</onclick>
					</control>
					<control type="image">
						<left>0</left>
						<top>0</top>
						<width>81</width>
						<height>81</height>
						<texture>osd/buttons/OSDRepeatNF.png</texture>
						<visible>!Playlist.IsRepeat + !Playlist.IsRepeatOne</visible>
						<visible>!Control.HasFocus(606)</visible>
					</control>
					<control type="image">
						<left>0</left>
						<top>0</top>
						<width>81</width>
						<height>81</height>
						<texture>osd/buttons/OSDRepeatFO.png</texture>
						<visible>!Playlist.IsRepeat + !Playlist.IsRepeatOne</visible>
						<visible>Control.HasFocus(606)</visible>
					</control>
					<control type="image">
						<left>0</left>
						<top>0</top>
						<width>81</width>
						<height>81</height>
						<texture>osd/buttons/OSDRepeatOneNF.png</texture>
						<visible>Playlist.IsRepeatOne</visible>
						<visible>!Control.HasFocus(606)</visible>
					</control>
					<control type="image">
						<left>0</left>
						<top>0</top>
						<width>81</width>
						<height>81</height>
						<texture>osd/buttons/OSDRepeatOneFO.png</texture>
						<visible>Playlist.IsRepeatOne</visible>
						<visible>Control.HasFocus(606)</visible>
					</control>
					<control type="image">
						<left>0</left>
						<top>0</top>
						<width>81</width>
						<height>81</height>
						<texture>osd/buttons/OSDRepeatAllNF.png</texture>
						<visible>Playlist.IsRepeat</visible>
						<visible>!Control.HasFocus(606)</visible>
					</control>
					<control type="image">
						<left>0</left>
						<top>0</top>
						<width>81</width>
						<height>81</height>
						<texture>osd/buttons/OSDRepeatAllFO.png</texture>
						<visible>Playlist.IsRepeat</visible>
						<visible>Control.HasFocus(606)</visible>
					</control>
				</control>
				<control type="togglebutton" id="607">
					<width>81</width>
					<height>81</height>
					<label>$LOCALIZE[590]$INFO[Playlist.Random, : ]</label>
					<font></font>
					<texturefocus>osd/buttons/OSDRandomOffFO.png</texturefocus>
					<texturenofocus>osd/buttons/OSDRandomOffNF.png</texturenofocus>
					<usealttexture>Playlist.IsRandom</usealttexture>
					<alttexturefocus>osd/buttons/OSDRandomOnFO.png</alttexturefocus>
					<alttexturenofocus>osd/buttons/OSDRandomOnNF.png</alttexturenofocus>
					<visible>!MusicPlayer.Content(LiveTV)</visible>
					<onclick>PlayerControl(Random)</onclick>
				</control>
				
				
				
				<!-- ADD 54px IF NOT PauseEnabled -->
				<control type="image" id="1998">
					<width>81</width>
					<texture></texture>
					<visible>!Player.PauseEnabled</visible>
				</control>
				
				<!-- ADD 54px IF LiveTV (Playlist Icon Hidden) -->
				<control type="image" id="1999">
					<width>81</width>
					<texture></texture>
					<visible>MusicPlayer.Content(LiveTV)</visible>
				</control>
				
				
				<control type="button" id="901">
					<width>81</width>
					<height>81</height>
					<label>dummy space</label>
					<font></font>
					<texturefocus></texturefocus>
					<texturenofocus></texturenofocus>
					<visible>![Player.SeekEnabled + Skin.HasSetting(DisableFullScreenOsdButtonSimplicity)]</visible>
					<enable>false</enable>
				</control>
				<control type="button" id="902">
					<width>81</width>
					<height>81</height>
					<label>dummy space</label>
					<font></font>
					<texturefocus></texturefocus>
					<texturenofocus></texturenofocus>
					<visible>![Player.SeekEnabled + Skin.HasSetting(DisableFullScreenOsdButtonSimplicity)]</visible>
					<enable>false</enable>
				</control>
				
				
				
				<control type="image" id="2300">
					<width>270</width>
					<texture></texture>
				</control>
				
				
				
				<control type="image" id="2500">
					<width>57</width>
					<texture></texture>
					<visible>MusicPlayer.Content(LiveTV)</visible>
				</control>
				<control type="image" id="2600">
					<width>81</width>
					<texture></texture>
					<visible>!PVR.CanRecordPlayingChannel</visible>
				</control>
				
				<control type="image" id="23030">
					<width>119</width>
					<texture></texture>
					<!-- new osd -->
				</control>
				
				<control type="button" id="705">
					<width>81</width>
					<height>81</height>
					<label>15047</label>
					<font></font>
					<texturefocus>osd/buttons/OSDRateFO.png</texturefocus>
					<texturenofocus>osd/buttons/OSDRateNF.png</texturenofocus>
					<onclick>setrating</onclick>
					<enable>!MusicPlayer.Content(LiveTV) + !Pvr.IsPlayingRecording</enable>
					<animation effect="fade" start="100" end="0" time="0" condition="![!MusicPlayer.Content(LiveTV) + !Pvr.IsPlayingRecording]">Conditional</animation>
				</control>
				<control type="button" id="500">
					<width>81</width>
					<height>81</height>
					<label>12006</label>
					<font></font>
					<texturefocus>osd/buttons/OSDVizFO.png</texturefocus>
					<texturenofocus>osd/buttons/OSDVizNF.png</texturenofocus>
					<onup>403</onup>
				</control>
				<control type="togglebutton" id="701">
					<width>81</width>
					<height>81</height>
					<label>31128</label>
					<font></font>
					<texturefocus>osd/buttons/OSDLyricsFO.png</texturefocus>
					<texturenofocus>osd/buttons/OSDLyricsNF.png</texturenofocus>
					<alttexturefocus>osd/buttons/OSDLyricsFO.png</alttexturefocus>
					<alttexturenofocus>osd/buttons/OSDLyricsNF.png</alttexturenofocus>
					<!--<onclick>Close</onclick>-->
					<onclick>RunScript($INFO[Skin.String(LyricScript_Path)])</onclick>
					<altclick>Skin.SetAddon(LyricScript_Path,xbmc.python.lyrics)</altclick>
					<!--<altclick>Close</altclick>-->
					<altclick>RunScript($INFO[Skin.String(LyricScript_Path)])</altclick>
					<usealttexture>String.IsEmpty(Skin.String(LyricScript_Path))</usealttexture>
					<visible>!MusicPlayer.Content(LiveTV)</visible>
				</control>
				<control type="button" id="700">
					<width>81</width>
					<height>81</height>
					<label>PLAYLIST</label>
					<font></font>
					<texturefocus>osd/buttons/OSDplaylistFO.png</texturefocus>
					<texturenofocus>osd/buttons/OSDplaylistNF.png</texturenofocus>
					
					<onclick>Dialog.Close(all,true)</onclick>
					<onclick>ActivateWindow(MusicPlaylist)</onclick>
					
					<visible>!MusicPlayer.Content(LiveTV)</visible>
					
				</control>
				
				<control type="togglebutton" id="704">
					<width>81</width>
					<height>81</height>
					<label>264</label>
					<font></font>
					<texturefocus>osd/buttons/OSDRecordOffFO.png</texturefocus>
					<texturenofocus>osd/buttons/OSDRecordOffNF.png</texturenofocus>
					
					<!-- PVR.IsRecordingPlayingChannel alttexture test -->
					<usealttexture>PVR.IsRecordingPlayingChannel</usealttexture>
					<alttexturefocus>osd/buttons/OSDRecordOnFO.png</alttexturefocus>
					<alttexturenofocus>osd/buttons/OSDRecordOnNF.png</alttexturenofocus>
					
					<onclick>PVR.ToggleRecordPlayingChannel</onclick>
					<visible>PVR.CanRecordPlayingChannel</visible>
				</control>
			</control>
		</control>
		
		
		
		<!-- VIS SUBMENU -->
		<control type="button" id="410">
			<description>Fake button for mouse control</description>
			<right>250</right>
			<bottom>108</bottom>
			<width>384</width>
			<height>375</height>
			<label></label>
			<font></font>
			<texturenofocus></texturenofocus>
			<texturefocus></texturefocus>
			
			<animation effect="slide" start="0,0" end="81,0" time="0" condition="MusicPlayer.Content(LiveTV)">Conditional</animation>
			
			<visible>Control.HasFocus(410) | Control.HasFocus(500) | ControlGroup(400).HasFocus | Control.HasFocus(401) | Control.HasFocus(402) | Control.HasFocus(403)</visible>
		</control>
		<control type="grouplist" id="400">
			<depth>DepthOSD+</depth>
			<visible>!Window.IsVisible(SliderDialog)</visible>
			
			<animation effect="slide" start="0,0" end="81,0" time="0" condition="MusicPlayer.Content(LiveTV)">Conditional</animation>
			
			<!-- added -->
			<!-- MOVE 32px LEFT IF VA-DRC TOGGLE VISIBLE -->
			<animation effect="slide" start="0,0" end="-53,0" time="0" condition="!VideoPlayer.Content(LiveTV) + false">Conditional</animation>
			
			<right>250</right>
			<bottom>6</bottom>
			<width>384</width>
			<height>390</height>
			<itemgap>0</itemgap>
			<onleft>500</onleft>
			<onright>500</onright>
			<onup>500</onup>
			<ondown>500</ondown>
			<orientation>vertical</orientation>
			<visible>Control.HasFocus(410) | Control.HasFocus(500) | ControlGroup(400).HasFocus | Control.HasFocus(401) | Control.HasFocus(402) | Control.HasFocus(403)</visible>
			<!--<include>VisibleFadeEffect</include>-->
			<include>VisibleFadeEffectFullscreenOSDSubMenu</include>
			<control type="group">
				<description>Header</description>
				<width>384</width>
				<height>60</height>
				<control type="image">
					<description>Header</description>
					<left>0</left>
					<top>0</top>
					<width>384</width>
					<height>60</height>
					<texture border="30,30,30,0">SubMenuBack-Header.png</texture>
				</control>
				<control type="label">
					<left>45</left>
					<top>27</top>
					<width>294</width>
					<height>24</height>
					<font>Light18</font>
					<label>250</label>
					<textcolor>blue</textcolor>
					<align>center</align>
					<aligny>center</aligny>
				</control>
			</control>
			<control type="button" id="401">
				<description>Visualisation Choose Button</description>
				<height>60</height>
				<width>384</width>
				<font>Regular20</font>
				<label>$LOCALIZE[22080]$INFO[Visualisation.Name,: ,]</label>
				<textoffsetx>45</textoffsetx>
				<aligny>top</aligny><textoffsety>9</textoffsety>
				
				<texturenofocus border="30">SubMenuBack-MiddleNF.png</texturenofocus>
				<texturefocus border="30">SubMenuBack-MiddleFO.png</texturefocus>
				
				<onclick>SendClick(500)</onclick>
			</control>
			<control type="button" id="402">
				<description>Visualisation Settings Button</description>
				<height>60</height>
				<width>384</width>
				<font>Regular20</font>
				<label>$LOCALIZE[21417]</label>
				<textoffsetx>45</textoffsetx>
				<aligny>top</aligny><textoffsety>9</textoffsety>
				
				<texturenofocus border="30">SubMenuBack-MiddleNF.png</texturenofocus>
				<texturefocus border="30">SubMenuBack-MiddleFO.png</texturefocus>
				
				<onclick>Addon.Default.OpenSettings(xbmc.player.musicviz)</onclick>
				<enable>!String.IsEmpty(Visualisation.Name)</enable>
				
			</control>
			<control type="button" id="403">
				<description>Visualisation Presets Button</description>
				<height>60</height>
				<width>384</width>
				<font>Regular20</font>
				<label>$LOCALIZE[13388]</label>
				<textoffsetx>45</textoffsetx>
				<aligny>top</aligny><textoffsety>9</textoffsety>
				
				<texturenofocus border="30">SubMenuBack-MiddleNF.png</texturenofocus>
				<texturefocus border="30">SubMenuBack-MiddleFO.png</texturefocus>
				
				<onclick>ActivateWindow(visualisationpresetlist)</onclick>
				<enable>!String.IsEmpty(Visualisation.Name) + Visualisation.HasPresets</enable>
				
			</control>
			<control type="image" id="440">
				<description>Footer</description>
				<width>384</width>
				<height>30</height>
				<texture flipy="true" border="30,0,30,30">SubMenuBack-Header.png</texture>
			</control>
		</control>
		
		
		
		<control type="image">
			<left>0</left>
			<top>0</top>
			<width>1920</width>
			<height>1080</height>
			<texture>colors/black_70.png</texture>
			<visible>Window.IsVisible(SelectDialog) | Window.IsVisible(OSDVideoSettings) | Window.IsVisible(OSDAudioSettings)</visible>
		</control>
		
		
	</controls>
</window>
