{
	"Durchstoebern": "Browse TuneIn",
	"Meine Favoriten": "Mine favoritter",
	"Meine Stationen": "Mine stationer",
	"Suche": "Søg",
	"Suche Station / Titel": "Søg station/titel",
	"Suche nach": "Søg for",
	"Keine Suchergebnisse zu": "Ingen resultat for",
	"Fehler": "Fejl",
	"neues Update vorhanden": "Ny opdatering klar",
	"jetzt installieren": "Installer nu",
	"Update abbrechen": "Afbryd opdatering",
	"weiter im aktuellen Plugin": "Fortsæt med nuværende plugin",
	"ist die neueste Version": "er den seneste version",
	"Suche nach neuen Updates starten": "Start søgning efter nye opdateringer",
	"Bezugsquelle": "Kilde",
	"Github ist nicht errreichbar": "Github er ikke tilgængelig",
	"Bitte die Update-Anzeige abschalten": "Venligst fravælg plugin notifikation",
	"Username ueberpruefen": "Venligst kontroller bruger navn",
	"keinen Stream gefunden zu": "Ingen stream fundet for",
	"nicht gefunden": "ikke fundet",
	"Mehr...": "Mere...",
	"neuer Versuch": "Forsøg igen",	
	"neues Update beim Start des Plugins anzeigen": "Kig efter opdateringer under startup",
	"Sprache Plugin": "Tilgængelige sprog",
	"maximale Anzahl Objekte pro Seite": "Maksimum antal visninger pr. side",
	"Aufnehmen mit Streamripper": "Optagelser af Streamripper",
	"kompletter Pfad zum Programm Streamripper": "komplet sti til programmet Streamripper",
	"kompletter Pfad zum Download-Verzeichnis": "komplet sti til download bibliotek",
	"Laufende Aufnahmen": "Igangværende optagelser",
	"Download-Verzeichnis": "Download bibliotek",
	"Aufnahme": "Optager",
	"beenden": "stop",
	"beendet": "afsluttet",
	"starten": "start",
	"gestartet": "startet",
	"fehlgeschlagen": "fejlet",
	"keine laufende Aufnahme gefunden": "ingen igangværende optagelser fundet",
	"Ursache unbekannt": "ukendt årsag",
	"Favoriten hinzufuegen/entfernen": "Fortrunkne tilføj/fjern",
	"Favorit": "Fortrukne",
	"hinzufuegen": "tilføj",
	"hinzugefuegt": "tilføjet",
	"entfernen": "fjern",
	"entfernt": "fjernet",
	"verschieben": "flyt",
	"verschoben": "flyttet",
	"TuneIn Passwort (nur erforderlich fuer Favoriten hinzufuegen/loeschen)": "TuneIn Password (Kun krævet for at tilføje og flytte fortrukne)",
	"Username und Passwort sind fuer diese Aktion erforderlich": "Brugernavn og password er krævet for at udføre dette",
	"Problem mit Username / Passwort": "Problem med brugernavn / password",
	"Neuer Ordner fuer Favoriten": "ny folder til Fortrukne",
	"Name des neuen Ordners": "Navn på ny folder",
	"Ordner entfernen": "fjern folder",
	"Ordner zum Entfernen auswaehlen": "vælg folder at fjerne",
	"Ordnername fehlt": "mangler folder navn",
	"Ordner": "Folder",
	"Anzahl der Eintraege": "antal",
	"ohne Rueckfrage!": "automatically, without consultation!",
	"Ordner kann nicht entfernt werden": "folder kan ikke fjernes",
	"hierhin verschieben": "flyt her",
	"keine Eintraege gefunden": "ingen elementer fundet",
	"Ordner zum Verschieben auswaehlen": "Vælg en folder som skal flyttes",
	"Minimale Bitrate": "Minimum Bitrate",
	"Starte Plugin nur mit Meine Radiostationen": "Start plugin med kun mine radio stationer",
	"kompletter Pfad zu Meine Radiostationen": "komplet sti til mine radio sttioner",
	"Meine Radiostationen": "Mine radio stationer",
	"Datei nicht gefunden": "Fil ikke fundet",
	"Bitte den Eintrag in Einstellungen ueberpruefen!": "Venligst kontroller indstillingen in indstillingerne!",
	"fehlerhafte Datei": "defekt fil",
	"Eintrag fehlt fuer Url oder Name": "element mangler enten url eller navn",
	"Custom Url muss mit http beginnen": "bruger defineret url skal starte med http",
	"maximale Anzahl Streams pro Station (kann Timeouts verhindern)": "maksimum antal streams pr. station (kan forebygge timeouts)",
	"Im Trend": "Trending",
	"Kuerzlich gehoert": "Recents",
	"Plugin Update": "Plugin Update",
	"Plugin Version:": "Plugin Version",
	"Plugin aktuell": "Plugin up to date",
	"Lokales Radio manuell einstellen (Menue Orte)": "manuel instilling af lokal radio (menu via lokation)",
	"neu setzen im Menue Orte": "ny instilling i menuen Via Lokation",
	"setze Lokales Radio auf": "indstil Lokal Radio til",
	"Lokales Radio gesetzt auf": "Lokal Radio indstillet til",
	"entferne Lokales Radio": "Fjern Lokal Radio",
	"Lokales Radio entfernt": "Lokal Radio fjernet",
	"kompletter Pfad zum System-Zertifikat": "komplet sti til system certifikat",
	"Suche kompatible Streams fuer": "Søg efter kompatible strømme til",
    "Home / Refresh": "Home / Refresh",
    "Stream": "Stream",
    "Bitte Suchwort(e) eingeben": "Please enter search word(s)",
    "Addon Update auf Version": "Addon update to version",
    "Update erfolgreich - weiter zum aktuellen Addon": "Update successful - continue to current addon",
    "Lokale Sender": "Lokale stationer"
}

