{
	"Durchstoebern": "Каталог TuneIn",
	"Meine Favoriten": "Обране",
	"Meine Stationen": "Мої станції",
	"Suche": "Пошук",
	"Suche Station / Titel": "Пошук станції",
	"Suche nach": "Шукати",
	"Keine Suchergebnisse zu": "Нічого не знайдено за",
	"Fehler": "Помилка",
	"neues Update vorhanden": "Доступне оновлення",
	"jetzt installieren": "встановити",
	"Update abbrechen": "Скасувати оновлення",
	"weiter im aktuellen Plugin": "використовувати поточну версію додатку",
	"ist die neueste Version": "найновіша версія",
	"Suche nach neuen Updates starten": "Перевірити оновлення",
	"Bezugsquelle": "джерело",
	"Github ist nicht errreichbar": "Github недоступний",
	"Bitte die Update-Anzeige abschalten": "Please deselect the Plugin-Notification",
	"Username ueberpruefen": "Будь ласка, перевірте ім'я користувача TuneIn",
	"keinen Stream gefunden zu": "не знайдено стрім зі станції",
	"nicht gefunden": "не знайдено",
	"Mehr...": "Більше...",
	 "neuer Versuch": "спробувати ще раз",
	 "neues Update beim Start des Plugins anzeigen": "перевіряти оновлення на старті",
	 "Sprache Plugin": "Language Plugin",
	"maximale Anzahl Objekte pro Seite": "максимальна кількість елементів на сторінці",
	"Aufnehmen mit Streamripper": "Запис за допомогою Streamripper",
	"kompletter Pfad zum Programm Streamripper": "повний шлях до програми Streamripper",
	"kompletter Pfad zum Download-Verzeichnis": "повний шлях до директорії для записів",
	"Laufende Aufnahmen": "Поточні записи",
	"Download-Verzeichnis": "директорія для записів",
	"Aufnahme": "Запис",
	"beenden": "зупинити",
	"beendet": "terminated",
	"starten": "почати",
	"gestartet": "розпочато",
	"fehlgeschlagen": "невдалий",
	"keine laufende Aufnahme gefunden": "не знайдено активних записів",
	"Ursache unbekannt": "unknown cause",
	"Favoriten hinzufuegen/entfernen": "Favourites add/remove",
	"Favorit": "Favourites",
	"hinzufuegen": "add",
	"hinzugefuegt": "added",
	"entfernen": "remove",
	"entfernt": "removed",
	"verschieben": "move",
	"verschoben": "moved",
	"TuneIn Passwort (nur erforderlich fuer Favoriten hinzufuegen/loeschen)": "TuneIn Password (only required for adding and moving favourites)",
	"Username und Passwort sind fuer diese Aktion erforderlich": "username and password are required to perform this action",
	"Problem mit Username / Passwort": "Problem with username / password",
	"Neuer Ordner fuer Favoriten": "new folder for Favourites",
	"Name des neuen Ordners": "Name of the new folder",
	"Ordner entfernen": "remove folder",
	"Ordner zum Entfernen auswaehlen": "choose folder to remove",
	"Ordnername fehlt": "foldername missing",
	"Ordner": "Folder",
	"Anzahl der Eintraege": "number of items",
	"ohne Rueckfrage!": "automatically, without consultation!",
	"Ordner kann nicht entfernt werden": "folder can't be removed",
	"hierhin verschieben": "move  here",
	"keine Eintraege gefunden": "no items found",
	"Ordner zum Verschieben auswaehlen": "choose folder to move",
	"Starte Plugin nur mit Favoriten (TuneIn-Account erforderlich)": "Starte Plugin nur mit Favoriten (TuneIn-Account erforderlich)",
	"Custom Url: Url der Radiostation (Beispiel: http://myradio/live/stream.mp3)": "Custom Url: Url der Radiostation (Beispiel: http://myradio/live/stream.mp3)",
	"Custom Url: Name der Radiostation (Beispiel: MyRadio)": "Custom Url: Name der Radiostation (Beispiel: MyRadio)",
	"Minimale Bitrate": "Minimum Bitrate",
	"Starte Plugin nur mit Meine Radiostationen": "Start of plugin only with My Radio Stations",
	"kompletter Pfad zu Meine Radiostationen": "complete path to My Radio Stations",
	"Meine Radiostationen": "My Radio Stations",
	"Datei nicht gefunden": "File not found",
	"Bitte den Eintrag in Einstellungen ueberpruefen!": "Please check the entry in Preferences!",
	"fehlerhafte Datei": "corrupted file",
	"Eintrag fehlt fuer Url oder Name": "Entry missing for url or name",
	"Custom Url muss mit http beginnen": "Custom Url must start with http",
	"maximale Anzahl Streams pro Station (kann Timeouts verhindern)": "maximum number of streams per station (can prevent timeouts)",
	"Im Trend": "Trending",
	"Kuerzlich gehoert": "Recents",
	"Plugin Update": "Plugin Update",
	"Plugin Version:": "Plugin Version",
	"Plugin aktuell": "Plugin up to date",
	"Suche kompatible Streams fuer": "Шукати сумісні потоки для",
    "Home / Refresh": "Home / Refresh",
    "Stream": "Stream",
    "Bitte Suchwort(e) eingeben": "Please enter search word(s)",
    "Addon Update auf Version": "Addon update to version",
    "Update erfolgreich - weiter zum aktuellen Addon": "Update successful - continue to current addon",
    "Lokale Sender": "Local Stations"
}
