<?xml version="1.0" encoding="UTF-8"?>
<fonts>
	
	
	
	<fontset id="Default" idloc="31390">
		
		<!-- Normal Fonts -->
		<font>
			<name>fontContextMenu</name>
			<filename>Roboto-Regular.ttf</filename>
			<size>29</size>
		</font>
		<font>
			<name>NewWeatherTemp</name>
			<filename>Roboto-Light.ttf</filename>
			<size>120</size>
		</font>
		
		
		
		<!-- Light-->
		<font>
			<name>Light14</name>
			<filename>Roboto-Light.ttf</filename>
			<size>21</size>
		</font>
		<font>
			<name>Light14.5</name>
			<filename>Roboto-Light.ttf</filename>
			<size>22</size>
		</font>
		<font>
			<name>Light15</name>
			<filename>Roboto-Light.ttf</filename>
			<size>23</size>
		</font>
		<font>
			<name>Light16</name>
			<filename>Roboto-Light.ttf</filename>
			<size>24</size>
		</font>
		<font>
			<name>Light17</name>
			<filename>Roboto-Light.ttf</filename>
			<size>26</size>
		</font>
		<font>
			<name>Light17+</name>
			<filename>Roboto-Light.ttf</filename>
			<size>26</size>
			<linespacing>1.15</linespacing>
		</font>
		<font>
			<name>Light18</name>
			<filename>Roboto-Light.ttf</filename>
			<size>27</size>
		</font>
		<font>
			<name>Light18+</name>
			<filename>Roboto-Light.ttf</filename>
			<size>27</size>
			<linespacing>1.15</linespacing>
		</font>
		<font>
			<name>Light19</name>
			<filename>Roboto-Light.ttf</filename>
			<size>29</size>
		</font>
		<font>
			<name>Light19+</name>
			<filename>Roboto-Light.ttf</filename>
			<size>29</size>
			<linespacing>1.10</linespacing>
		</font>
		<font>
			<name>Light20</name>
			<filename>Roboto-Light.ttf</filename>
			<size>30</size>
		</font>
		<font>
			<name>Light20+</name>
			<filename>Roboto-Light.ttf</filename>
			<size>30</size>
			<linespacing>1.15</linespacing>
		</font>
		<font>
			<name>Light21</name>
			<filename>Roboto-Light.ttf</filename>
			<size>32</size>
		</font>
		<font>
			<name>Light22</name>
			<filename>Roboto-Light.ttf</filename>
			<size>33</size>
		</font>
		<font>
			<name>Light23</name>
			<filename>Roboto-Light.ttf</filename>
			<size>35</size>
		</font>
		<font>
			<name>Light24</name>
			<filename>Roboto-Light.ttf</filename>
			<size>36</size>
		</font>
		<font>
			<name>Light25</name>
			<filename>Roboto-Light.ttf</filename>
			<size>38</size>
		</font>
		<font>
			<name>Light26</name>
			<filename>Roboto-Light.ttf</filename>
			<size>39</size>
		</font>
		<font>
			<name>Light28</name>
			<filename>Roboto-Light.ttf</filename>
			<size>42</size>
		</font>
		<font>
			<name>Light29</name>
			<filename>Roboto-Light.ttf</filename>
			<size>43</size>
		</font>
		<font>
			<name>Light30</name>
			<filename>Roboto-Light.ttf</filename>
			<size>45</size>
		</font>
		<font>
			<name>Light35</name>
			<filename>Roboto-Light.ttf</filename>
			<size>45</size>
		</font>
		<font>
			<name>LightUltraLarge</name>
			<filename>Roboto-Light.ttf</filename>
			<size>60</size>
			<linespacing>1.15</linespacing>
		</font>
		<font>
			<name>LightUltraLarge2</name>
			<filename>Roboto-Light.ttf</filename>
			<size>105</size>
		</font>
		
		<!-- Regular -->
		<font>
			<name>Regular9</name>
			<filename>Roboto-Regular.ttf</filename>
			<size>14</size>
		</font>
		<font>
			<name>Regular10</name>
			<filename>Roboto-Regular.ttf</filename>
			<size>15</size>
		</font>
		<font>
			<name>Regular11</name>
			<filename>Roboto-Regular.ttf</filename>
			<size>17</size>
		</font>
		<font>
			<name>Regular12</name>
			<filename>Roboto-Regular.ttf</filename>
			<size>18</size>
		</font>
		<font>
			<name>Regular13</name>
			<filename>Roboto-Regular.ttf</filename>
			<size>20</size>
		</font>
		<font>
			<name>Regular14</name>
			<filename>Roboto-Regular.ttf</filename>
			<size>21</size>
		</font>
		<font>
			<name>Regular14.5</name>
			<filename>Roboto-Regular.ttf</filename>
			<size>22</size>
		</font>
		<font>
			<name>Regular15</name>
			<filename>Roboto-Regular.ttf</filename>
			<size>23</size>
		</font>
		<font>
			<name>Regular16</name>
			<filename>Roboto-Regular.ttf</filename>
			<size>24</size>
		</font>
		<font>
			<name>Regular17</name>
			<filename>Roboto-Regular.ttf</filename>
			<size>26</size>
		</font>
		<font>
			<name>Regular17+</name>
			<filename>Roboto-Regular.ttf</filename>
			<size>26</size>
			<linespacing>1.15</linespacing>
		</font>
		<font>
			<name>Regular18</name>
			<filename>Roboto-Regular.ttf</filename>
			<size>27</size>
		</font>
		<font>
			<name>Regular18.5</name>
			<filename>Roboto-Regular.ttf</filename>
			<size>28</size>
		</font>
		<font>
			<name>Regular19</name>
			<filename>Roboto-Regular.ttf</filename>
			<size>29</size>
		</font>
		<font>
			<name>Regular19+</name>
			<filename>Roboto-Regular.ttf</filename>
			<size>29</size>
			<linespacing>1.10</linespacing>
		</font>
		<font>
			<name>Regular20</name>
			<filename>Roboto-Regular.ttf</filename>
			<size>30</size>
		</font>
		<font>
			<name>Regular20+</name>
			<filename>Roboto-Regular.ttf</filename>
			<size>30</size>
			<linespacing>1.15</linespacing>
		</font>
		<font>
			<name>Regular21</name>
			<filename>Roboto-Regular.ttf</filename>
			<size>32</size>
		</font>
		<font>
			<name>Regular22</name>
			<filename>Roboto-Regular.ttf</filename>
			<size>33</size>
		</font>
		<font>
			<name>Regular23</name>
			<filename>Roboto-Regular.ttf</filename>
			<size>35</size>
		</font>
		<font>
			<name>Regular24</name>
			<filename>Roboto-Regular.ttf</filename>
			<size>36</size>
		</font>
		<font>
			<name>Regular25</name>
			<filename>Roboto-Regular.ttf</filename>
			<size>38</size>
		</font>
		<font>
			<name>Regular26</name>
			<filename>Roboto-Regular.ttf</filename>
			<size>39</size>
		</font>
		<font>
			<name>Regular27</name>
			<filename>Roboto-Regular.ttf</filename>
			<size>41</size>
		</font>
		<font>
			<name>Regular28</name>
			<filename>Roboto-Regular.ttf</filename>
			<size>42</size>
		</font>
		<font>
			<name>Regular29</name>
			<filename>Roboto-Regular.ttf</filename>
			<size>44</size>
		</font>
		<font>
			<name>Regular30</name>
			<filename>Roboto-Regular.ttf</filename>
			<size>45</size>
		</font>
		<font>
			<name>Regular31</name>
			<filename>Roboto-Regular.ttf</filename>
			<size>46</size>
		</font>
		
		<!-- Medium -->
		<font>
			<name>Medium10</name>
			<filename>Roboto-Medium.ttf</filename>
			<size>15</size>
		</font>
		<font>
			<name>Medium11</name>
			<filename>Roboto-Medium.ttf</filename>
			<size>17</size>
		</font>
		<font>
			<name>Medium12</name>
			<filename>Roboto-Medium.ttf</filename>
			<size>18</size>
		</font>
		<font>
			<name>Medium13</name>
			<filename>Roboto-Medium.ttf</filename>
			<size>20</size>
		</font>
		<font>
			<name>Medium14</name>
			<filename>Roboto-Medium.ttf</filename>
			<size>21</size>
		</font>
		<font>
			<name>Medium15</name>
			<filename>Roboto-Medium.ttf</filename>
			<size>23</size>
		</font>
		<font>
			<name>Medium16</name>
			<filename>Roboto-Medium.ttf</filename>
			<size>24</size>
		</font>
		<font>
			<name>Medium17</name>
			<filename>Roboto-Medium.ttf</filename>
			<size>26</size>
		</font>
		<font>
			<name>Medium18</name>
			<filename>Roboto-Medium.ttf</filename>
			<size>27</size>
		</font>
		<font>
			<name>Medium19</name>
			<filename>Roboto-Medium.ttf</filename>
			<size>29</size>
		</font>
		<font>
			<name>Medium20</name>
			<filename>Roboto-Medium.ttf</filename>
			<size>30</size>
		</font>
		<font>
			<name>Medium21</name>
			<filename>Roboto-Medium.ttf</filename>
			<size>32</size>
		</font>
		<font>
			<name>Medium22</name>
			<filename>Roboto-Medium.ttf</filename>
			<size>33</size>
		</font>
		<font>
			<name>Medium23</name>
			<filename>Roboto-Medium.ttf</filename>
			<size>35</size>
		</font>
		<font>
			<name>Medium24</name>
			<filename>Roboto-Medium.ttf</filename>
			<size>36</size>
		</font>
		<font>
			<name>Medium25</name>
			<filename>Roboto-Medium.ttf</filename>
			<size>38</size>
		</font>
		<font>
			<name>Medium26</name>
			<filename>Roboto-Medium.ttf</filename>
			<size>39</size>
		</font>
		<font>
			<name>Medium27</name>
			<filename>Roboto-Medium.ttf</filename>
			<size>41</size>
		</font>
		<font>
			<name>Medium28</name>
			<filename>Roboto-Medium.ttf</filename>
			<size>42</size>
		</font>
		<font>
			<name>Medium29</name>
			<filename>Roboto-Medium.ttf</filename>
			<size>44</size>
		</font>
		<font>
			<name>Medium30</name>
			<filename>Roboto-Medium.ttf</filename>
			<size>45</size>
		</font>
		
		<!-- Bold -->
		<font>
			<name>Bold12</name>
			<filename>Roboto-Bold.ttf</filename>
			<size>18</size>
		</font>
		<font>
			<name>Bold28</name>
			<filename>Roboto-Bold.ttf</filename>
			<size>42</size>
		</font>
		<font>
			<name>Bold30</name>
			<filename>Roboto-Bold.ttf</filename>
			<size>45</size>
		</font>
		<font>
			<name>Bold35</name>
			<filename>Roboto-Bold.ttf</filename>
			<size>53</size>
		</font>
		
		<!-- NewMono -->
		<font>
			<name>NewMono14</name>
			<filename>NotoMono-Regular.ttf</filename>
			<size>21</size>
		</font>
		<font>
			<name>NewMono18</name>
			<filename>NotoMono-Regular.ttf</filename>
			<size>27</size>
		</font>
		<font>
			<name>NewMono18+</name>
			<filename>NotoMono-Regular.ttf</filename>
			<size>27</size>
			<linespacing>1.15</linespacing>
		</font>
		<font>
			<name>NewMono20</name>
			<filename>NotoMono-Regular.ttf</filename>
			<size>30</size>
		</font>
		<font>
			<name>NewMono20+</name>
			<filename>NotoMono-Regular.ttf</filename>
			<size>30</size>
			<linespacing>1.15</linespacing>
		</font>
		<font>
			<name>ClockFont</name>
			<filename>Roboto-Light.ttf</filename>
			<size>36</size>
		</font>
		
		
		
		
		
		
		
		
		
		
		<!-- used in old global search default skin -->
		<font>
			<name>font_textbox</name>
			<filename>Roboto-Regular.ttf</filename>
			<size>24</size>
			<linespacing>1.2</linespacing>
		</font>
		
		<!-- Keep untouched Estuary Fonts below this line for universal add-on skins compatability -->
		
		<!-- Normal Fonts -->
		<font>
			<name>font10</name>
			<filename>NotoSans-Regular.ttf</filename>
			<size>23</size>
			<style>lighten</style>
		</font>
		<font>
			<name>font12</name>
			<filename>NotoSans-Regular.ttf</filename>
			<size>25</size>
			<style>lighten</style>
		</font>
		<font>
			<name>font13</name>
			<filename>NotoSans-Regular.ttf</filename>
			<size>30</size>
			<style>lighten</style>
		</font>
		<font>
			<name>font14</name>
			<filename>NotoSans-Regular.ttf</filename>
			<size>33</size>
			<style>lighten</style>
		</font>
		<font>
			<name>font23_narrow</name>
			<filename>NotoSans-Regular.ttf</filename>
			<size>23</size>
			<style>lighten</style>
			<linespacing>0.8</linespacing>
		</font>
		<font>
			<name>font25_narrow</name>
			<filename>NotoSans-Regular.ttf</filename>
			<size>25</size>
			<style>lighten</style>
			<linespacing>0.8</linespacing>
		</font>
		<font>
			<name>font27</name>
			<filename>NotoSans-Regular.ttf</filename>
			<size>27</size>
			<style>lighten</style>
		</font>
		<font>
			<name>font27_narrow</name>
			<filename>NotoSans-Regular.ttf</filename>
			<size>27</size>
			<style>lighten</style>
			<linespacing>0.8</linespacing>
		</font>
		<font>
			<name>font32</name>
			<filename>NotoSans-Regular.ttf</filename>
			<size>32</size>
			<style>lighten</style>
		</font>
		<font>
			<name>font37</name>
			<filename>NotoSans-Regular.ttf</filename>
			<size>37</size>
			<style>lighten</style>
		</font>
		<font>
			<name>font45</name>
			<filename>NotoSans-Regular.ttf</filename>
			<size>45</size>
			<style>lighten</style>
		</font>
		<font>
			<name>font60</name>
			<filename>NotoSans-Regular.ttf</filename>
			<size>60</size>
			<style>lighten</style>
		</font>
		<!--
		<font>
			<name>font_clock</name>
			<filename>Roboto-Thin.ttf</filename>
			<size>70</size>
		</font>
		-->
		<!-- Title Fonts -->
		<font>
			<name>font_flag</name>
			<filename>NotoSans-Regular.ttf</filename>
			<size>18</size>
			<style>bold</style>
		</font>
		<font>
			<name>font20_title</name>
			<filename>NotoSans-Regular.ttf</filename>
			<size>20</size>
			<style>bold</style>
		</font>
		<font>
			<name>font25_title</name>
			<filename>NotoSans-Regular.ttf</filename>
			<size>25</size>
			<style>bold</style>
		</font>
		<font>
			<name>font30_title</name>
			<filename>NotoSans-Regular.ttf</filename>
			<size>30</size>
			<style>bold</style>
		</font>
		<font>
			<name>font32_title</name>
			<filename>NotoSans-Regular.ttf</filename>
			<size>32</size>
			<style>bold</style>
		</font>
		<font>
			<name>font36_title</name>
			<filename>NotoSans-Regular.ttf</filename>
			<size>36</size>
			<style>bold</style>
		</font>
		<font>
			<name>font40_title</name>
			<filename>NotoSans-Regular.ttf</filename>
			<size>40</size>
			<style>bold</style>
		</font>
		<font>
			<name>font45_title</name>
			<filename>NotoSans-Regular.ttf</filename>
			<size>45</size>
			<style>bold</style>
		</font>
		<font>
			<name>font52_title</name>
			<filename>NotoSans-Regular.ttf</filename>
			<size>52</size>
			<style>bold</style>
		</font>
		<font>
			<name>font_MainMenu</name>
			<filename>NotoSans-Regular.ttf</filename>
			<size>60</size>
			<style>bold</style>
		</font>
		<font>
			<name>WeatherTemp</name>
			<aspect>0.85</aspect>
			<filename>NotoSans-Regular.ttf</filename>
			<size>120</size>
			<style>bold</style>
		</font>
		<font>
			<name>Mono26</name>
			<filename>NotoMono-Regular.ttf</filename>
			<size>26</size>
		</font>
		
		
		
		
		
		
	</fontset>
	
	
	
</fonts>
