<?xml version="1.0" encoding="UTF-8"?>
<addon id="skin.fenstruary" name="Fenstruary" provider-name="phil65, Ichabod Fletchman, Ivar Brandt, Tikipeter" version="0.6.35">
	<requires>
		<import addon="xbmc.gui" version="5.15.0" />
		<import addon="script.fenstruary.helper" />
	</requires>
	<extension point="xbmc.gui.skin" debugging="false">
		<res width="1920" height="1440" aspect="4:3" default="false" folder="xml" />
		<res width="1920" height="1280" aspect="3:2" default="false" folder="xml" />
		<res width="1920" height="1200" aspect="16:10" default="false" folder="xml" />
		<res width="2040" height="1080" aspect="17:9" default="false" folder="xml" />
		<res width="1920" height="1080" aspect="16:9" default="true" folder="xml" />
		<res width="2560" height="1080" aspect="21:9" default="false" folder="xml" />
		<res width="2338" height="1080" aspect="19.5:9" default="false" folder="xml" />
		<res width="2160" height="1080" aspect="18:9" default="false" folder="xml" />
	</extension>
	<extension point="xbmc.addon.metadata">
		<summary lang="en_GB">Fenstruary skin by phil65, Ichabod Fletchman, Tikipeter</summary>
		<summary lang="en_NZ">Fenstruary skin by phil65, Ichabod Fletchman, Tikipeter</summary>
		<summary lang="en_US">Fenstruary skin by phil65, Ichabod Fletchman, Tikipeter</summary>
		<description lang="en_GB">Fenstruary is used with the Fen Addon.</description>
		<description lang="en_NZ">Fenstruary is used with the Fen Addon.</description>
		<description lang="en_US">Fenstruary is used with the Fen Addon.</description>
		<disclaimer lang="en_GB">Fenstruary is used with the Fen Addon.</disclaimer>
		<disclaimer lang="en_NZ">Fenstruary is used with the Fen Addon.</disclaimer>
		<disclaimer lang="en_US">Fenstruary is used with the Fen Addon.</disclaimer>
		<platform>all</platform>
		<assets>
			<icon>resources/icon.png</icon>
			<fanart>resources/fanart.jpg</fanart>
		</assets>
	</extension>
</addon>
