<?xml version="1.0" encoding="UTF-8"?>
<window>
	<defaultcontrol>1</defaultcontrol>
	<zorder>2</zorder>
	<animation effect="fade" start="0" end="100" time="500">WindowOpen</animation>
	<animation effect="fade" start="100" end="0" time="500">WindowClose</animation>
	<controls>
		<control type="group">
			<depth>DepthOSD</depth>
			<left>1230</left>
			<top>10</top>
			<animation effect="fade" start="0" end="100" time="500">Visible</animation>
			<animation effect="fade" start="100" end="0" time="500" delay="2000">Hidden</animation>
			<visible>!Player.Muted</visible>
			<control type="image">
				<left>6</left>
				<top>0</top>
				<width>444</width>
				<height>60</height>
				<texture border="24" colordiffuse="FF000000">colors/white_border24.png</texture>
			</control>
			<control type="group">
				<visible>!player.passthrough</visible>
				
				<control type="image">
					<description>Volume Icon</description>
					<left>18</left>
					<top>3</top>
					<width>54</width>
					<height>54</height>
					<aspectratio>keep</aspectratio>
					<texture>VolumeIcon-mute.png</texture>
					<visible>Player.Muted</visible>
				</control>
				
				<control type="image">
					<description>Volume Icon</description>
					<left>18</left>
					<top>3</top>
					<width>54</width>
					<height>54</height>
					<aspectratio>keep</aspectratio>
					<texture>VolumeIcon-1.png</texture>
					<visible>!Player.Muted + Integer.IsLess(Player.Volume,25)</visible>
				</control>
				
				<control type="image">
					<description>Volume Icon</description>
					<left>18</left>
					<top>3</top>
					<width>54</width>
					<height>54</height>
					<aspectratio>keep</aspectratio>
					<texture>VolumeIcon-2.png</texture>
					<visible>Integer.IsGreater(Player.Volume,24) + Integer.IsLess(Player.Volume,70)</visible>
				</control>
				
				<control type="image">
					<description>Volume Icon</description>
					<left>18</left>
					<top>3</top>
					<width>54</width>
					<height>54</height>
					<aspectratio>keep</aspectratio>
					<texture>VolumeIcon-3.png</texture>
					<visible>Integer.IsGreater(Player.Volume,69)</visible>
				</control>
				
				
				
				<control type="image">
					<left>75</left>
					<top>26</top>
					<width>3</width>
					<height>9</height>
					<texture colordiffuse="30FFFFFF">osd/progress/progress-9px-start-end.png</texture>
				</control>
				<control type="image">
					<left>422</left>
					<top>26</top>
					<width>3</width>
					<height>9</height>
					<texture colordiffuse="30FFFFFF" flipx="true">osd/progress/progress-9px-start-end.png</texture>
				</control>
				<control type="image">
					<left>75</left>
					<top>26</top>
					<width>3</width>
					<height>9</height>
					<texture colordiffuse="EBFFFFFF">osd/progress/progress-9px-start-end.png</texture>
					<visible>!Player.Muted</visible>
				</control>
				<control type="image">
					<left>422</left>
					<top>26</top>
					<width>3</width>
					<height>9</height>
					<texture colordiffuse="EBFFFFFF" flipx="true">osd/progress/progress-9px-start-end.png</texture>
					<visible>Integer.IsGreater(Player.Volume,99)</visible>
				</control>
				<control type="progress" id="1">
					<description>progress control</description>
					<left>78</left>
					<top>26</top>
					<width>344</width>
					<height>9</height>
					<info>Player.Volume</info>
					
					<include>progressBarStyleDefault</include>
					
					<visible>!Player.Muted</visible>
				</control>
				<control type="image" id="1">
					<left>78</left>
					<top>26</top>
					<width>344</width>
					<height>9</height>
					<texture colordiffuse="30FFFFFF">osd/progress/progress-bg.png</texture>
					<visible>Player.Muted</visible>
				</control>
				
			</control>
			<control type="group">
				<visible>player.passthrough</visible>
				<control type="image">
					<description>Volume Icon</description>
					<left>18</left>
					<top>3</top>
					<width>54</width>
					<height>54</height>
					<aspectratio>keep</aspectratio>
					<texture>VolumeIcon.png</texture>
				</control>
				<control type="label">
					<description>Passthrough Label</description>
					<left>75</left>
					<top>9</top>
					<width>345</width>
					<height>39</height>
					<label>$LOCALIZE[29802]</label>
					<font>Regular14</font>
					<textcolor>white</textcolor>
					<align>left</align>
					<aligny>center</aligny>
				</control>
			</control>
		</control>
		<control type="image">
			<left>87r</left>
			<top>7</top>
			<width>60</width>
			<height>60</height>
			<aspectratio>keep</aspectratio>
			<texture>VolumeIcon-mute-standalone.png</texture>
			<animation effect="fade" start="0" end="100" time="500" delay="1500">Visible</animation>
			<animation effect="fade" start="100" end="0" time="500">Hidden</animation>
			<visible>Player.Muted</visible>
			<animation effect="slide" start="0,0" end="0,54" time="0" condition="true">conditional</animation>
		</control>
	</controls>
</window>
