<?xml version="1.0" encoding="UTF-8"?>
<window>
	<coordinates>
		<left>473</left>
		<top>330</top>
	</coordinates>
	<include>dialogeffect</include>
	<depth>DepthDialog+</depth>
	
	<onload>CancelAlarm(ShutdownInProgressCancelIfNotWorking,silent)</onload>
	<onload>ClearProperty(ShutdownInProgressText,home)</onload>
	
	<controls>
		<include content="DialogBackgroundCommons">
			<param name="DialogBackgroundWidth" value="975" />
			<param name="DialogBackgroundHeight" value="390" />
			<param name="DialogHeaderWidth" value="955" />
			<param name="DialogHeaderLabelWidth" value="933" />
			<param name="DialogHeaderLabel" value="" />
			<param name="DialogHeaderId" value="1" />
		</include>
		<control type="textbox" id="9">
			<description>text</description>
			<left>45</left>
			<top>93</top>
			<width>885</width>
			<height>147</height>
			<align>left</align>
			<label></label>
			<font>Regular20</font>
			<autoscroll time="3000" delay="4000" repeat="5000">true</autoscroll>
		</control>
		
		<control type="image">
			<left>44</left>
			<top>255</top>
			<width>3</width>
			<height>9</height>
			<texture colordiffuse="30FFFFFF">osd/progress/progress-9px-start-end.png</texture>
			<visible>Control.IsVisible(20)</visible>
		</control>
		<control type="image">
			<left>928</left>
			<top>255</top>
			<width>3</width>
			<height>9</height>
			<texture colordiffuse="30FFFFFF" flipx="true">osd/progress/progress-9px-start-end.png</texture>
			<visible>Control.IsVisible(20)</visible>
		</control>
		<control type="image">
			<left>44</left>
			<top>255</top>
			<width>3</width>
			<height>9</height>
			<texture colordiffuse="EBFFFFFF">osd/progress/progress-9px-start-end.png</texture>
			<visible>Control.IsVisible(20)</visible>
		</control>
		<control type="image">
			<left>928</left>
			<top>255</top>
			<width>3</width>
			<height>9</height>
			<texture colordiffuse="EBFFFFFF" flipx="true">osd/progress/progress-9px-start-end.png</texture>
			<visible>Control.IsVisible(20) + Integer.IsGreater(System.Progressbar,99)</visible>
		</control>
		<control type="progress" id="20">
			<description>Progressbar</description>
			<left>47</left>
			<top>255</top>
			<width>881</width>
			<height>9</height>
			<info>System.Progressbar</info>
			<include>progressBarStyleDefault</include>
		</control>
		
		<control type="grouplist" id="9000">
			<left>32</left>
			<top>293</top>
			<width>912</width>
			<height>63</height>
			<align>center</align>
			<itemgap>6</itemgap>
			<orientation>horizontal</orientation>
			<control type="button" id="11">
				<description>OK button</description>
				<width>300</width>
				<height>63</height>
				<include>ButtonInfoDialogsCommonValues</include>
				<label>107</label>
				<textcolor>white</textcolor>
				<focusedcolor>white</focusedcolor>
				<align>center</align>
			</control>
			<control type="button" id="10">
				<description>Cancel button</description>
				<width>300</width>
				<height>63</height>
				<include>ButtonInfoDialogsCommonValues</include>
				<label>106</label>
				<textcolor>white</textcolor>
				<focusedcolor>white</focusedcolor>
				<align>center</align>
			</control>
			<control type="button" id="12">
				<description>Custom button</description>
				<width>300</width>
				<height>63</height>
				<include>ButtonInfoDialogsCommonValues</include>
				<label>106</label>
				<textcolor>white</textcolor>
				<focusedcolor>white</focusedcolor>
				<align>center</align>
			</control>
		</control>
	</controls>
</window>
