<?xml version="1.0" encoding="UTF-8"?>
<window>
	<defaultcontrol always="true">50</defaultcontrol>
	<menucontrol>9000</menucontrol>
	<views>50</views>
	<controls>
		<include>CommonBackground</include>
		<include>ContentPanelBackgrounds</include>
		
		<control type="group">
			<include>Window_OpenClose_Animation</include>
			<control type="group">
				<include>Window_OpenClose_Animation</include>
				<control type="group">
					<include>VisibleFadeEffect</include>
				</control>
			</control>
		</control>
		
		<control type="group">
			<include>Window_OpenClose_Animation</include>
			<description>Timers group</description>
			<visible>Control.IsVisible(50)</visible>
			<include>VisibleFadeEffect</include>
			<control type="group">
				<left>105</left>
				<top>90</top>
				<control type="label">
					<description>Channel header label</description>
					<left>75</left>
					<top>30</top>
					<width>330</width>
					<height>30</height>
					<font>Regular21</font>
					<textcolor>white</textcolor>
					<aligny>center</aligny>
					<label>19029</label>
				</control>
				<control type="label">
					<description>Title header label</description>
					<left>360</left>
					<top>30</top>
					<width>300</width>
					<height>30</height>
					<font>Regular21</font>
					<textcolor>white</textcolor>
					<aligny>center</aligny>
					<label>369</label>
				</control>
				<control type="label">
					<description>Schedule Time header label</description>
					<left>720</left>
					<top>30</top>
					<width>300</width>
					<height>30</height>
					<font>Regular21</font>
					<textcolor>white</textcolor>
					<aligny>center</aligny>
					<label>31501</label>
				</control>
				<control type="label">
					<description>Type header label</description>
					<left>1155</left>
					<top>30</top>
					<width>225</width>
					<height>30</height>
					<font>Regular21</font>
					<textcolor>white</textcolor>
					<aligny>center</aligny>
					<label>467</label>
				</control>
				<control type="label">
					<description>Status header label</description>
					<left>1470</left>
					<top>30</top>
					<width>225</width>
					<height>30</height>
					<font>Regular21</font>
					<textcolor>white</textcolor>
					<aligny>center</aligny>
					<label>126</label>
				</control>
				<control type="image">
					<description>separator image</description>
					<left>0</left>
					<top>75</top>
					<width>1680</width>
					<height>2</height>
					<texture colordiffuse="$VAR[SeparatorColorDiffuse]">separator-uni.png</texture>
				</control>
				<control type="list" id="50">
					<left>0</left>
					<top>84</top>
					<width>1680</width>
					<height>495</height>
					<onup>50</onup>
					<ondown>50</ondown>
					<onleft condition="Window.IsActive(TVTimers) | Window.IsActive(RadioTimers)">103</onleft>
					<onleft condition="Window.IsActive(TVTimerRules) | Window.IsActive(RadioTimerRules)">105</onleft>
					<onright>73</onright>
					<pagecontrol>73</pagecontrol>
					<include>ScrollTimeOld</include>
					<itemlayout height="60">
						<control type="image">
							<left>0</left>
							<top>0</top>
							<width>1680</width>
							<height>62</height>
							<texture border="6">MenuItemNF.png</texture>
						</control>
						<control type="group">
							<visible>String.IsEmpty(ListItem.Date)</visible>
							<control type="label">
								<left>75</left>
								<top>0</top>
								<width>225</width>
								<height>60</height>
								<font>Regular17</font>
								<aligny>center</aligny>
								<selectedcolor>selected</selectedcolor>
								<info>ListItem.Label</info>
							</control>
						</control>
						<control type="group">
							<visible>!String.IsEmpty(ListItem.Date)</visible>
							<control type="image">
								<left>0</left>
								<top>12</top>
								<width>75</width>
								<height>39</height>
								<texture border="1" fallback="DefaultPVRChannels.png">$INFO[ListItem.Icon]</texture>
								<aspectratio>keep</aspectratio>
							</control>
							<control type="label">
								<left>75</left>
								<top>0</top>
								<width>225</width>
								<height>60</height>
								<font>Regular17</font>
								<aligny>center</aligny>
								<selectedcolor>selected</selectedcolor>
								<info>ListItem.ChannelName</info>
							</control>
							<control type="label">
								<left>360</left>
								<top>0</top>
								<width>300</width>
								<height>60</height>
								<font>Regular17</font>
								<aligny>center</aligny>
								<selectedcolor>selected</selectedcolor>
								<info>ListItem.Label</info>
							</control>
							<control type="label">
								<left>720</left>
								<top>0</top>
								<width>375</width>
								<height>60</height>
								<font>Regular17</font>
								<aligny>center</aligny>
								<selectedcolor>selected</selectedcolor>
								<info>ListItem.Date</info>
							</control>
							<control type="label">
								<left>1155</left>
								<top>0</top>
								<width>270</width>
								<height>60</height>
								<font>Regular17</font>
								<aligny>center</aligny>
								<selectedcolor>selected</selectedcolor>
								<info>ListItem.Timertype</info>
							</control>
							<control type="label">
								<left>1470</left>
								<top>0</top>
								<width>225</width>
								<height>60</height>
								<font>Regular17</font>
								<aligny>center</aligny>
								<selectedcolor>selected</selectedcolor>
								<info>ListItem.Comment</info>
							</control>
						</control>
					</itemlayout>
					<focusedlayout height="60">
						<control type="image">
							<left>0</left>
							<top>0</top>
							<width>1680</width>
							<height>62</height>
							<texture border="12" colordiffuse="$VAR[accentColorDiffuseForNeutralTextures]">MenuItemFO-rounded-10px-neutral.png</texture>
						</control>
						<control type="image">
							<left>0</left>
							<top>0</top>
							<width>1680</width>
							<height>62</height>
							<colordiffuse>33FFFFFF</colordiffuse>
							<texture border="12" colordiffuse="$VAR[accentColorDiffuseForNeutralTextures]">MenuItemFO-rounded-10px-neutral.png</texture>
							<visible>Control.HasFocus(50)</visible>
						</control>
						<control type="group">
							<visible>String.IsEmpty(ListItem.Date)</visible>
							<control type="label">
								<left>75</left>
								<top>0</top>
								<width>225</width>
								<height>60</height>
								<font>Regular17</font>
								<aligny>center</aligny>
								<selectedcolor>selected</selectedcolor>
								<info>ListItem.Label</info>
							</control>
						</control>
						<control type="group">
							<visible>!String.IsEmpty(ListItem.Date)</visible>
							<control type="image">
								<left>0</left>
								<top>12</top>
								<width>75</width>
								<height>39</height>
								<texture border="1" fallback="DefaultPVRChannels.png">$INFO[ListItem.Icon]</texture>
								<aspectratio>keep</aspectratio>
							</control>
							<control type="label">
								<left>75</left>
								<top>0</top>
								<width>225</width>
								<height>60</height>
								<font>Regular17</font>
								<aligny>center</aligny>
								<selectedcolor>selected</selectedcolor>
								<info>ListItem.ChannelName</info>
							</control>
							<control type="label">
								<left>360</left>
								<top>0</top>
								<width>300</width>
								<height>60</height>
								<font>Regular17</font>
								<aligny>center</aligny>
								<selectedcolor>selected</selectedcolor>
								<info>ListItem.Label</info>
							</control>
							<control type="label">
								<left>720</left>
								<top>0</top>
								<width>375</width>
								<height>60</height>
								<font>Regular17</font>
								<aligny>center</aligny>
								<selectedcolor>selected</selectedcolor>
								<info>ListItem.Date</info>
							</control>
							<control type="label">
								<left>1155</left>
								<top>0</top>
								<width>270</width>
								<height>60</height>
								<font>Regular17</font>
								<aligny>center</aligny>
								<selectedcolor>selected</selectedcolor>
								<info>ListItem.Timertype</info>
							</control>
							<control type="label">
								<left>1470</left>
								<top>0</top>
								<width>225</width>
								<height>60</height>
								<font>Regular17</font>
								<aligny>center</aligny>
								<selectedcolor>selected</selectedcolor>
								<info>ListItem.Comment</info>
							</control>
						</control>
					</focusedlayout>
				</control>
				<control type="scrollbar" id="73">
					<left>1698</left>
					<top>84</top>
					<include>scrollBarStyleDefaultWidth</include>
					<height>495</height>
					<onleft>50</onleft>
					<!--
					<onright condition="Window.IsActive(TVTimers) | Window.IsActive(RadioTimers)">103</onright>
					<onright condition="Window.IsActive(TVTimerRules) | Window.IsActive(RadioTimerRules)">105</onright>
					-->
					<onright>73</onright>
					<showonepage>false</showonepage>
					<include>scrollBarStyleDefault</include>
				</control>
				<control type="image">
					<description>separator image</description>
					<left>0</left>
					<top>585</top>
					<width>1680</width>
					<height>2</height>
					<texture colordiffuse="$VAR[SeparatorColorDiffuse]">separator-uni.png</texture>
				</control>
				<control type="group">
					<visible>!ListItem.HasEPG</visible>
					<left>0</left>
					<top>600</top>
					<control type="label">
						<left>0</left>
						<top>0</top>
						<width>1680</width>
						<height>30</height>
						<label>$LOCALIZE[19055]</label>
						<font>Regular20</font>
						<textcolor>white</textcolor>
						<align>center</align>
					</control>
				</control>
				<control type="group">
					<visible>ListItem.HasEPG</visible>
					<left>0</left>
					<top>600</top>
					<control type="image">
						<left>93</left>
						<top>9</top>
						<width>195</width>
						<height>195</height>
						<texture background="true" fallback="DefaultPVRChannels.png">$INFO[ListItem.Icon]</texture>
						<aspectratio align="center" aligny="center">keep</aspectratio>
					</control>
					<control type="label">
						<left>420</left>
						<top>0</top>
						<width>1200</width>
						<height>30</height>
						<label>$INFO[ListItem.EpgEventTitle]</label>
						<font>Regular20</font>
						<textcolor>white</textcolor>
						<scroll>true</scroll>
					</control>
					<control type="label">
						<left>420</left>
						<top>38</top>
						<width>1200</width>
						<height>30</height>
						<label>$INFO[ListItem.StartTime]$INFO[ListItem.EndTime, - ]$INFO[ListItem.Season, • $LOCALIZE[20373] ]$INFO[ListItem.Episode, • $LOCALIZE[20359] ]$INFO[ListItem.Genre, • ]</label>
						<font>Regular17</font>
						<textcolor>grey</textcolor>
					</control>
					<control type="textbox">
						<description>Plot value</description>
						<left>420</left>
						<top>86</top>
						<width>1200</width>
						<height>95</height>
						<font>Regular17</font>
						<align>justify</align>
						<textcolor>grey</textcolor>
						<autoscroll delay="10000" time="3000" repeat="6000">true</autoscroll>
						<label>$VAR[PVRPlotText]</label>
					</control>
				</control>
				<control type="image">
					<description>separator image</description>
					<left>0</left>
					<top>810</top>
					<width>1680</width>
					<height>2</height>
					<texture colordiffuse="$VAR[SeparatorColorDiffuse]">separator-uni.png</texture>
				</control>
				<control type="label">
					<description>Next timer date</description>
					<left>83</left>
					<top>818</top>
					<width>1515</width>
					<height>45</height>
					<font>Regular20</font>
					<align>center</align>
					<aligny>center</aligny>
					<scroll>true</scroll>
					<textcolor>white</textcolor>
					<label>$INFO[PVR.NextTimer]</label>
					<visible>PVR.HasTimer</visible>
				</control>
			</control>
		</control>
		
		<control type="group">
			<depth>DepthFooter</depth>
			<include>CommonNowPlaying</include>
		</control>
		
		<include>ScrollOffsetLabel</include>
		<include>BehindDialogFadeOut</include>
		
		<control type="image">
			<left>0</left>
			<top>0</top>
			<width>1920</width>
			<height>1080</height>
			<texture>colors/black_70.png</texture>
			<animation effect="fade" time="300">Visible</animation>
			<animation effect="fade" time="150">Hidden</animation>
			<!--
			<visible>Window.IsActive(FileBrowser) | Window.IsActive(PVRGuideInfo) | Window.IsActive(PVRRecordingInfo) | Window.IsActive(PVRTimerSetting) | Window.IsActive(PVRGroupManager) | Window.IsActive(PVRGuideSearch)</visible>
			-->
			<visible>Window.IsActive(FileBrowser) | Window.IsActive(PVRTimerSetting) | Window.IsActive(PVRGroupManager) | Window.IsActive(PVRGuideSearch) | Window.IsActive(PVRChannelManager)</visible>
		</control>
		
		<include>PVRHeader</include>
		
		<include>PVRSideBlade</include>
		
	</controls>
</window>
