<?xml version="1.0" encoding="UTF-8"?>
<includes>
	<include name="LiveTVView1">
		<control type="group">
			<visible>Control.IsVisible(560)</visible>
			<include>VisibleFadeEffect</include>
			<control type="list" id="560">
				<left>105</left>
				<top>114</top>
				<width>1140</width>
				<height>842</height>
				<onleft>2</onleft>
				<onright>60</onright>
				<onup>560</onup>
				<ondown>560</ondown>
				<viewtype label="$LOCALIZE[4]">list</viewtype>
				<pagecontrol>60</pagecontrol>
				<include>ScrollTimeOld</include>
				<visible>Container.Content(LiveTV)</visible>
				<itemlayout height="60" width="1140">
					<control type="label">
						<left>15</left>
						<top>0</top>
						<width>1095</width>
						<height>60</height>
						<font>Regular20</font>
						<textcolor>grey2</textcolor>
						<selectedcolor>selected</selectedcolor>
						<align>left</align>
						<aligny>center</aligny>
						<label>$INFO[ListItem.Label]</label>
					</control>
					<control type="label">
						<left>75</left>
						<top>0</top>
						<width>1050</width>
						<height>60</height>
						<font>Regular17</font>
						<textcolor>grey2</textcolor>
						<selectedcolor>selected</selectedcolor>
						<align>right</align>
						<aligny>center</aligny>
						<label>$INFO[ListItem.Label2]</label>
					</control>
				</itemlayout>
				<focusedlayout height="60" width="1140">
					<control type="image">
						<left>0</left>
						<top>0</top>
						<width>1140</width>
						<height>62</height>
						<texture border="12" colordiffuse="$VAR[accentColorDiffuseForNeutralTextures]">MenuItemFO-rounded-10px-neutral.png</texture>
						<visible>Control.HasFocus(560)</visible>
						<include>VisibleFadeEffect</include>
					</control>
					<control type="label">
						<left>15</left>
						<top>0</top>
						<width>1095</width>
						<height>60</height>
						<font>Regular20</font>
						<textcolor>white</textcolor>
						<selectedcolor>selected</selectedcolor>
						<align>left</align>
						<aligny>center</aligny>
						<label>$INFO[ListItem.Label]</label>
					</control>
					<control type="label">
						<left>75</left>
						<top>0</top>
						<width>1050</width>
						<height>60</height>
						<font>Regular17</font>
						<textcolor>grey2</textcolor>
						<selectedcolor>selected</selectedcolor>
						<align>right</align>
						<aligny>center</aligny>
						<label>$INFO[ListItem.Label2]</label>
					</control>
				</focusedlayout>
			</control>
			<control type="scrollbar" id="60">
				<left>1269</left>
				<top>114</top>
				<include>scrollBarStyleDefaultWidth</include>
				<height>842</height>
				<onleft>560</onleft>
				<onright>2</onright>
				<showonepage>false</showonepage>
				<visible>Control.IsVisible(560)</visible>
				<include>scrollBarStyleDefault</include>
			</control>
			<control type="group">
				<visible>Control.IsVisible(560) + !ListItem.IsParentFolder</visible>
				<left>1365</left>
				<top>120</top>
				<control type="image">
					<left>15</left>
					<top>27</top>
					<width>435</width>
					<height>435</height>
					<aspectratio aligny="bottom">keep</aspectratio>
					<fadetime>IconCrossfadeTime</fadetime>
					<texture background="true">$INFO[ListItem.Icon]</texture>
					<bordertexture></bordertexture>
					<bordersize>12</bordersize>
				</control>
				<control type="fadelabel">
					<left>15</left>
					<top>477</top>
					<width>435</width>
					<height>38</height>
					<label>$INFO[ListItem.Label2]</label>
					<align>center</align>
					<aligny>center</aligny>
					<font>Regular20</font>
					<textcolor>blue</textcolor>
					<scrollout>false</scrollout>
					<pauseatend>1000</pauseatend>
				</control>
				<control type="textbox">
					<description>Description Value for TV Show</description>
					<left>15</left>
					<top>525</top>
					<width>435</width>
					<height>324</height>
					<font>Light20</font>
					<align>justify</align>
					<textcolor>white</textcolor>
					<label>$INFO[ListItem.Plot]</label>
					<autoscroll time="2000" delay="3000" repeat="5000">Skin.HasSetting(AutoScroll)</autoscroll>
				</control>
			</control>
		</control>
	</include>
</includes>
