<?xml version="1.0" encoding="UTF-8"?>
<includes>
	<!-- ID: 10 -->
	<include name="PVRGuideViewTimeline">
		<control type="group">
			<description>TV Guide Timeline</description>
			<visible>Control.IsVisible(10)</visible>
			<include>VisibleFadeEffect</include>
			<control type="image">
				<description>separator image</description>
				<left>30</left>
				<top>152</top>
				<width>1839</width>
				<height>2</height>
				<texture colordiffuse="$VAR[SeparatorColorDiffuse]">separator-uni.png</texture>
			</control>
			<control type="epggrid" id="10">
				<description>EPG Grid</description>
				<left>30</left>
				<top>107</top>
				<width>1839</width>
				<height>629</height>
				<onleft>101</onleft>
				<onright>60</onright>
				<onup>10</onup>
				<ondown>10</ondown>
				<viewtype label="19032">list</viewtype>
				<pagecontrol>60</pagecontrol>
				<scrolltime>350</scrolltime>
				<timeblocks>40</timeblocks>
				<rulerunit>6</rulerunit>
				<progresstexture border="0,72,27,21" colordiffuse="$VAR[accentColorDiffuse]">PVR-EpgProgressIndicator-neutral.png</progresstexture>
				<rulerlayout height="53" width="60">
					<control type="label" id="2">
						<left>0</left>
						<top>0</top>
						<width>51</width>
						<height>44</height>
						<font>Regular17</font>
						<aligny>center</aligny>
						<selectedcolor>selected</selectedcolor>
						<align>center</align>
						<label>$INFO[ListItem.Label]</label>
						<visible>!ListItem.Property(DateLabel)</visible>
					</control>
					<control type="label" id="2">
						<left>0</left>
						<top>0</top>
						<width>51</width>
						<height>44</height>
						<font>Regular17</font>
						<aligny>center</aligny>
						<selectedcolor>selected</selectedcolor>
						<align>left</align>
						<label>$INFO[ListItem.Label]</label>
						<visible>ListItem.Property(DateLabel)</visible>
					</control>
				</rulerlayout>
				<channellayout height="72" width="420">
					<control type="image">
						<left>0</left>
						<top>0</top>
						<width>405</width>
						<height>72</height>
						<texture border="3">MenuItemNF.png</texture>
						<include>VisibleFadeEffect</include>
					</control>
					<control type="label">
						<left>8</left>
						<top>8</top>
						<width>60</width>
						<height>53</height>
						<font>Regular17</font>
						<align>left</align>
						<aligny>center</aligny>
						<textcolor>grey</textcolor>
						<selectedcolor>grey</selectedcolor>
						<info>ListItem.ChannelNumberLabel</info>
					</control>
					<control type="image">
						<left>68</left>
						<top>3</top>
						<width>68</width>
						<height>66</height>
						<texture fallback="DefaultPVRChannels.png">$INFO[ListItem.Icon]</texture>
						<aspectratio>keep</aspectratio>
					</control>
					<control type="label" id="1">
						<left>141</left>
						<top>0</top>
						<width>240</width>
						<height>72</height>
						<font>Regular20</font>
						<aligny>center</aligny>
						<selectedcolor>selected</selectedcolor>
						<align>left</align>
						<label>$INFO[ListItem.ChannelName]</label>
					</control>
				</channellayout>
				<focusedchannellayout height="72" width="420">
					<control type="image">
						<left>0</left>
						<top>0</top>
						<width>405</width>
						<height>72</height>
						<texture border="3">MenuItemNF.png</texture>
						<visible>!Control.HasFocus(10)</visible>
						<include>VisibleFadeEffect</include>
					</control>
					<control type="image">
						<left>0</left>
						<top>0</top>
						<width>405</width>
						<height>72</height>
						<texture border="12" colordiffuse="$VAR[accentColorDiffuseForNeutralTextures]">MenuItemFO-rounded-10px-neutral.png</texture>
						<visible>Control.HasFocus(10)</visible>
						<include>VisibleFadeEffect</include>
					</control>
					<control type="label">
						<left>8</left>
						<top>8</top>
						<width>60</width>
						<height>53</height>
						<font>Regular17</font>
						<align>left</align>
						<aligny>center</aligny>
						<textcolor>grey</textcolor>
						<selectedcolor>grey</selectedcolor>
						<info>ListItem.ChannelNumberLabel</info>
					</control>
					<control type="image">
						<left>68</left>
						<top>3</top>
						<width>68</width>
						<height>66</height>
						<texture fallback="DefaultPVRChannels.png">$INFO[ListItem.Icon]</texture>
						<aspectratio>keep</aspectratio>
					</control>
					<control type="label" id="1">
						<left>141</left>
						<top>0</top>
						<width>240</width>
						<height>72</height>
						<font>Regular20</font>
						<aligny>center</aligny>
						<selectedcolor>selected</selectedcolor>
						<align>left</align>
						<label>$INFO[ListItem.ChannelName]</label>
					</control>
				</focusedchannellayout>
				<itemlayout height="72" width="60">
					<control type="image" id="2">
						<width>60</width>
						<height>72</height>
						<left>0</left>
						<top>0</top>
						<aspectratio>stretch</aspectratio>
						<texture border="6">epg-genres/$INFO[ListItem.Property(GenreType)].png</texture>
					</control>
					<control type="label" id="1">
						<left>15</left>
						<top>5</top>
						<width>30</width>
						<height>38</height>
						<font>Regular17</font>
						<aligny>center</aligny>
						<selectedcolor>selected</selectedcolor>
						<align>left</align>
						<info>ListItem.Label</info>
					</control>
					<control type="image">
						<left>9</left>
						<top>42</top>
						<width>24</width>
						<height>24</height>
						<texture>$VAR[PVRTimerIcon]</texture>
					</control>
				</itemlayout>
				<focusedlayout height="72" width="60">
					<control type="image" id="2">
						<width>60</width>
						<height>72</height>
						<left>0</left>
						<top>0</top>
						<aspectratio>stretch</aspectratio>
						<texture border="6">epg-genres/$INFO[ListItem.Property(GenreType)].png</texture>
					</control>
					<control type="image" id="14">
						<width>60</width>
						<height>72</height>
						<left>0</left>
						<top>0</top>
						<texture border="6" colordiffuse="$VAR[accentColorDiffuseForNeutralTextures]">_added_img/focus_border_2px-neutral.png</texture>
					</control>
					<control type="label" id="1">
						<left>15</left>
						<top>5</top>
						<width>30</width>
						<height>38</height>
						<font>Regular17</font>
						<aligny>center</aligny>
						<selectedcolor>selected</selectedcolor>
						<align>left</align>
						<info>ListItem.Label</info>
					</control>
					<control type="image">
						<left>9</left>
						<top>42</top>
						<width>24</width>
						<height>24</height>
						<texture>$VAR[PVRTimerIcon]</texture>
					</control>
				</focusedlayout>
			</control>
			<control type="scrollbar" id="60">
				<left>1890</left>
				<top>159</top>
				<include>scrollBarStyleDefaultWidth</include>
				<height>576</height>
				<onleft>10</onleft>
				<onright>60</onright>
				<showonepage>false</showonepage>
				<visible>Control.IsVisible(10)</visible>
				<include>scrollBarStyleDefault</include>
			</control>
			<control type="group">
				<visible>!String.IsEmpty(ListItem.Label)</visible>
				<left>30</left>
				<top>762</top>
				<control type="image">
					<left>93</left>
					<top>9</top>
					<width>195</width>
					<height>195</height>
					<texture background="true" fallback="DefaultPVRChannels.png">$INFO[ListItem.Icon]</texture>
					<aspectratio align="center" aligny="top">keep</aspectratio>
				</control>
				<control type="label">
					<left>420</left>
					<top>0</top>
					<width>1410</width>
					<height>30</height>
					<label>$INFO[ListItem.Label]</label>
					<font>Regular20</font>
					<textcolor>white</textcolor>
				</control>
				<control type="label">
					<left>420</left>
					<top>38</top>
					<width>1410</width>
					<height>30</height>
					<label>$INFO[ListItem.StartTime]$INFO[ListItem.EndTime, - ]$INFO[ListItem.Season, • $LOCALIZE[20373] ]$INFO[ListItem.Episode, • $LOCALIZE[20359] ]$INFO[ListItem.Genre, • ]</label>
					<font>Regular17</font>
					<textcolor>grey</textcolor>
				</control>
				<control type="textbox">
					<description>Plot value</description>
					<left>420</left>
					<top>86</top>
					<width>1410</width>
					<height>105</height>
					<font>Regular17+</font>
					<align>left</align>
					<textcolor>grey</textcolor>
					<autoscroll delay="10000" time="3000" repeat="6000">true</autoscroll>
					<label>$VAR[PVRPlotText]</label>
				</control>
			</control>
		</control>
	</include>
	<!-- ID: 11 -->
	<!--
	REMOVED FOR KODI 18+
	<include name="PVRGuideViewNow">
		<control type="group">
			<description>TV Guide Now</description>
			<visible>Control.IsVisible(11)</visible>
			<include>VisibleFadeEffect</include>
			<control type="group">
				<left>80</left>
				<top>60</top>
				<control type="label">
					<description>Time label</description>
					<left>0</left>
					<top>20</top>
					<width>100</width>
					<height>20</height>
					<font>Regular21</font>
					<textcolor>white</textcolor>
					<align>center</align>
					<aligny>center</aligny>
					<label>555</label>
				</control>
				<control type="label">
					<description>Channel label</description>
					<left>100</left>
					<top>20</top>
					<width>250</width>
					<height>20</height>
					<font>Regular21</font>
					<textcolor>white</textcolor>
					<align>center</align>
					<aligny>center</aligny>
					<label>19148</label>
				</control>
				<control type="label">
					<description>Title</description>
					<left>350</left>
					<top>20</top>
					<width>550</width>
					<height>20</height>
					<font>Regular21</font>
					<textcolor>white</textcolor>
					<align>center</align>
					<aligny>center</aligny>
					<label>369</label>
				</control>
				<control type="label">
					<description>Status header label</description>
					<left>960</left>
					<top>20</top>
					<width>140</width>
					<height>20</height>
					<font>Regular21</font>
					<textcolor>white</textcolor>
					<align>center</align>
					<aligny>center</aligny>
					<label>126</label>
				</control>
				<control type="image">
					<description>separator image</description>
					<left>0</left>
					<top>50</top>
					<width>1100</width>
					<height>1</height>
					<texture colordiffuse="$VAR[SeparatorColorDiffuse]">separator-uni.png</texture>
				</control>
				<control type="list" id="11">
					<viewtype label="19030">list</viewtype>
					<left>0</left>
					<top>60</top>
					<width>1100</width>
					<height>500</height>
					<onup>11</onup>
					<ondown>11</ondown>
					<onleft>101</onleft>
					<onright>76</onright>
					<pagecontrol>76</pagecontrol>
					<scrolltime>200</scrolltime>
					<itemlayout height="40">
						<control type="image">
							<left>0</left>
							<top>0</top>
							<width>1100</width>
							<height>41</height>
							<texture border="4">MenuItemNF.png</texture>
						</control>
						<control type="image">
							<left>100</left>
							<top>0</top>
							<width>250</width>
							<height>40</height>
							<colordiffuse>33FFFFFF</colordiffuse>
							<texture border="4">StackFO.png</texture>
						</control>
						<control type="image">
							<left>960</left>
							<top>0</top>
							<width>140</width>
							<height>40</height>
							<colordiffuse>33FFFFFF</colordiffuse>
							<texture border="4">StackFO.png</texture>
						</control>
						<control type="label">
							<left>0</left>
							<top>0</top>
							<width>100</width>
							<height>40</height>
							<font>Regular17</font>
							<align>center</align>
							<aligny>center</aligny>
							<textcolor>grey2</textcolor>
							<selectedcolor>selected</selectedcolor>
							<info>ListItem.StartTime</info>
						</control>
						<control type="image">
							<left>110</left>
							<top>5</top>
							<width>30</width>
							<height>30</height>
							<info>ListItem.Icon</info>
							<aspectratio>keep</aspectratio>
						</control>
						<control type="label">
							<left>150</left>
							<top>0</top>
							<width>190</width>
							<height>35</height>
							<font>Regular17</font>
							<align>left</align>
							<aligny>center</aligny>
							<textcolor>grey2</textcolor>
							<selectedcolor>selected</selectedcolor>
							<info>ListItem.ChannelName</info>
						</control>
						<control type="label">
							<left>360</left>
							<top>0</top>
							<width>590</width>
							<height>35</height>
							<font>Regular20</font>
							<align>left</align>
							<aligny>center</aligny>
							<textcolor>grey2</textcolor>
							<selectedcolor>selected</selectedcolor>
							<label>$INFO[ListItem.Label]$INFO[ListItem.EpisodeName, (,)]</label>
						</control>
						<control type="image">
							<left>970</left>
							<top>10</top>
							<width>20</width>
							<height>20</height>
							<texture>$VAR[PVRTimerIcon]</texture>
						</control>
						<control type="label">
							<left>1000</left>
							<top>0</top>
							<width>80</width>
							<height>40</height>
							<font>Regular14</font>
							<align>left</align>
							<aligny>center</aligny>
							<textcolor>grey2</textcolor>
							<selectedcolor>selected</selectedcolor>
							<label>$VAR[PVRTimerLabel]</label>
						</control>
					</itemlayout>
					<focusedlayout height="100">
						<control type="image">
							<left>0</left>
							<top>1</top>
							<width>1100</width>
							<height>98</height>
							<colordiffuse>AAFFFFFF</colordiffuse>
							<texture>black-back2.png</texture>
						</control>
						<control type="image">
							<left>0</left>
							<top>0</top>
							<width>1100</width>
							<height>100</height>
							<texture border="4">MenuItemNF.png</texture>
						</control>
						<control type="image">
							<left>100</left>
							<top>0</top>
							<width>250</width>
							<height>40</height>
							<colordiffuse>AAFFFFFF</colordiffuse>
							<texture border="4">StackFO.png</texture>
							<visible>!Control.HasFocus(11)</visible>
						</control>
						<control type="image">
							<left>960</left>
							<top>0</top>
							<width>140</width>
							<height>40</height>
							<colordiffuse>AAFFFFFF</colordiffuse>
							<texture border="4">StackFO.png</texture>
							<visible>!Control.HasFocus(11)</visible>
						</control>
						<control type="image">
							<left>100</left>
							<top>0</top>
							<width>250</width>
							<height>40</height>
							<colordiffuse>88FFFFFF</colordiffuse>
							<texture border="4">StackFO.png</texture>
							<visible>Control.HasFocus(11)</visible>
						</control>
						<control type="image">
							<left>960</left>
							<top>0</top>
							<width>140</width>
							<height>40</height>
							<colordiffuse>88FFFFFF</colordiffuse>
							<texture border="4">StackFO.png</texture>
							<visible>Control.HasFocus(11)</visible>
						</control>
						<control type="label">
							<left>0</left>
							<top>0</top>
							<width>100</width>
							<height>40</height>
							<font>Regular17</font>
							<align>center</align>
							<aligny>center</aligny>
							<textcolor>white</textcolor>
							<selectedcolor>selected</selectedcolor>
							<info>ListItem.StartTime</info>
						</control>
						<control type="image">
							<left>110</left>
							<top>5</top>
							<width>30</width>
							<height>30</height>
							<info>ListItem.Icon</info>
							<aspectratio>keep</aspectratio>
						</control>
						<control type="label">
							<left>150</left>
							<top>0</top>
							<width>190</width>
							<height>35</height>
							<font>Regular17</font>
							<align>left</align>
							<aligny>center</aligny>
							<textcolor>white</textcolor>
							<selectedcolor>selected</selectedcolor>
							<info>ListItem.ChannelName</info>
						</control>
						<control type="label">
							<left>360</left>
							<top>0</top>
							<width>590</width>
							<height>35</height>
							<font>Regular20</font>
							<align>left</align>
							<aligny>center</aligny>
							<textcolor>white</textcolor>
							<selectedcolor>selected</selectedcolor>
							<label>$INFO[ListItem.Label]$INFO[ListItem.EpisodeName, (,)]</label>
						</control>
						<control type="textbox">
							<description>Plot Value for TVShow</description>
							<left>50</left>
							<top>37</top>
							<width>1000</width>
							<height>58</height>
							<font>Regular17</font>
							<align>justify</align>
							<textcolor>grey2</textcolor>
							<pagecontrol></pagecontrol>
							<label>$INFO[ListItem.Plot]</label>
						</control>
						<control type="image">
							<left>970</left>
							<top>10</top>
							<width>20</width>
							<height>20</height>
							<texture>$VAR[PVRTimerIcon]</texture>
						</control>
						<control type="label">
							<left>1000</left>
							<top>0</top>
							<width>80</width>
							<height>40</height>
							<font>Regular14</font>
							<align>left</align>
							<aligny>center</aligny>
							<textcolor>grey2</textcolor>
							<selectedcolor>selected</selectedcolor>
							<label>$VAR[PVRTimerLabel]</label>
						</control>
					</focusedlayout>
				</control>
				<control type="scrollbar" id="76">
					<left>1105</left>
					<top>55</top>
					<include>scrollBarStyleDefaultWidth</include>
					<height>514</height>
					<onleft>11</onleft>
					<onright>76</onright>
					<showonepage>false</showonepage>
					
					<include>scrollBarStyleDefault</include>
					
				</control>
			</control>
			<control type="label">
				<depth>DepthFooter</depth>
				<animation effect="slide" start="0,0" end="-108,0" time="0" condition="[System.GetBool(input.enablemouse) + Skin.HasSetting(ShowMouseControlButtons)]">Conditional</animation>
				<description>Page Count Label</description>
				<right>22</right>
				<top>28r</top>
				<width>500</width>
				<height>20</height>
				<font>Regular17</font>
				<textcolor>grey</textcolor>
				<scroll>false</scroll>
				<align>right</align>
				<aligny>center</aligny>
				<label>$INFO[Container(11).NumItems] $LOCALIZE[31025]</label>
			</control>
		</control>
	</include>
	-->
	<!-- ID: 12 -->
	<!--
	REMOVED FOR KODI 18+
	<include name="PVRGuideViewNext">
		<control type="group">
			<description>TV Guide Next</description>
			<visible>Control.IsVisible(12)</visible>
			<include>VisibleFadeEffect</include>
			<control type="group">
				<left>80</left>
				<top>60</top>
				<control type="label">
					<description>Time label</description>
					<left>0</left>
					<top>20</top>
					<width>100</width>
					<height>20</height>
					<font>Regular21</font>
					<textcolor>white</textcolor>
					<align>center</align>
					<aligny>center</aligny>
					<label>555</label>
				</control>
				<control type="label">
					<description>Channel label</description>
					<left>100</left>
					<top>20</top>
					<width>250</width>
					<height>20</height>
					<font>Regular21</font>
					<textcolor>white</textcolor>
					<align>center</align>
					<aligny>center</aligny>
					<label>19148</label>
				</control>
				<control type="label">
					<description>Title</description>
					<left>350</left>
					<top>20</top>
					<width>550</width>
					<height>20</height>
					<font>Regular21</font>
					<textcolor>white</textcolor>
					<align>center</align>
					<aligny>center</aligny>
					<label>369</label>
				</control>
				<control type="label">
					<description>Status header label</description>
					<left>960</left>
					<top>20</top>
					<width>140</width>
					<height>20</height>
					<font>Regular21</font>
					<textcolor>white</textcolor>
					<align>center</align>
					<aligny>center</aligny>
					<label>126</label>
				</control>
				<control type="image">
					<description>separator image</description>
					<left>0</left>
					<top>50</top>
					<width>1100</width>
					<height>1</height>
					<texture colordiffuse="$VAR[SeparatorColorDiffuse]">separator-uni.png</texture>
				</control>
				<control type="list" id="12">
					<viewtype label="19031">list</viewtype>
					<left>0</left>
					<top>60</top>
					<width>1100</width>
					<height>500</height>
					<onup>12</onup>
					<ondown>12</ondown>
					<onleft>101</onleft>
					<onright>76</onright>
					<pagecontrol>76</pagecontrol>
					<scrolltime>200</scrolltime>
					<itemlayout height="40">
						<control type="image">
							<left>0</left>
							<top>0</top>
							<width>1100</width>
							<height>41</height>
							<texture border="4">MenuItemNF.png</texture>
						</control>
						<control type="image">
							<left>100</left>
							<top>0</top>
							<width>250</width>
							<height>40</height>
							<colordiffuse>33FFFFFF</colordiffuse>
							<texture border="4">StackFO.png</texture>
						</control>
						<control type="image">
							<left>960</left>
							<top>0</top>
							<width>140</width>
							<height>40</height>
							<colordiffuse>33FFFFFF</colordiffuse>
							<texture border="4">StackFO.png</texture>
						</control>
						<control type="label">
							<left>0</left>
							<top>0</top>
							<width>100</width>
							<height>40</height>
							<font>Regular17</font>
							<align>center</align>
							<aligny>center</aligny>
							<textcolor>grey2</textcolor>
							<selectedcolor>selected</selectedcolor>
							<info>ListItem.StartTime</info>
						</control>
						<control type="image">
							<left>110</left>
							<top>5</top>
							<width>30</width>
							<height>30</height>
							<info>ListItem.Icon</info>
							<aspectratio>keep</aspectratio>
						</control>
						<control type="label">
							<left>150</left>
							<top>0</top>
							<width>190</width>
							<height>35</height>
							<font>Regular17</font>
							<align>left</align>
							<aligny>center</aligny>
							<textcolor>grey2</textcolor>
							<selectedcolor>selected</selectedcolor>
							<info>ListItem.ChannelName</info>
						</control>
						<control type="label">
							<left>360</left>
							<top>0</top>
							<width>590</width>
							<height>35</height>
							<font>Regular20</font>
							<align>left</align>
							<aligny>center</aligny>
							<textcolor>grey2</textcolor>
							<selectedcolor>selected</selectedcolor>
							<label>$INFO[ListItem.Label]$INFO[ListItem.EpisodeName, (,)]</label>
						</control>
						<control type="image">
							<left>970</left>
							<top>10</top>
							<width>20</width>
							<height>20</height>
							<texture>$VAR[PVRTimerIcon]</texture>
						</control>
						<control type="label">
							<left>1000</left>
							<top>0</top>
							<width>80</width>
							<height>40</height>
							<font>Regular14</font>
							<align>left</align>
							<aligny>center</aligny>
							<textcolor>grey2</textcolor>
							<selectedcolor>selected</selectedcolor>
							<label>$VAR[PVRTimerLabel]</label>
						</control>
					</itemlayout>
					<focusedlayout height="100">
						<control type="image">
							<left>0</left>
							<top>1</top>
							<width>1100</width>
							<height>98</height>
							<colordiffuse>AAFFFFFF</colordiffuse>
							<texture>black-back2.png</texture>
						</control>
						<control type="image">
							<left>0</left>
							<top>0</top>
							<width>1100</width>
							<height>100</height>
							<texture border="4">MenuItemNF.png</texture>
						</control>
						<control type="image">
							<left>100</left>
							<top>0</top>
							<width>250</width>
							<height>40</height>
							<colordiffuse>AAFFFFFF</colordiffuse>
							<texture border="4">StackFO.png</texture>
							<visible>!Control.HasFocus(12)</visible>
						</control>
						<control type="image">
							<left>960</left>
							<top>0</top>
							<width>140</width>
							<height>40</height>
							<colordiffuse>AAFFFFFF</colordiffuse>
							<texture border="4">StackFO.png</texture>
							<visible>!Control.HasFocus(12)</visible>
						</control>
						<control type="image">
							<left>100</left>
							<top>0</top>
							<width>250</width>
							<height>40</height>
							<colordiffuse>88FFFFFF</colordiffuse>
							<texture border="4">StackFO.png</texture>
							<visible>Control.HasFocus(12)</visible>
						</control>
						<control type="image">
							<left>960</left>
							<top>0</top>
							<width>140</width>
							<height>40</height>
							<colordiffuse>88FFFFFF</colordiffuse>
							<texture border="4">StackFO.png</texture>
							<visible>Control.HasFocus(12)</visible>
						</control>
						<control type="label">
							<left>0</left>
							<top>0</top>
							<width>100</width>
							<height>40</height>
							<font>Regular17</font>
							<align>center</align>
							<aligny>center</aligny>
							<textcolor>white</textcolor>
							<selectedcolor>selected</selectedcolor>
							<info>ListItem.StartTime</info>
						</control>
						<control type="image">
							<left>110</left>
							<top>5</top>
							<width>30</width>
							<height>30</height>
							<info>ListItem.Icon</info>
							<aspectratio>keep</aspectratio>
						</control>
						<control type="label">
							<left>150</left>
							<top>0</top>
							<width>190</width>
							<height>35</height>
							<font>Regular17</font>
							<align>left</align>
							<aligny>center</aligny>
							<textcolor>white</textcolor>
							<selectedcolor>selected</selectedcolor>
							<info>ListItem.ChannelName</info>
						</control>
						<control type="label">
							<left>360</left>
							<top>0</top>
							<width>590</width>
							<height>35</height>
							<font>Regular20</font>
							<align>left</align>
							<aligny>center</aligny>
							<textcolor>white</textcolor>
							<selectedcolor>selected</selectedcolor>
							<label>$INFO[ListItem.Label]$INFO[ListItem.EpisodeName, (,)]</label>
						</control>
						<control type="textbox">
							<description>Plot Value for TVShow</description>
							<left>50</left>
							<top>37</top>
							<width>1000</width>
							<height>58</height>
							<font>Regular17</font>
							<align>justify</align>
							<textcolor>grey2</textcolor>
							<pagecontrol></pagecontrol>
							<label>$INFO[ListItem.Plot]</label>
						</control>
						<control type="image">
							<left>970</left>
							<top>10</top>
							<width>20</width>
							<height>20</height>
							<texture>$VAR[PVRTimerIcon]</texture>
						</control>
						<control type="label">
							<left>1000</left>
							<top>0</top>
							<width>80</width>
							<height>40</height>
							<font>Regular14</font>
							<align>left</align>
							<aligny>center</aligny>
							<textcolor>grey2</textcolor>
							<selectedcolor>selected</selectedcolor>
							<label>$VAR[PVRTimerLabel]</label>
						</control>
					</focusedlayout>
				</control>
				<control type="scrollbar" id="76">
					<left>1105</left>
					<top>55</top>
					<include>scrollBarStyleDefaultWidth</include>
					<height>514</height>
					<onleft>12</onleft>
					<onright>76</onright>
					<showonepage>false</showonepage>
					
					<include>scrollBarStyleDefault</include>
					
				</control>
			</control>
			<control type="label">
				<depth>DepthFooter</depth>
				<animation effect="slide" start="0,0" end="-108,0" time="0" condition="[System.GetBool(input.enablemouse) + Skin.HasSetting(ShowMouseControlButtons)]">Conditional</animation>
				<description>Page Count Label</description>
				<right>22</right>
				<top>28r</top>
				<width>500</width>
				<height>20</height>
				<font>Regular17</font>
				<textcolor>grey</textcolor>
				<scroll>false</scroll>
				<align>right</align>
				<aligny>center</aligny>
				<label>$INFO[Container(12).NumItems] $LOCALIZE[31025]</label>
			</control>
		</control>
	</include>
	-->
	<!-- ID: 13 -->
	<!--
	REMOVED FOR KODI 18+
	<include name="PVRGuideViewChannel">
		<control type="group">
			<description>TV Guide Channel</description>
			<visible>Control.IsVisible(13)</visible>
			<include>VisibleFadeEffect</include>
			<control type="group">
				<left>80</left>
				<top>60</top>
				<control type="label">
					<description>Date Time label</description>
					<left>0</left>
					<top>20</top>
					<width>300</width>
					<height>20</height>
					<font>Regular21</font>
					<textcolor>white</textcolor>
					<align>center</align>
					<aligny>center</aligny>
					<label>21820</label>
				</control>
				<control type="label">
					<description>Title</description>
					<left>300</left>
					<top>20</top>
					<width>600</width>
					<height>20</height>
					<font>Regular21</font>
					<textcolor>white</textcolor>
					<align>center</align>
					<aligny>center</aligny>
					<label>369</label>
				</control>
				<control type="label">
					<description>Status header label</description>
					<left>960</left>
					<top>20</top>
					<width>140</width>
					<height>20</height>
					<font>Regular21</font>
					<textcolor>white</textcolor>
					<align>center</align>
					<aligny>center</aligny>
					<label>126</label>
				</control>
				<control type="image">
					<description>separator image</description>
					<left>0</left>
					<top>50</top>
					<width>1100</width>
					<height>1</height>
					<texture colordiffuse="$VAR[SeparatorColorDiffuse]">separator-uni.png</texture>
				</control>
				<control type="list" id="13">
					<viewtype label="19029">list</viewtype>
					<left>0</left>
					<top>60</top>
					<width>1100</width>
					<height>500</height>
					<onup>13</onup>
					<ondown>13</ondown>
					<onleft>101</onleft>
					<onright>75</onright>
					<pagecontrol>75</pagecontrol>
					<scrolltime>200</scrolltime>
					<itemlayout height="40">
						<control type="image">
							<left>0</left>
							<top>0</top>
							<width>1100</width>
							<height>41</height>
							<texture border="4">MenuItemNF.png</texture>
						</control>
						<control type="image">
							<left>0</left>
							<top>0</top>
							<width>300</width>
							<height>40</height>
							<colordiffuse>33FFFFFF</colordiffuse>
							<texture border="4">StackFO.png</texture>
						</control>
						<control type="image">
							<left>960</left>
							<top>0</top>
							<width>140</width>
							<height>40</height>
							<colordiffuse>33FFFFFF</colordiffuse>
							<texture border="4">StackFO.png</texture>
						</control>
						<control type="label">
							<left>10</left>
							<top>0</top>
							<width>280</width>
							<height>40</height>
							<font>Regular17</font>
							<align>center</align>
							<aligny>center</aligny>
							<textcolor>grey2</textcolor>
							<selectedcolor>selected</selectedcolor>
							<info>ListItem.Date</info>
						</control>
						<control type="label">
							<left>310</left>
							<top>0</top>
							<width>640</width>
							<height>40</height>
							<font>Regular20</font>
							<align>left</align>
							<aligny>center</aligny>
							<textcolor>grey2</textcolor>
							<selectedcolor>selected</selectedcolor>
							<label>$INFO[ListItem.Label]$INFO[ListItem.EpisodeName, (,)]</label>
						</control>
						<control type="image">
							<left>970</left>
							<top>10</top>
							<width>20</width>
							<height>20</height>
							<texture>$VAR[PVRTimerIcon]</texture>
						</control>
						<control type="label">
							<left>1000</left>
							<top>0</top>
							<width>80</width>
							<height>40</height>
							<font>Regular14</font>
							<align>left</align>
							<aligny>center</aligny>
							<textcolor>grey2</textcolor>
							<selectedcolor>selected</selectedcolor>
							<label>$VAR[PVRTimerLabel]</label>
						</control>
					</itemlayout>
					<focusedlayout height="100">
						<control type="image">
							<left>0</left>
							<top>1</top>
							<width>1100</width>
							<height>98</height>
							<colordiffuse>AAFFFFFF</colordiffuse>
							<texture>black-back2.png</texture>
						</control>
						<control type="image">
							<left>0</left>
							<top>0</top>
							<width>1100</width>
							<height>101</height>
							<texture border="4">MenuItemNF.png</texture>
						</control>
						<control type="image">
							<left>0</left>
							<top>0</top>
							<width>300</width>
							<height>40</height>
							<colordiffuse>AAFFFFFF</colordiffuse>
							<texture border="4">StackFO.png</texture>
							<visible>!Control.HasFocus(13)</visible>
						</control>
						<control type="image">
							<left>960</left>
							<top>0</top>
							<width>140</width>
							<height>40</height>
							<colordiffuse>AAFFFFFF</colordiffuse>
							<texture border="4">StackFO.png</texture>
							<visible>!Control.HasFocus(13)</visible>
						</control>
						<control type="image">
							<left>0</left>
							<top>0</top>
							<width>300</width>
							<height>40</height>
							<colordiffuse>88FFFFFF</colordiffuse>
							<texture border="4">StackFO.png</texture>
							<visible>Control.HasFocus(13)</visible>
						</control>
						<control type="image">
							<left>960</left>
							<top>0</top>
							<width>140</width>
							<height>40</height>
							<colordiffuse>88FFFFFF</colordiffuse>
							<texture border="4">StackFO.png</texture>
							<visible>Control.HasFocus(13)</visible>
						</control>
						<control type="label">
							<left>10</left>
							<top>0</top>
							<width>280</width>
							<height>40</height>
							<font>Regular17</font>
							<align>center</align>
							<aligny>center</aligny>
							<textcolor>white</textcolor>
							<selectedcolor>selected</selectedcolor>
							<info>ListItem.Date</info>
						</control>
						<control type="label">
							<left>310</left>
							<top>0</top>
							<width>640</width>
							<height>40</height>
							<font>Regular20</font>
							<align>left</align>
							<aligny>center</aligny>
							<textcolor>white</textcolor>
							<selectedcolor>selected</selectedcolor>
							<label>$INFO[ListItem.Label]$INFO[ListItem.EpisodeName, (,)]</label>
						</control>
						<control type="textbox">
							<description>Plot Value for TVShow</description>
							<left>50</left>
							<top>42</top>
							<width>1000</width>
							<height>58</height>
							<font>Regular17</font>
							<align>justify</align>
							<textcolor>grey2</textcolor>
							<pagecontrol></pagecontrol>
							<label>$INFO[ListItem.Plot]</label>
						</control>
						<control type="image">
							<left>970</left>
							<top>10</top>
							<width>20</width>
							<height>20</height>
							<texture>$VAR[PVRTimerIcon]</texture>>
						</control>
						<control type="label">
							<left>1000</left>
							<top>0</top>
							<width>80</width>
							<height>40</height>
							<font>Regular14</font>
							<align>left</align>
							<aligny>center</aligny>
							<textcolor>grey2</textcolor>
							<selectedcolor>selected</selectedcolor>
							<label>$VAR[PVRTimerLabel]</label>
						</control>
					</focusedlayout>
				</control>
				<control type="scrollbar" id="75">
					<left>1105</left>
					<top>55</top>
					<include>scrollBarStyleDefaultWidth</include>
					<height>514</height>
					<onleft>13</onleft>
					<onright>75</onright>
					<showonepage>false</showonepage>
					
					<include>scrollBarStyleDefault</include>
					
				</control>
			</control>
			<control type="label">
				<depth>DepthFooter</depth>
				<animation effect="slide" start="0,0" end="-108,0" time="0" condition="[System.GetBool(input.enablemouse) + Skin.HasSetting(ShowMouseControlButtons)]">Conditional</animation>
				<description>Page Count Label</description>
				<right>22</right>
				<top>28r</top>
				<width>500</width>
				<height>20</height>
				<font>Regular17</font>
				<textcolor>grey</textcolor>
				<scroll>false</scroll>
				<align>right</align>
				<aligny>center</aligny>
				<label>$INFO[Container(13).NumItems] $LOCALIZE[31025]</label>
			</control>
		</control>
	</include>
	-->
</includes>
