<?xml version="1.0" encoding="UTF-8"?>
<window>
	<defaultcontrol>100</defaultcontrol>
	<onload>SetProperty(onnext,SetFocus(100))</onload>
	<onload>SetProperty(onback_10052,SetFocus(100))</onload>
	<onload>SetProperty(onback_10053,SetFocus(100))</onload>
	<onload>SetProperty(onback_10054,SetFocus(100))</onload>
	<onload>SetProperty(onback_10055,SetFocus(100))</onload>
	<onload>SetProperty(onback_10056,SetFocus(100))</onload>
	<onload>SetProperty(onback_10057,SetFocus(100))</onload>
	<onload>SetProperty(onback_10058,SetFocus(100))</onload>
	<onload>SetProperty(onback_10059,SetFocus(100))</onload>
	<onload condition="!Skin.HasSetting(disable_PauseOnExtraInfos)">PlayerControl(Play)</onload>
	<onunload condition="!Skin.HasSetting(disable_PauseOnExtraInfos) + Control.HasFocus(10054)">PlayerControl(Stop)</onunload>
	<onunload condition="!Skin.HasSetting(disable_PauseOnExtraInfos) + !Control.HasFocus(10054)">PlayerControl(Play)</onunload>
	<controls>
		<!-- Storage container for the item details -->
		<control type="list" id="10051">
			<top>-3000</top>
			<left>-3000</left>
			<width>1</width>
			<height>1</height>
			<itemlayout/>
			<focusedlayout/>
		</control>
		<control type="grouplist" id="50">
			<animation type="WindowOpen">
				<effect type="fade" start="0" end="100" time="300" tween="sine" easing="out" />
				<effect type="slide" start="320" end="0" time="400" tween="cubic" easing="out" />
			</animation>
			<animation type="WindowCLose" condition="String.IsEmpty(Window(home).Property(script.embuary.info-nextcall))">
				<effect type="fade" start="100" end="0" time="300" tween="sine" easing="out" />
				<effect type="slide" start="0" end="320" time="300" tween="cubic" easing="out" />
			</animation>
			<animation type="WindowCLose" condition="!String.IsEmpty(Window(home).Property(script.embuary.info-nextcall))">
				<effect type="fade" start="100" end="0" time="0" tween="sine" easing="out" />
			</animation>
			<top>145</top>
			<bottom>0</bottom>
			<width>1920</width>
			<orientation>vertical</orientation>
			<scrolltime tween="cubic" easing="out">500</scrolltime>
			<usecontrolcoords>true</usecontrolcoords>

			<!-- Poster, meta and buttons -->
			<control type="group">
				<height>700</height>
				<control type="group">
					<description>poster</description>
					<left>80</left>
					<width>480</width>
					<height>720</height>
					<control type="image">
						<left>-20</left>
						<top>-20</top>
						<width>520</width>
						<height>760</height>
						<texture>dialogs/dialog-bg-nobo.png</texture>
						<bordertexture border="21">overlays/shadow.png</bordertexture>
						<bordersize>20</bordersize>
					</control>
					<control type="image">
						<width>480</width>
						<height>720</height>
						<texture fallback="DefaultVideo.png" background="true">$INFO[Container(10051).ListItem.Art(thumb)]</texture>
						<aspectratio>scale</aspectratio>
					</control>
					<control type="group">
						<visible>Integer.IsGreater(Container(10051).ListItem.Playcount,0) | Container(10051).ListItem.IsResumable</visible>
						<control type="image">
							<left>0</left>
							<bottom>0</bottom>
							<width>80</width>
							<height>80</height>
							<texture>overlays/overlay-bg.png</texture>
						</control>
						<control type="image">
							<left>5</left>
							<bottom>5</bottom>
							<width>32</width>
							<height>32</height>
							<texture>icons/extendedinfo/OverlayWatched.png</texture>
							<visible>Integer.IsGreater(Container(10051).ListItem.Playcount,0)</visible>
						</control>
						<control type="image">
							<left>5</left>
							<bottom>5</bottom>
							<width>32</width>
							<height>32</height>
							<texture>overlays/watched/resume.png</texture>
							<visible>Container(10051).ListItem.IsResumable</visible>
						</control>
					</control>
					<control type="group">
						<visible>!String.IsEmpty(Container(10051).ListItem.DBID)</visible>
						<control type="image">
							<left>0</left>
							<top>0</top>
							<width>64</width>
							<height>64</height>
							<texture flipy="true" colordiffuse="$VAR[SkinColorVar]">overlays/overlay-edge.png</texture>
						</control>
						<control type="image">
							<left>2</left>
							<top>2</top>
							<width>32</width>
							<height>32</height>
							<texture>icons/extendedinfo/OverlayLocal.png</texture>
						</control>
					</control>
				</control>

				<control type="group">
					<include>OpenClose_Right</include>
					<left>570</left>
					<top>-30</top>
					<control type="group" id="140">
						<top>10</top>
						<control type="image">
							<height>630</height>
							<width>690</width>
							<texture border="21">dialogs/dialog-bg.png</texture>
						</control>
						<control type="textbox">
							<left>35</left>
							<top>23</top>
							<width>625</width>
							<height>582</height>
							<align>justify</align>
							<font>fontplot</font>
							<label fallback="19055">$INFO[Container(10051).ListItem.Plot]</label>
							<autoscroll delay="12000" time="4000" repeat="10000">Skin.HasSetting(AutoScroll)</autoscroll>
						</control>
						<control type="group">
							<left>680</left>
							<width>631</width>
							<height>630</height>
							<control type="image">
								<aligny>bottom</aligny>
								<texture border="21">dialogs/dialog-bg.png</texture>
							</control>
							<control type="grouplist" id="150">
								<orientation>vertical</orientation>
								<left>25</left>
								<top>21</top>
								<height>569</height>
								<width>605</width>
								<itemgap>5</itemgap>
								<usecontrolcoords>true</usecontrolcoords>
								<ondown>5000</ondown>
								<onup>501</onup>
								<onright>60</onright>
								<onleft>60</onleft>
								<pagecontrol>60</pagecontrol>
								<include content="InfoDialogPvrMetadata">
									<param name="control_id" value="151" />
									<param name="label" value="$LOCALIZE[126]: " />
									<param name="labelwidth" value="250" />
									<param name="content" value="$INFO[Container(10051).ListItem.Status]" />
									<param name="visible" value="[String.IsEmpty(Container(10051).ListItem.Premiered) | String.IsEqual(Container(10051).ListItem.DBType,tvshow)] + !String.IsEmpty(Container(10051).ListItem.Status)" />
								</include>
								<include content="InfoDialogPvrMetadata">
									<param name="control_id" value="152" />
									<param name="label" value="$ADDON[script.embuary.info 32011]: " />
									<param name="labelwidth" value="250" />
									<param name="content" value="$INFO[Container(10051).ListItem.Premiered]" />
									<param name="visible" value="!String.IsEmpty(Container(10051).ListItem.Premiered)" />
								</include>
								<include content="InfoDialogPvrMetadata">
									<param name="control_id" value="153" />
									<param name="label" value="$ADDON[script.embuary.info 32012]: " />
									<param name="labelwidth" value="250" />
									<param name="content" value="$INFO[Container(10051).ListItem.Property(release)]" />
									<param name="visible" value="!String.IsEmpty(Container(10051).ListItem.Property(release))" />
								</include>
								<include content="InfoDialogPvrMetadata">
									<param name="control_id" value="154" />
									<param name="label" value="$LOCALIZE[20074]: " />
									<param name="labelwidth" value="250" />
									<param name="content" value="$INFO[Container(10051).ListItem.MPAA]" />
									<param name="visible" value="!String.IsEmpty(Container(10051).ListItem.MPAA)" />
								</include>
								<include content="InfoDialogPvrMetadata">
									<param name="control_id" value="155" />
									<param name="label" value="TMDb: " />
									<param name="labelwidth" value="250" />
									<param name="content" value="$INFO[Container(10051).ListItem.Rating] / 10$INFO[Container(10051).ListItem.Votes, (,)]" />
									<param name="visible" value="!String.IsEmpty(Container(10051).ListItem.Rating)" />
								</include>
								<include content="InfoDialogPvrMetadata">
									<param name="control_id" value="156" />
									<param name="label" value="IMDb: " />
									<param name="labelwidth" value="250" />
									<param name="content" value="$INFO[Container(10051).ListItem.Property(rating.imdb)] / 10$INFO[Container(10051).ListItem.Property(votes.imdb), (,)]" />
									<param name="visible" value="!String.IsEmpty(Container(10051).ListItem.Property(rating.imdb))" />
								</include>
								<include content="InfoDialogPvrMetadata">
									<param name="control_id" value="157" />
									<param name="label" value="Rotten Tomatoes: " />
									<param name="labelwidth" value="250" />
									<param name="content" value="$INFO[Container(10051).ListItem.Property(rating.rotten)] / 100$INFO[Container(10051).ListItem.Property(votes.rotten), (,)]" />
									<param name="visible" value="!String.IsEmpty(Container(10051).ListItem.Property(rating.rotten))" />
								</include>
								<include content="InfoDialogPvrMetadata">
									<param name="control_id" value="158" />
									<param name="label" value="Metacritic: " />
									<param name="labelwidth" value="250" />
									<param name="content" value="$INFO[Container(10051).ListItem.Property(rating.metacritic)] / 100" />
									<param name="visible" value="!String.IsEmpty(Container(10051).ListItem.Property(rating.metacritic))" />
								</include>
								<include content="InfoDialogPvrMetadata">
									<param name="control_id" value="159" />
									<param name="label" value="$ADDON[script.embuary.info 32046]: " />
									<param name="labelwidth" value="250" />
									<param name="content" value="$INFO[Container(10051).ListItem.Property(WatchedEpisodes)] / $INFO[Container(10051).ListItem.Property(TotalEpisodes)]" />
									<param name="visible" value="!String.IsEmpty(Container(10051).ListItem.DBID) + !String.IsEmpty(Container(10051).ListItem.Property(WatchedEpisodes)) + !String.IsEmpty(Container(10051).ListItem.Property(TotalEpisodes))" />
								</include>
								<include content="InfoDialogPvrMetadata">
									<param name="control_id" value="160" />
									<param name="label" value="$ADDON[script.embuary.info 32048]: " />
									<param name="labelwidth" value="250" />
									<param name="content" value="$INFO[Container(10051).ListItem.Property(NextEpisode_date)]" />
									<param name="visible" value="!String.IsEmpty(Container(10051).ListItem.Property(NextEpisode_date))" />
								</include>
								<include content="InfoDialogPvrMetadata">
									<param name="control_id" value="161" />
									<param name="label" value="$LOCALIZE[572]: " />
									<param name="labelwidth" value="250" />
									<param name="content" value="$INFO[Container(10051).ListItem.Property(studio.0)]" />
									<param name="visible" value="!String.IsEmpty(Container(10051).ListItem.Property(studio.0))" />
								</include>
								<include content="InfoDialogPvrMetadata">
									<param name="control_id" value="162" />
									<param name="label" value="$LOCALIZE[705]: " />
									<param name="labelwidth" value="250" />
									<param name="content" value="$INFO[Container(10051).ListItem.Property(network.0)]" />
									<param name="visible" value="!String.IsEmpty(Container(10051).ListItem.Property(network.0))" />
								</include>
								<include content="InfoDialogPvrMetadata">
									<param name="control_id" value="163" />
									<param name="label" value="$ADDON[script.embuary.info 32013]: " />
									<param name="labelwidth" value="250" />
									<param name="content" value="$INFO[Container(10051).ListItem.Property(Budget),$]" />
									<param name="visible" value="!String.IsEmpty(Container(10051).ListItem.Property(Budget))" />
								</include>
								<include content="InfoDialogPvrMetadata">
									<param name="control_id" value="164" />
									<param name="label" value="$ADDON[script.embuary.info 32014]: " />
									<param name="labelwidth" value="250" />
									<param name="content" value="$INFO[Container(10051).ListItem.Property(Revenue),$]" />
									<param name="visible" value="!String.IsEmpty(Container(10051).ListItem.Property(revenue))" />
								</include>
								<include content="InfoDialogPvrMetadata">
									<param name="control_id" value="165" />
									<param name="label" value="$ADDON[script.embuary.info 32015]: " />
									<param name="labelwidth" value="250" />
									<param name="content" value="$INFO[Container(10051).ListItem.Property(awards)]" />
									<param name="visible" value="!String.IsEmpty(Container(10051).ListItem.Property(awards))" />
								</include>
							</control>
							<control type="scrollbar" id="60">
								<right>21</right>
								<top>21</top>
								<width>12</width>
								<height>578</height>
								<onleft>100</onleft>
								<onright>100</onright>
								<orientation>vertical</orientation>
							</control>
						</control>
					</control>

					<control type="grouplist" id="100">
						<top>627</top>
						<height>130</height>
						<width>100%</width>
						<orientation>horizontal</orientation>
						<defaultcontrol always="true">0</defaultcontrol>
						<onright>noop</onright>
						<onleft>noop</onleft>
						<ondown>10052</ondown>
						<onup>60</onup>
						<include content="InfoDialogButton">
							<param name="id" value="10001"/>
							<param name="icon" value="icons/infodialogs/disable.png"/>
							<param name="label" value="$LOCALIZE[15067]"/>
							<param name="onclick_1" value="Dialog.Close(all)"/>
						</include>
						<include content="InfoDialogButton">
							<param name="visible" value="!String.IsEmpty(Container(10051).ListItem.DBID) + !String.IsEmpty(Container(10051).ListItem.Property(file)) + !String.IsEqual(Container(10051).ListItem.Property(call),tv)"/>
							<param name="id" value="10002"/>
							<param name="icon" value="icons/infodialogs/play.png"/>
							<param name="label" value="$LOCALIZE[208]"/>
							<param name="onclick_1" value="PlayMedia($INFO[Container(10051).ListItem.Property(file)])"/>
							<param name="onclick_2" value="Dialog.Close(all)"/>
						</include>
						<include content="InfoDialogButton">
							<param name="visible" value="!String.IsEmpty(Container(10051).ListItem.DBID) + String.IsEqual(Container(10051).ListItem.Property(call),tv)"/>
							<param name="id" value="10003"/>
							<param name="icon" value="icons/playlist.png"/>
							<param name="label" value="$LOCALIZE[20153]"/>
							<param name="onclick_1" value="Dialog.Close(all)"/>
							<param name="condition_2" value="!Window.IsVisible(MyVideoNav.xml)"/>
							<param name="onclick_2" value="ActivateWindow(videos,videodb://tvshows/titles/$INFO[Container(10051).ListItem.DBID]/,return)"/>
							<param name="condition_3" value="Window.IsVisible(MyVideoNav.xml)"/>
							<param name="onclick_3" value="Container.Update(videodb://tvshows/titles/$INFO[Container(10051).ListItem.DBID]/)"/>
						</include>
						<include content="InfoDialogButton">
							<param name="id" value="10004"/>
							<param name="icon" value="icons/infodialogs/plot.png"/>
							<param name="label" value="$LOCALIZE[207]"/>
							<param name="onclick_1" value="RunScript(script.embuary.info,call=textviewer,header='$ESCINFO[Container(10051).ListItem.Label]',message='$ESCINFO[Container(10051).ListItem.Plot]')"/>
						</include>
					</control>
				</control>
			</control>

			<!-- cast -->
			<control type="group">
				<visible>Integer.IsGreater(Container(10052).NumItems,0) | Container(10052).IsUpdating</visible>
				<height>510</height>
				<control type="group">
					<include content="CategoryLabel">
						<param name="list_id" value="10052"/>
						<param name="label" value="$LOCALIZE[206]"/>
						<param name="label_focus" value="$INFO[Container($PARAM[list_id]).ListItem.Label, | ]$INFO[Container($PARAM[list_id]).ListItem.Label2, $LOCALIZE[31125] ]"/>
					</include>
					<control type="group">
						<top>120</top>
						<include content="ExtendedInfoPosterList">
							<param name="list_id" value="10052"/>
							<param name="label" value="$INFO[ListItem.Label]"/>
							<param name="label2" value="$INFO[ListItem.Label2]"/>
							<param name="fallback" value="DefaultActorSolid.png"/>
							<param name="ondown" value="10056"/>
							<param name="onup" value="100"/>
						</include>
					</control>
				</control>
			</control>

			<!-- crew -->
			<control type="group">
				<visible>Integer.IsGreater(Container(10056).NumItems,0) | Container(10056).IsUpdating</visible>
				<height>510</height>
				<control type="group">
					<include content="CategoryLabel">
						<param name="list_id" value="10056"/>
						<param name="label" value="$ADDON[script.embuary.info 32018]"/>
						<param name="label_focus" value="$INFO[Container($PARAM[list_id]).ListItem.Label, | ]$INFO[Container($PARAM[list_id]).ListItem.Label2, $LOCALIZE[31125] ]"/>
						<param name="visible" value="!String.IsEqual(Container(10051).ListItem.DBType,season)"/>
					</include>
					<include content="CategoryLabel">
						<param name="list_id" value="10056"/>
						<param name="label" value="$ADDON[script.embuary.info 32039]"/>
						<param name="label_focus" value="$INFO[Container($PARAM[list_id]).ListItem.Label, | ]$INFO[Container($PARAM[list_id]).ListItem.Label2, $LOCALIZE[31125] ]"/>
						<param name="visible" value="String.IsEqual(Container(10051).ListItem.DBType,season)"/>
					</include>
					<control type="group">
						<top>120</top>
						<include content="ExtendedInfoPosterList">
							<param name="list_id" value="10056"/>
							<param name="label" value="$INFO[ListItem.Label]"/>
							<param name="label2" value="$INFO[ListItem.Label2]"/>
							<param name="fallback" value="DefaultActorSolid.png"/>
							<param name="ondown" value="10057"/>
							<param name="onup" value="10052"/>
						</include>
					</control>
				</control>
			</control>

			<!-- collection -->
			<control type="group">
				<visible>Integer.IsGreater(Container(10057).NumItems,0) | Container(10057).IsUpdating</visible>
				<height>510</height>
				<control type="group">
					<include content="CategoryLabel">
						<param name="list_id" value="10057"/>
						<param name="label" value="$ADDON[script.embuary.info 32037]$INFO[Container(10051).ListItem.Property(collection), | ]$INFO[Container($PARAM[list_id]).ListItem.Title, | ]"/>
					</include>
					<control type="group">
						<top>120</top>
						<include content="ExtendedInfoPosterList">
							<param name="list_id" value="10057"/>
							<param name="ondown" value="10058"/>
							<param name="onup" value="10056"/>
							<param name="textbox" value="true"/>
						</include>
					</control>
				</control>
			</control>

			<!-- seasons -->
			<control type="group">
				<visible>Integer.IsGreater(Container(10058).NumItems,0) | Container(10058).IsUpdating</visible>
				<height>510</height>
				<control type="group">
					<include content="CategoryLabel">
						<param name="list_id" value="10058"/>
						<param name="label" value="$LOCALIZE[33054]"/>
						<param name="label_focus" value="$INFO[Container($PARAM[list_id]).ListItem.Label, | ]"/>
					</include>
					<control type="group">
						<top>120</top>
						<include content="ExtendedInfoPosterList">
							<param name="list_id" value="10058"/>
							<param name="ondown" value="10053"/>
							<param name="onup" value="10057"/>
							<param name="textbox" value="true"/>
						</include>
					</control>
				</control>
			</control>

			<!-- similar -->
			<control type="group">
				<visible>Integer.IsGreater(Container(10053).NumItems,0) | Container(10053).IsUpdating</visible>
				<height>510</height>
				<control type="group">
					<include content="CategoryLabel">
						<param name="list_id" value="10053"/>
						<param name="label" value="$ADDON[script.embuary.info 32009]"/>
						<param name="label_focus" value="$INFO[Container($PARAM[list_id]).ListItem.Label, | ]$INFO[Container($PARAM[list_id]).ListItem.Year, (,)]"/>
					</include>
					<control type="group">
						<top>120</top>
						<include content="ExtendedInfoPosterList">
							<param name="list_id" value="10053"/>
							<param name="ondown" value="10054"/>
							<param name="onup" value="10058"/>
							<param name="textbox" value="true"/>
						</include>
					</control>
				</control>
			</control>

			<!-- videos -->
			<control type="group">
				<visible>Integer.IsGreater(Container(10054).NumItems,0) | Container(10054).IsUpdating</visible>
				<height>510</height>
				<control type="group">
					<include content="CategoryLabel">
						<param name="list_id" value="10054"/>
						<param name="label" value="$LOCALIZE[3]"/>
						<param name="label_focus" value="$INFO[Container($PARAM[list_id]).ListItem.Label, | ]"/>
					</include>
					<control type="group">
						<top>120</top>
						<include content="ExtendedInfoThumbList">
							<param name="list_id" value="10054"/>
							<param name="visible_play" value="true"/>
							<param name="onclick_1" value="PlayerControl(Stop)" />
							<param name="onclick_2" value="Action(close)" />
							<param name="ondown" value="10055"/>
							<param name="onup" value="10053"/>
						</include>
					</control>
				</control>
			</control>

			<!-- images -->
			<control type="group">
				<visible>Integer.IsGreater(Container(10055).NumItems,0) | Container(10055).IsUpdating</visible>
				<height>510</height>
				<control type="group">
					<include content="CategoryLabel">
						<param name="list_id" value="10055"/>
						<param name="label" value="$ADDON[script.embuary.info 32010]"/>
						<param name="extend_label" value="true"/>
						<param name="label_focus" value="$INFO[Container($PARAM[list_id]).ListItem.Label, | ]"/>
					</include>
					<control type="group">
						<top>120</top>
						<include content="ExtendedInfoThumbList">
							<param name="list_id" value="10055"/>
							<param name="ondown" value="10059"/>
							<param name="onup" value="10054"/>
						</include>
					</control>
				</control>
			</control>

			<!-- posters -->
			<control type="group">
				<visible>Integer.IsGreater(Container(10059).NumItems,0) | Container(10059).IsUpdating</visible>
				<height>510</height>
				<control type="group">
					<include content="CategoryLabel">
						<param name="list_id" value="10059"/>
						<param name="label" value="$LOCALIZE[20021]"/>
						<param name="extend_label" value="true"/>
						<param name="label_focus" value="$INFO[Container($PARAM[list_id]).ListItem.Label, | ]"/>
					</include>
					<control type="group">
						<top>120</top>
						<include content="ExtendedInfoPosterList">
							<param name="list_id" value="10059"/>
							<param name="ondown" value="100"/>
							<param name="onup" value="10055"/>
							<param name="hidelabel" value="true"/>
						</include>
					</control>
				</control>
			</control>
		</control>

		<control type="image">
			<left>0</left>
			<top>0</top>
			<width>110%</width>
			<height>180</height>
			<texture colordiffuse="$VAR[Bars_Opacity]">frame/osdfade.png</texture>
		</control>

		<!-- title -->
		<control type="group">
			<control type="group">
				<left>50</left>
				<right>35</right>
				<top>15</top>
				<height>85</height>
				<animation effect="fade" start="0" end="100" time="300">WindowOpen</animation>
				<animation effect="fade" start="100" end="0" time="200" condition="String.IsEmpty(Window(home).Property(script.embuary.info-nextcall))">WindowClose</animation>
				<animation effect="fade" start="100" end="0" time="0" condition="!String.IsEmpty(Window(home).Property(script.embuary.info-nextcall))">WindowClose</animation>
				<control type="label">
					<left>20</left>
					<right>200</right>
					<label>$INFO[Container(10051).ListItem.Label]$INFO[Container(10051).ListItem.Year, (,)]</label>
					<font>font52_title</font>
					<shadowcolor>$VAR[ShadowColorVar]</shadowcolor>
					<height>60</height>
					<align>left</align>
					<scroll>true</scroll>
				</control>
				<control type="label">
					<top>65</top>
					<left>20</left>
					<right>200</right>
					<label>$INFO[Container(10051).ListItem.Tagline,[B][I],[/I][/B]]</label>
					<font>fontplot2</font>
					<shadowcolor>$VAR[ShadowColorVar]</shadowcolor>
					<height>65</height>
					<align>left</align>
					<textcolor>$VAR[SkinColorVar]</textcolor>
					<scroll>true</scroll>
					<visible>!String.IsEqual(Container(10051).ListItem.DBType,season)</visible>
				</control>
				<control type="label">
					<top>60</top>
					<left>20</left>
					<right>200</right>
					<label fallback="19055">$INFO[Container(10051).ListItem.Season,[B][I]$LOCALIZE[20373] ,[/I][/B]]</label>
					<font>fontplot2</font>
					<shadowcolor>$VAR[ShadowColorVar]</shadowcolor>
					<height>65</height>
					<align>left</align>
					<textcolor>$VAR[SkinColorVar]</textcolor>
					<scroll>true</scroll>
					<visible>String.IsEqual(Container(10051).ListItem.DBType,season)</visible>
				</control>
				<control type="image">
					<top>20</top>
					<right>0</right>
					<texture>icons/extendedinfo/moviedb2.png</texture>
					<height>80</height>
					<width>204</width>
					<aspectratio align="right">keep</aspectratio>
				</control>
			</control>
		</control>
	</controls>
</window>
