<?xml version="1.0" encoding="UTF-8"?>
<window>
	<defaultcontrol always="true">300</defaultcontrol>
	<include>dialogeffect</include>
	<depth>DepthDialog+</depth>
	
	<controls>
		<include>BehindDialogBlackBackground</include>
		<control type="group">
			<left>315</left>
			<top>75</top>
			<include>VisibleFadeEffect</include>
			<visible>!Window.IsVisible(numericinput)</visible>
			
			<control type="label" id="311">
				<description>header label</description>
				<left>9</left>
				<top>18</top>
				<width>1251</width>
				<height>45</height>
				<font>Light25</font>
				<label></label>
				<align>center</align>
				<aligny>center</aligny>
				<textcolor>selected</textcolor>
			</control>
			
			
			
			<control type="image">
				<left>0</left>
				<top>90</top>
				<width>1272</width>
				<height>84</height>
				<texture colordiffuse="$VAR[keyboardEditAreaColorDiffuse]" border="10">colors/white_border10.png</texture>
				<!--KeyboardEditArea-->
			</control>
			<control type="edit" id="312">
				<description>Edit Text</description>
				<left>81</left>
				<top>90</top>
				<width>1110</width>
				<height>84</height>
				<font>Light25</font>
				<align>center</align>
				<aligny>center</aligny>
				<texturefocus></texturefocus>
				<texturenofocus></texturenofocus>
			</control>
			
			
			
			<include condition="System.HasAddon(plugin.program.autocompletion) + !System.HasHiddenInput + !Skin.HasSetting(DisableAutoComplete)">AutoCompletion</include>
			
			
			
			<!-- CHINESE LABELS with unknown purpose (Forum Info) -->
			<control type="group">
				<left>0</left>
				<top>99</top>
				<visible>Control.IsVisible(313)</visible>
				<control type="image">
					<left>0</left>
					<top>90</top>
					<width>1272</width>
					<height>84</height>
					<texture colordiffuse="$VAR[keyboardEditAreaColorDiffuse]" border="10">colors/white_border10.png</texture>
					<!--KeyboardEditArea-->
				</control>
				<control type="label" id="313">
					<description>HZCODE label</description>
					<left>81</left>
					<top>90</top>
					<width>1110</width>
					<height>84</height>
					<font>Light25</font>
					<align>center</align>
					<aligny>center</aligny>
				</control>
				<control type="label" id="314">
					<description>HZLIST label</description>
					<left>81</left>
					<top>180</top>
					<width>1110</width>
					<height>84</height>
					<font>Light25</font>
					<align>center</align>
					<aligny>center</aligny>
				</control>
			</control>
			
			
			
			<control type="group">
				<left>0</left>
				<top>390</top>
				
				<!-- 1st row -->
				<control type="grouplist">
					<itemgap>0</itemgap>
					<orientation>horizontal</orientation>
					<control type="button" id="309">
						<description>Layout button</description>
						<width>300</width>
						<height>84</height>
						<label>20177</label>
						<onup condition="!Integer.IsGreater(Container(9010).NumItems,0)">noop</onup>
						<onup condition="Integer.IsGreater(Container(9010).NumItems,0)">9010</onup>
						<ondown>303</ondown>
						<texturenofocus></texturenofocus>
						<texturefocus border="10" colordiffuse="$VAR[accentColorDiffuse]">colors/white_border10.png</texturefocus>
						<align>center</align>
						<aligny>center</aligny>
						<font>Regular24</font>
						<focusedcolor>white</focusedcolor>
					</control>
					
					<control type="button" id="95501">
						<description>dummy</description>
						<include>KeyboardButtonHidden</include>
						<enable>false</enable>
					</control>
					
					<control type="button" id="100">
						<description>(0,0) key button</description>
						<onup condition="!Integer.IsGreater(Container(9010).NumItems,0)">noop</onup>
						<onup condition="Integer.IsGreater(Container(9010).NumItems,0)">9010</onup>
						<ondown>120</ondown>
						<include>KeyboardButton</include>
					</control>
					<control type="button" id="101">
						<description>(0,1) key button</description>
						<onup condition="!Integer.IsGreater(Container(9010).NumItems,0)">noop</onup>
						<onup condition="Integer.IsGreater(Container(9010).NumItems,0)">9010</onup>
						<ondown>121</ondown>
						<include>KeyboardButton</include>
					</control>
					<control type="button" id="102">
						<description>(0,2) key button</description>
						<onup condition="!Integer.IsGreater(Container(9010).NumItems,0)">noop</onup>
						<onup condition="Integer.IsGreater(Container(9010).NumItems,0)">9010</onup>
						<ondown>122</ondown>
						<include>KeyboardButton</include>
					</control>
					<control type="button" id="103">
						<description>(0,3) key button</description>
						<onup condition="!Integer.IsGreater(Container(9010).NumItems,0)">noop</onup>
						<onup condition="Integer.IsGreater(Container(9010).NumItems,0)">9010</onup>
						<ondown>123</ondown>
						<include>KeyboardButton</include>
					</control>
					<control type="button" id="104">
						<description>(0,4) key button</description>
						<onup condition="!Integer.IsGreater(Container(9010).NumItems,0)">noop</onup>
						<onup condition="Integer.IsGreater(Container(9010).NumItems,0)">9010</onup>
						<ondown>124</ondown>
						<include>KeyboardButton</include>
					</control>
					<control type="button" id="105">
						<description>(0,5) key button</description>
						<onup condition="!Integer.IsGreater(Container(9010).NumItems,0)">noop</onup>
						<onup condition="Integer.IsGreater(Container(9010).NumItems,0)">9010</onup>
						<ondown>125</ondown>
						<include>KeyboardButton</include>
					</control>
					<control type="button" id="106">
						<description>(0,6) key button</description>
						<onup condition="!Integer.IsGreater(Container(9010).NumItems,0)">noop</onup>
						<onup condition="Integer.IsGreater(Container(9010).NumItems,0)">9010</onup>
						<ondown>126</ondown>
						<include>KeyboardButton</include>
					</control>
					<control type="button" id="107">
						<description>(0,7) key button</description>
						<onup condition="!Integer.IsGreater(Container(9010).NumItems,0)">noop</onup>
						<onup condition="Integer.IsGreater(Container(9010).NumItems,0)">9010</onup>
						<ondown>127</ondown>
						<include>KeyboardButton</include>
					</control>
					<control type="button" id="108">
						<description>(0,8) key button</description>
						<onup condition="!Integer.IsGreater(Container(9010).NumItems,0)">noop</onup>
						<onup condition="Integer.IsGreater(Container(9010).NumItems,0)">9010</onup>
						<ondown>128</ondown>
						<include>KeyboardButton</include>
					</control>
					<control type="button" id="109">
						<description>(0,9) key button</description>
						<onup condition="!Integer.IsGreater(Container(9010).NumItems,0)">noop</onup>
						<onup condition="Integer.IsGreater(Container(9010).NumItems,0)">9010</onup>
						<ondown>129</ondown>
						<include>KeyboardButton</include>
					</control>
					<control type="button" id="110">
						<description>(0,10) key button</description>
						<onup condition="!Integer.IsGreater(Container(9010).NumItems,0)">noop</onup>
						<onup condition="Integer.IsGreater(Container(9010).NumItems,0)">9010</onup>
						<ondown>130</ondown>
						<include>KeyboardButton</include>
					</control>
					<control type="button" id="111">
						<description>(0,11) key button</description>
						<onup condition="!Integer.IsGreater(Container(9010).NumItems,0)">noop</onup>
						<onup condition="Integer.IsGreater(Container(9010).NumItems,0)">9010</onup>
						<ondown>131</ondown>
						<texturenofocus></texturenofocus>
						<texturefocus border="10" colordiffuse="$VAR[accentColorDiffuse]">colors/white_border10.png</texturefocus>
						<include>KeyboardButton</include>
					</control>
				</control>
				
				
				
				<!-- 2nd row -->
				<control type="grouplist">
					<orientation>horizontal</orientation>
					<top>84</top>
					<itemgap>0</itemgap>
					<control type="radiobutton" id="303">
						<description>CAPS LOCK button</description>
						<width>300</width>
						<height>84</height>
						<label>20179</label>
						<onup>309</onup>
						<ondown>302</ondown>
						<texturenofocus></texturenofocus>
						<texturefocus border="10" colordiffuse="$VAR[accentColorDiffuse]">colors/white_border10.png</texturefocus>
						<radioposy>27</radioposy>
						<radiowidth>45</radiowidth>
						<radioheight>30</radioheight>
						<align>right</align>
						<aligny>center</aligny>
						<font>Regular24</font>
						<focusedcolor>white</focusedcolor>
						
						<textwidth>219</textwidth>
						<textoffsetx>66</textoffsetx>
						
						<include>radiobuttonOnFocusInverted</include>
						
					</control>
					
					<control type="button" id="95502">
						<description>dummy</description>
						<include>KeyboardButtonHidden</include>
						<enable>false</enable>
					</control>
					
					<control type="button" id="120">
						<description>(1,0) key button</description>
						<onup>100</onup>
						<ondown>140</ondown>
						<include>KeyboardButton</include>
					</control>
					<control type="button" id="121">
						<description>(1,1) key button</description>
						<onup>101</onup>
						<ondown>141</ondown>
						<include>KeyboardButton</include>
					</control>
					<control type="button" id="122">
						<description>(1,2) key button</description>
						<onup>102</onup>
						<ondown>142</ondown>
						<include>KeyboardButton</include>
					</control>
					<control type="button" id="123">
						<description>(1,3) key button</description>
						<onup>103</onup>
						<ondown>143</ondown>
						<include>KeyboardButton</include>
					</control>
					<control type="button" id="124">
						<description>(1,4) key button</description>
						<onup>104</onup>
						<ondown>144</ondown>
						<include>KeyboardButton</include>
					</control>
					<control type="button" id="125">
						<description>(1,5) key button</description>
						<onup>105</onup>
						<ondown>145</ondown>
						<include>KeyboardButton</include>
					</control>
					<control type="button" id="126">
						<description>(1,6) key button</description>
						<onup>106</onup>
						<ondown>146</ondown>
						<include>KeyboardButton</include>
					</control>
					<control type="button" id="127">
						<description>(1,7) key button</description>
						<onup>107</onup>
						<ondown>147</ondown>
						<include>KeyboardButton</include>
					</control>
					<control type="button" id="128">
						<description>(1,8) key button</description>
						<onup>108</onup>
						<ondown>148</ondown>
						<include>KeyboardButton</include>
					</control>
					<control type="button" id="129">
						<description>(1,9) key button</description>
						<onup>109</onup>
						<ondown>149</ondown>
						<include>KeyboardButton</include>
					</control>
					<control type="button" id="130">
						<description>(1,10) key button</description>
						<onup>110</onup>
						<ondown>150</ondown>
						<include>KeyboardButton</include>
					</control>
					<control type="button" id="131">
						<description>(1,11) key button</description>
						<onup>111</onup>
						<ondown>151</ondown>
						<include>KeyboardButton</include>
					</control>
				</control>
				
				
				
				<!-- 3rd row -->
				<control type="grouplist">
					<top>168</top>
					<orientation>horizontal</orientation>
					<itemgap>0</itemgap>
					<control type="radiobutton" id="302">
						<description>SHIFT button</description>
						<width>300</width>
						<height>84</height>
						<label>20178</label>
						<onup>303</onup>
						<ondown>304</ondown>
						<texturenofocus></texturenofocus>
						<texturefocus border="10" colordiffuse="$VAR[accentColorDiffuse]">colors/white_border10.png</texturefocus>
						<radioposy>27</radioposy>
						<radiowidth>45</radiowidth>
						<radioheight>30</radioheight>
						<align>right</align>
						<aligny>center</aligny>
						<font>Regular24</font>
						<focusedcolor>white</focusedcolor>
						
						<textwidth>219</textwidth>
						<textoffsetx>66</textoffsetx>
						
						<include>radiobuttonOnFocusInverted</include>
						
					</control>
					
					<control type="button" id="95503">
						<description>dummy</description>
						<include>KeyboardButtonHidden</include>
						<enable>false</enable>
					</control>
					
					<control type="button" id="140">
						<description>(2,0) key button</description>
						<onup>120</onup>
						<ondown>160</ondown>
						<include>KeyboardButton</include>
					</control>
					<control type="button" id="141">
						<description>(2,1) key button</description>
						<onup>121</onup>
						<ondown>161</ondown>
						<include>KeyboardButton</include>
					</control>
					<control type="button" id="142">
						<description>(2,2) key button</description>
						<onup>122</onup>
						<ondown>162</ondown>
						<include>KeyboardButton</include>
					</control>
					<control type="button" id="143">
						<description>(2,3) key button</description>
						<onup>123</onup>
						<ondown>163</ondown>
						<include>KeyboardButton</include>
					</control>
					<control type="button" id="144">
						<description>(2,4) key button</description>
						<onup>124</onup>
						<ondown>164</ondown>
						<include>KeyboardButton</include>
					</control>
					<control type="button" id="145">
						<description>(2,5) key button</description>
						<onup>125</onup>
						<ondown>165</ondown>
						<include>KeyboardButton</include>
					</control>
					<control type="button" id="146">
						<description>(2,6) key button</description>
						<onup>126</onup>
						<ondown>166</ondown>
						<include>KeyboardButton</include>
					</control>
					<control type="button" id="147">
						<description>(2,7) key button</description>
						<onup>127</onup>
						<ondown>167</ondown>
						<include>KeyboardButton</include>
					</control>
					<control type="button" id="148">
						<description>(2,8) key button</description>
						<onup>128</onup>
						<ondown>168</ondown>
						<include>KeyboardButton</include>
					</control>
					<control type="button" id="149">
						<description>(2,9) key button</description>
						<onup>129</onup>
						<ondown>169</ondown>
						<include>KeyboardButton</include>
					</control>
					<control type="button" id="150">
						<description>(2,10) key button</description>
						<onup>130</onup>
						<ondown>170</ondown>
						<include>KeyboardButton</include>
					</control>
					<control type="button" id="151">
						<description>(2,11) key button</description>
						<onup>131</onup>
						<ondown>171</ondown>
						<include>KeyboardButton</include>
					</control>
				</control>
				
				
				
				<!-- 4th row -->
				<control type="grouplist">
					<top>252</top>
					<itemgap>0</itemgap>
					<orientation>horizontal</orientation>
					
					
					<!-- Kodi 20+ -->
					<control type="group" id="1310">
						<width>150</width>
						<height>84</height>
						
						<control type="button" id="310">
							<width>150</width>
							<height>84</height>
							<onup>303</onup>
							<ondown>300</ondown>
							<label></label>
							<texturenofocus></texturenofocus>
							<texturefocus border="10" colordiffuse="$VAR[accentColorDiffuse]">colors/white_border10.png</texturefocus>
							<font></font>
							<onleft>171</onleft>
							<onright>304</onright>
						</control>
						
						<control type="image">
							<width>150</width>
							<height>84</height>
							<texture>$VAR[PasswordButtonTexture]</texture>
							<visible>Control.IsVisible(310)</visible>
						</control>
						
						<visible>[String.StartsWith(System.BuildVersion,22.) | String.StartsWith(System.BuildVersion,21.) | String.StartsWith(System.BuildVersion,20.) | String.StartsWith(System.BuildVersion,19.9)] + Control.IsVisible(310)</visible>
						
					</control>
					
					
					<control type="button" id="307">
						<description>IP Input button</description>
						<width>150</width>
						<height>84</height>
						<onup>303</onup>
						<ondown>300</ondown>
						<label>IP</label>
						<texturenofocus></texturenofocus>
						<texturefocus border="10" colordiffuse="$VAR[accentColorDiffuse]">colors/white_border10.png</texturefocus>
						<align>center</align>
						<aligny>center</aligny>
						<font>Regular24</font>
						<focusedcolor>white</focusedcolor>
						
						<visible>!Control.IsVisible(310) | ![String.StartsWith(System.BuildVersion,22.) | String.StartsWith(System.BuildVersion,21.) | String.StartsWith(System.BuildVersion,20.) | String.StartsWith(System.BuildVersion,19.9)]</visible>
						
					</control>
					<control type="togglebutton" id="304">
						<description>Symbols button</description>
						<width>150</width>
						<height>84</height>
						<label>@#!*</label>
						<altlabel>ABC</altlabel>
						<onup>302</onup>
						<ondown>300</ondown>
						<texturenofocus></texturenofocus>
						<texturefocus border="10" colordiffuse="$VAR[accentColorDiffuse]">colors/white_border10.png</texturefocus>
						<alttexturenofocus></alttexturenofocus>
						<alttexturefocus border="10" colordiffuse="$VAR[accentColorDiffuse]">colors/white_border10.png</alttexturefocus>
						<align>center</align>
						<aligny>center</aligny>
						<font>Regular24</font>
						<focusedcolor>white</focusedcolor>
					</control>
					
					<control type="button" id="95504">
						<description>dummy</description>
						<include>KeyboardButtonHidden</include>
						<enable>false</enable>
					</control>
					
					<control type="button" id="160">
						<description>(3,0) key button</description>
						<onup>140</onup>
						<ondown>308</ondown>
						<include>KeyboardButton</include>
					</control>
					<control type="button" id="161">
						<description>(3,1) key button</description>
						<onup>141</onup>
						<ondown>308</ondown>
						<include>KeyboardButton</include>
					</control>
					<control type="button" id="162">
						<description>(3,2) key button</description>
						<onup>142</onup>
						<ondown>308</ondown>
						<include>KeyboardButton</include>
					</control>
					<control type="button" id="163">
						<description>(3,3) key button</description>
						<onup>143</onup>
						<ondown>32</ondown>
						<include>KeyboardButton</include>
					</control>
					<control type="button" id="164">
						<description>(3,4) key button</description>
						<onup>144</onup>
						<ondown>32</ondown>
						<include>KeyboardButton</include>
					</control>
					<control type="button" id="165">
						<description>(3,5) key button</description>
						<onup>145</onup>
						<ondown>32</ondown>
						<include>KeyboardButton</include>
					</control>
					<control type="button" id="166">
						<description>(3,6) key button</description>
						<onup>146</onup>
						<ondown>32</ondown>
						<include>KeyboardButton</include>
					</control>
					<control type="button" id="167">
						<description>(3,7) key button</description>
						<onup>147</onup>
						<ondown>305</ondown>
						<include>KeyboardButton</include>
					</control>
					<control type="button" id="168">
						<description>(3,8) key button</description>
						<onup>148</onup>
						<ondown>306</ondown>
						<include>KeyboardButton</include>
					</control>
					<control type="button" id="169">
						<description>(3,9) key button</description>
						<onup>149</onup>
						<ondown>8</ondown>
						<include>KeyboardButton</include>
					</control>
					<control type="button" id="170">
						<description>(3,10) key button</description>
						<onup>150</onup>
						<ondown>8</ondown>
						<include>KeyboardButton</include>
					</control>
					<control type="button" id="171">
						<description>(3,11) key button</description>
						<onup>151</onup>
						<ondown>8</ondown>
						<include>KeyboardButton</include>
					</control>
				</control>
				
				
				
				<!-- 5th row -->
				<control type="grouplist">
					<top>360</top>
					<itemgap>0</itemgap>
					<orientation>horizontal</orientation>
					<control type="button" id="300">
						<description>DONE button</description>
						<width>285</width>
						<height>84</height>
						
						<label>20177</label>
						<font>Regular24</font>
						
						<onup>304</onup>
						<ondown>noop</ondown>
						<include>ButtonInfoDialogsCommonValues</include>
					</control>
					
					<control type="button" id="391">
						<width>15</width>
						<height>84</height>
						<enable>false</enable>
					</control>
					
					<control type="button" id="308">
						<description>cancel button</description>
						<width>285</width>
						<height>84</height>
						<label>222</label>
						
						<font>Regular24</font>
						
						<onup>161</onup>
						<ondown>noop</ondown>
						<onclick>Close</onclick>
						<include>ButtonInfoDialogsCommonValues</include>
					</control>
					
					<!-- dummy space -->
					<control type="button" id="392">
						<width>15</width>
						<height>84</height>
						<enable>false</enable>
					</control>
					
					<control type="button" id="32">
						<description>SPACE button</description>
						<width>300</width>
						<height>84</height>
						<label>20182</label>
						<texturenofocus></texturenofocus>
						<texturefocus border="10" colordiffuse="$VAR[accentColorDiffuse]">colors/white_border10.png</texturefocus>
						<align>center</align>
						<aligny>center</aligny>
						<font></font>
						<focusedcolor>white</focusedcolor>
						<onup>164</onup>
						<ondown>noop</ondown>
					</control>
					<control type="button" id="305">
						<description>previous button</description>
						<width>84</width>
						<height>84</height>
						<label>&lt;</label>
						<align>center</align>
						<aligny>center</aligny>
						<texturenofocus></texturenofocus>
						<texturefocus border="10" colordiffuse="$VAR[accentColorDiffuse]">colors/white_border10.png</texturefocus>
						<font></font>
						<focusedcolor>white</focusedcolor>
						<onup>167</onup>
						<ondown>noop</ondown>
					</control>
					<control type="button" id="306">
						<description>next button</description>
						<width>84</width>
						<height>84</height>
						<label>&gt;</label>
						<align>center</align>
						<aligny>center</aligny>
						<texturenofocus></texturenofocus>
						<texturefocus border="10" colordiffuse="$VAR[accentColorDiffuse]">colors/white_border10.png</texturefocus>
						<font></font>
						<focusedcolor>white</focusedcolor>
						<onup>168</onup>
						<ondown>noop</ondown>
					</control>
					<control type="button" id="8">
						<description>BACKSPACE button</description>
						<width>186</width>
						<height>84</height>
						<label>20181</label>
						
						<onup>169</onup>
						<ondown>noop</ondown>
						<texturenofocus></texturenofocus>
						<texturefocus border="10" colordiffuse="$VAR[accentColorDiffuse]">colors/white_border10.png</texturefocus>
						<align>center</align>
						<aligny>center</aligny>
						<font></font>
						<focusedcolor>white</focusedcolor>
					</control>
				</control>
				<control type="image">
					<description>spacebar icon</description>
					<left>705</left>
					<top>381</top>
					<width>90</width>
					<height>45</height>
					<texture>spacebar.png</texture>
				</control>
				<control type="image">
					<description>move left icon</description>
					<left>918</left>
					<top>381</top>
					<width>45</width>
					<height>45</height>
					<texture>arrow-white-left.png</texture>
				</control>
				<control type="image">
					<description>move right icon</description>
					<left>1005</left>
					<top>381</top>
					<width>45</width>
					<height>45</height>
					<texture flipx="true">arrow-white-left.png</texture>
				</control>
				<control type="image">
					<description>Backspace icon</description>
					<left>1137</left>
					<top>381</top>
					<width>45</width>
					<height>45</height>
					<texture>KeyboardBackKey.png</texture>
				</control>
			</control>
		</control>
	</controls>
</window>
