<?xml version="1.0" encoding="UTF-8"?>
<window>
	<defaultcontrol>3</defaultcontrol>
	<controls>
		<include>CommonBackground</include>
		<include>ContentPanelBackgrounds</include>
		
		<control type="group">
			<left>0</left>
			<top>0</top>
			
			<include>Window_OpenClose_Animation_Full</include>
			
			<include>SystemBackgroundAdditions</include>
			
			<control type="grouplist" id="3">
				<description>button area</description>
				<left>0</left>
				<top>135</top>
				<width>510</width>
				<height>768</height>
				<itemgap>0</itemgap>
				<onleft>3</onleft>
				<onright>5</onright>
				<onup>3</onup>
				<ondown>20</ondown>
			</control>
			
			<control type="button" id="20">
				<description>Setting level button</description>
				<left>39</left>
				<top>906</top>
				<height>96</height>
				<width>381</width>
				<label>10037</label>
				<textoffsetx>99</textoffsetx>
				<textwidth>264</textwidth>
				<align>left</align>
				<aligny>center</aligny>
				<font>Regular22</font>
				<textcolor>afebb217</textcolor>
				<focusedcolor>selected</focusedcolor>
				<texturefocus border="12">MenuItemFO-rounded-10px.png</texturefocus>
				<texturenofocus></texturenofocus>
				<pulseonselect>false</pulseonselect>
				<onleft>5</onleft>
				<onright>5</onright>
				<onup>3</onup>
				<ondown></ondown>
				<onclick>SettingsLevelChange</onclick>
			</control>
			
			<control type="image">
				<left>74</left>
				<top>935</top>
				<width>40</width>
				<height>40</height>
				<texture>_added_img/settings_level.png</texture>
				<animation effect="fade" start="100" end="40" time="0" condition="!Control.HasFocus(20)">Conditional</animation>
			</control>
			<control type="grouplist" id="5">
				<description>control area</description>
				<left>600</left>
				<top>135</top>
				<width>1125</width>
				<height>732</height>
				<itemgap>0</itemgap>
				<pagecontrol>60</pagecontrol>
				<onleft>3</onleft>
				<onright>60</onright>
				<onup>noop</onup>
				<ondown>noop</ondown>
			</control>
			<control type="scrollbar" id="60">
				<left>1782</left>
				<top>135</top>
				<include>scrollBarStyleDefaultWidth</include>
				<height>732</height>
				<onleft>5</onleft>
				<onright>60</onright>
				<showonepage>false</showonepage>
				<include>scrollBarStyleDefault</include>
			</control>
			<control type="textbox" id="6">
				<description>description area</description>
				<left>616</left>
				<top>890</top>
				<width>1104</width>
				<height>110</height>
				<font>Light19</font>
				<align>left</align>
				<textcolor>selected+</textcolor>
				<autoscroll time="3000" delay="4000" repeat="5000">true</autoscroll>
			</control>
		</control>
		<control type="button" id="10">
			<description>Default Category Button</description>
			<height>96</height>
			<width>510</width>
			<textoffsetx>75</textoffsetx>
			<align>left</align>
			<aligny>center</aligny>
			<font>Regular24</font>
			<textcolor>grey2+</textcolor>
			<focusedcolor>white</focusedcolor>
			<include>SettingsCategoryButtonTexture</include>
			<texturenofocus></texturenofocus>
			<pulseonselect>false</pulseonselect>
		</control>
		<control type="button" id="7">
			<description>Default Button</description>
			<left>0</left>
			<top>0</top>
			<height>72</height>
			<font>Regular21</font>
			<textcolor>grey2</textcolor>
			<focusedcolor>white</focusedcolor>
			<invalidcolor>invalid</invalidcolor>
			<texturefocus border="12">MenuItemFO-rounded-10px.png</texturefocus>
			<texturenofocus></texturenofocus>
		</control>
		
		<!-- Kodi 20+ fix -->
		<control type="colorbutton" id="15">
			<description>Default ColorButton</description>
			<left>0</left>
			<top>0</top>
			<height>72</height>
			<aligny>center</aligny>
			<font>Regular21</font>
			<textcolor>grey2</textcolor>
			<focusedcolor>white</focusedcolor>
			<invalidcolor>invalid</invalidcolor>
			<texturefocus border="12">MenuItemFO-rounded-10px.png</texturefocus>
			<texturenofocus></texturenofocus>
		</control>
		
		<control type="radiobutton" id="8">
			<description>Default RadioButton</description>
			<left>0</left>
			<top>0</top>
			<height>72</height>
			<font>Regular21</font>
			<textcolor>grey2</textcolor>
			<focusedcolor>white</focusedcolor>
			<texturefocus border="12">MenuItemFO-rounded-10px.png</texturefocus>
			<texturenofocus></texturenofocus>
		</control>
		<control type="spincontrolex" id="9">
			<description>Default SpinControlex</description>
			<left>0</left>
			<top>0</top>
			<height>72</height>
			<font>Regular21</font>
			<textcolor>grey2</textcolor>
			<focusedcolor>white</focusedcolor>
			<texturefocus border="12">MenuItemFO-rounded-10px.png</texturefocus>
			<texturenofocus></texturenofocus>
			<aligny>center</aligny>
			<reverse>yes</reverse>
		</control>
		<control type="sliderex" id="13">
			<description>Default Slider</description>
			<left>0</left>
			<top>0</top>
			<height>72</height>
			<font>Regular21</font>
			<textcolor>grey2</textcolor>
			<focusedcolor>white</focusedcolor>
			<texturefocus border="12">MenuItemFO-rounded-10px.png</texturefocus>
			<texturenofocus></texturenofocus>
			<aligny>center</aligny>
		</control>
		<control type="image" id="11">
			<description>separator image</description>
			<height>15</height>
			<texture></texture>
		</control>
		<control type="label" id="14">
			<description>Default Label</description>
			<left>0</left>
			<top>0</top>
			<height>45</height>
			<label></label>
			<align>center</align>
			<aligny>bottom</aligny>
			<font>Light22</font>
			<textcolor>blue</textcolor>
		</control>
		<control type="label" id="2">
			<description>Fake Label so we can pass it value down to the one below</description>
			<left>0</left>
			<top>0</top>
			<width>0</width>
			<height>0</height>
			<font></font>
			<visible>false</visible>
		</control>
		
		<control type="group">
			<depth>DepthFooter</depth>
			<include>CommonNowPlaying</include>
		</control>
		
		<include>BehindDialogFadeOut</include>
		
		<include content="CommonWindowHeader">
			<param name="Icon" value="icon_system" />
			<param name="Label" value="$LOCALIZE[5]" />
			<param name="ShowLabel2" value="true" />
		</include>
		
	</controls>
</window>
