<?xml version="1.0" encoding="UTF-8" standalone="yes" ?>
<addon id="plugin.video.thetvapp" name="TheTVApp" version="0.4" provider-name="xxxxxx">
    <requires>
        <import addon="xbmc.python" version="3.0.0" />
        <import addon="script.module.requests" />
        <import addon="script.module.six"/>
    </requires>
    <extension point="xbmc.python.pluginsource" library="main.py">
        <provides>video</provides>
    </extension>
    <extension point="xbmc.addon.metadata">
        <description lang="en">TheTVApp</description>
        <disclaimer lang="en">https://thetvapp.to</disclaimer>	
        <summary lang="en">https://thetvapp.to</summary>
        <language>en</language>
        <platform>all</platform>
        <license>GNU GENERAL PUBLIC LICENSE. Version 2, June 1991</license>
        <website>https://thetvapp.to</website>
        <assets>
            <icon>icon.png</icon>
            <fanart>fanart.jpg</fanart>
        </assets>
    </extension>
</addon>
