<?xml version="1.0" encoding="UTF-8" standalone="yes" ?>
<addon id="plugin.video.daddylive" name="DaddyLive" version="3.0.0" provider-name="dEXE, THE CREW, mbebe">
    <requires>
        <import addon="xbmc.python" version="3.0.0"/>
        <import addon="script.module.requests"/>
        <import addon="script.module.inputstreamhelper"/>
        <import addon="script.module.six"/>
    </requires>
    <extension point="xbmc.python.pluginsource" library="addon.py">
        <provides>video</provides>
    </extension>
    <extension point="xbmc.addon.metadata">
        <summary lang="en">DaddyLiveHD - Live TV and Sports</summary>
        <description lang="en">Live Streamed Channels and Scheduled Sporting Events.[CR][CR]Multiple sources/streams works.</description>
        <disclaimer lang="en">daddylivehd.com</disclaimer>
        <language>en</language>
        <platform>all</platform>
        <license>GNU GENERAL PUBLIC LICENSE. Version 2, June 1991</license>
        <website></website>
        <assets>
            <icon>icon.png</icon>
            <fanart>fanart.jpg</fanart>
            <screenshot>resources/media/screenshot-01.jpg</screenshot>
            <screenshot>resources/media/screenshot-02.jpg</screenshot>
            <screenshot>resources/media/screenshot-03.jpg</screenshot>
            <screenshot>resources/media/screenshot-04.jpg</screenshot>
            <screenshot>resources/media/screenshot-05.jpg</screenshot>
            <screenshot>resources/media/screenshot-06.jpg</screenshot>
        </assets>
    </extension>
</addon>