<?xml version="1.0" encoding="UTF-8" standalone="yes"?>
<addon id="plugin.audio.tunein2017" name="TuneIn2017" version="1.7.3+nexus" provider-name="rols1 (rols1@gmx.de)">
	<requires>
		<import addon="xbmc.python" version="3.0.1"/>
    		<import addon="script.module.kodi-six" />
	</requires>
	<extension point="xbmc.python.pluginsource" library="tunein2017.py">
		<provides>audio</provides>
	</extension>
	<extension point="xbmc.addon.metadata">
		<summary lang="de">tunein.com-Addon für Kodi</summary>
		<summary lang="en">tunein.com-addon for Kodi</summary>
		<summary lang="es">Complemento de tunein.com para Kodi</summary>
		<description lang="de">Favoriten und Ordner (Tunein-Account erforderlich), Download-Option mit Streamripper, Standalone-Option StartWithMyRadioStations (Beispieldatei enthalten)</description>
		<description lang="es">Favoritos y carpetas de favoritos (se requiere cuenta en TuneIn). Opción de descarga con el programa Streamripper. Opción independiente para iniciar con Mis Emisoras de Radio (incluye archivo de muestra).</description>	
		<platform>all</platform>
		<source>https://github.com/rols1/Kodi-Addon-TuneIn2017</source>
		<forum>https://www.kodinerds.net/index.php/Thread/66559-RELEASE-Kodi-Addon-TuneIn2017</forum>
		<license>The MIT License (MIT)</license>
		<language>"en_GB"</language>
 		<email>rols1@gmx.de</email>
		<assets>
			<icon>icon.png</icon>
			<fanart>fanart.jpg</fanart>           
		</assets>
   </extension>
</addon>    
