{	
	"Durchstoebern": "Naviguer TuneIn",
	"Meine Favoriten": "Mes Favoris",
	"Meine Stationen": "Mes Stations",
	"Suche": "Chercher",
	"Suche Station / Titel": "Chercher Station / Titre",
	"Suche nach": "Chercher pour",
	"Keine Suchergebnisse zu": "Pas de résultats pour",
	"Fehler": "Erreur",
	"neues Update vorhanden": "nouvelle Mise à jour disponible",
	"jetzt installieren": "installer maintenant",
	"Update abbrechen": "Annuler Mise à jour",
	"weiter im aktuellen Plugin": "continuer avec le présent Plugin",
	"ist die neueste Version": "est la dernière version",
	"Suche nach neuen Updates starten": "Commencer à chercher des nouvelles mise à jour",
	"Bezugsquelle": "source d'alimentation",
	"Github ist nicht errreichbar": "Github n'est pas disponible",
	"Bitte die Update-Anzeige abschalten": "Veuillez déactiver la Notification de Plugin",
	"Username ueberpruefen": "Veuillez vérifier le nom d'utilisateur",
	"keinen Stream gefunden zu": "pas de flux trouver",
	"nicht gefunden": "pas trouver",
	"Mehr...":  "Plus...",
	"neuer Versuch": "nouvel essai",
	"neues Update beim Start des Plugins anzeigen": "chercher des mises à jour au démarrage du plugin",
	"Sprache Plugin": "Langue du Plugin",
	"maximale Anzahl Objekte pro Seite": "nombre maximum de titre par page",
	"Aufnehmen mit Streamripper": "Enregistrer avec Streamripper",
	"kompletter Pfad zum Programm Streamripper": "chemin complet du programme Streamripper",
	"kompletter Pfad zum Download-Verzeichnis": "chemin complet du Dossier Téléchargement",
	"Laufende Aufnahmen": "Jouer les enregistrements",
	"Download-Verzeichnis": "Dossier Téléchargement",
	"Aufnahme": "Enregistrement",
	"beenden": "arrêt",
	"beendet": "terminé",
	"starten": "commencer",
	"gestartet": "démarré",
	"fehlgeschlagen": "échoué",
	"keine laufende Aufnahme gefunden": "aucun enregistrement en cours trouvé",
	"Ursache unbekannt": "unknown cause",
	"Favoriten hinzufuegen/entfernen": "Ajouter/retirer les favoris",
	"Favorit": "Favoris",
	"hinzufuegen": "ajouter",
	"hinzugefuegt": "ajouté",
	"entfernen": "retirer",
	"entfernt": "retiré",
	"verschieben": "déplacer",
	"verschoben": "déplacé",
	"TuneIn Passwort (nur erforderlich fuer Favoriten hinzufuegen/loeschen)": "Mot de passe de TuneIn (requis seulement pour ajouter et déplacer les favoris)",
	"Username und Passwort sind fuer diese Aktion erforderlich": "Le nom d'utilisateur et le mot de passe sont nécessaires pour cette action",
	"Problem mit Username / Passwort": "Problème avec le nom d'utlisateur/mot de pass",
	"Neuer Ordner fuer Favoriten": "nouveau dossier pour les Favoris",
	"Name des neuen Ordners": "Nom du nouveau dossier",
	"Ordner entfernen": "retirer dossier",
	"Ordner zum Entfernen auswaehlen": "choisir le dossier à retirer",
	"Ordnername fehlt": "Nom de dossier manquant",
	"Ordner": "Dossier",
	"Anzahl der Eintraege": "nombre d'objets",
	"ohne Rueckfrage!": "automatiquement, sans confirmation!",
	"Ordner kann nicht entfernt werden": "le dossier ne peut pas être retirer",
	"hierhin verschieben": "bouger ici",
	"keine Eintraege gefunden": "aucun objet trouvé",
	"Ordner zum Verschieben auswaehlen": "choisir le dossier à déplacer",
	"Starte Plugin nur mit Favoriten (TuneIn-Account erforderlich)": "Démarrage du plugin seulement avec les Favoris (Compte TuneIn requis)",
	"Custom Url: Url der Radiostation (Beispiel: http://myradio/live/stream.mp3)": "Custom Url : Url de la station de radio (exemple : http://myradio/live/stream.mp3)",
	"Custom Url: Name der Radiostation (Beispiel: MyRadio)": "Custom Url : Nom de la station de radio (exemple : MyRadio)",
	"Minimale Bitrate": "Débit minimum",
	"Starte Plugin nur mit Meine Radiostationen": "Démarrage du plugin seulement avec Mes Stations Radio",
	"kompletter Pfad zu Meine Radiostationen": "chemin complet My Radio Stations",
	"Meine Radiostationen": "Mes Stations de Radio",
	"Datei nicht gefunden": "Fichier introuvable",
	"Bitte den Eintrag in Einstellungen ueberpruefen!": "Veuillez vérifier l'entrée dans les Préférences!",
	"fehlerhafte Datei": "Fichier corrompu",
	"Eintrag fehlt fuer Url oder Name": "Donnée manquante pour l'URL ou le nom",
	"Custom Url muss mit http beginnen": "Custom Url doit commencer par http",
	"maximale Anzahl Streams pro Station (kann Timeouts verhindern)": "nombre maximum de flux par station (peut éviter les délais d'attente)",
	"Im Trend": "Tendance",
	"Kuerzlich gehoert": "Récents",
	"Plugin Update": "Plugin Update",
	"Plugin Version:": "Plugin Version",
	"Plugin aktuell": "Plugin up to date",
	"Suche kompatible Streams fuer": "Rechercher des flux compatibles pour",
    "Home / Refresh": "Home / Refresh",
    "Stream": "Stream",
    "Bitte Suchwort(e) eingeben": "Please enter search word(s)",
    "Addon Update auf Version": "Addon update to version",
    "Update erfolgreich - weiter zum aktuellen Addon": "Update successful - continue to current addon",
    "Lokale Sender": "Stations locales"
}

