{
"Durchstoebern": "Esplora TuneIn",
"Meine Favoriten": "I Miei Preferiti",
"Meine Stationen": "Le Mie Stazioni",
"Suche": "Cerca",
"Suche Station / Titel": "Cerca Stazioni / Titoli",
"Suche nach": "Cerca per",
"Keine Suchergebnisse zu": "Nessun risultato per",
"Fehler": "Errore",
"neues Update vorhanden": "Nuovo Aggiornamento Disponibile",
"jetzt installieren": "Installa Adesso",
"Update abbrechen": "Annulla Aggiornamento",
"weiter im aktuellen Plugin": "Continua col Plugin attuale",
"ist die neueste Version": "| Ultima versione",
"Suche nach neuen Updates starten": "Cerca Nuovi Aggiornamenti",
"Bezugsquelle": "Sorgente",
"Github ist nicht errreichbar": "Github non è disponibile",
"Bitte die Update-Anzeige abschalten": "Disattiva notifiche del Plugin",
"Username ueberpruefen": "Controlla il nome utente",
"keinen Stream gefunden zu": "Nessuno stream trovato per",
"nicht gefunden": "Non trovato",
"Mehr...": "Più risultati...",
"neuer Versuch": "Prova ancora",
"neues Update beim Start des Plugins anzeigen": "Controlla aggiornamenti del plugin all'avvio",
"Sprache Plugin": "Lingua Plugin",
"maximale Anzahl Objekte pro Seite": "Numero massimo elementi visualizzabili per pagina",
"Aufnehmen mit Streamripper": "Registra tramite Streamripper",
"kompletter Pfad zum Programm Streamripper": "Percorso completo Streamripper",
"kompletter Pfad zum Download-Verzeichnis": "Percorso completo cartella Download",
"Laufende Aufnahmen": "Registrazione in corso",
"Download-Verzeichnis": "Cartella Download",
"Aufnahme": "Registrazione |",
"beenden": "Arresta",
"beendet": "Completato",
"starten": "Avvia",
"gestartet": "Avviato",
"fehlgeschlagen": "Fallito",
"keine laufende Aufnahme gefunden": "Nessuna registrazione trovata",
"Ursache unbekannt": "Causa sconosciuta",
"Favoriten hinzufuegen/entfernen": "Aggiungi/Rimuovi Preferiti",
"Favorit": "Preferiti |",
"hinzufuegen": "Aggiungi",
"hinzugefuegt": "Aggiunto",
"entfernen": "Elimina",
"entfernt": "Eliminato",
"verschieben": "Sposta",
"verschoben": "Spostato",
"TuneIn Passwort (nur erforderlich fuer Favoriten hinzufuegen/loeschen)": "Password TuneIn (richiesta solo per aggiungere e rimuovere i preferiti)",
"Username und Passwort sind fuer diese Aktion erforderlich": "E' necessario essere loggati con nome utente e password",
"Problem mit Username / Passwort": "Problemi con nome utente / password",
"Neuer Ordner fuer Favoriten": "Nuova cartella per i Preferiti",
"Name des neuen Ordners": "Nome della nuova cartella",
"Ordner entfernen": "Elimina cartella",
"Ordner zum Entfernen auswaehlen": "Seleziona cartella da eliminare",
"Ordnername fehlt": "Nome cartella non trovato",
"Ordner": "Cartella",
"Anzahl der Eintraege": "Numero di elementi",
"ohne Rueckfrage!": "Automaticamente, senza conferma!",
"Ordner kann nicht entfernt werden": "La cartella non può essere eliminata",
"hierhin verschieben": "Sposta quì",
"keine Eintraege gefunden": "Nessun elemento Trovato",
"Ordner zum Verschieben auswaehlen": "Seleziona cartella da spostare",
"Starte Plugin nur mit Favoriten (TuneIn-Account erforderlich)": "Avvia il plugin solo con i Preferiti (Account TuneIn richiesto)",
"Custom Url: Url der Radiostation (Beispiel: http://myradio/live/stream.mp3)": "Url Personalizzato: url della stazione (esempio: http://mieradio/live/stream.mp3)",
"Custom Url: Name der Radiostation (Beispiel: MyRadio)": "Url Personalizzato: nome della stazione (esempio: MiaRadio)",
"Minimale Bitrate": "Bitrate Minimo",
"Starte Plugin nur mit Meine Radiostationen": "Avvia il plugin solo con le mie Stazioni",
"kompletter Pfad zu Meine Radiostationen": "Percorso completo per le mie Stazioni",
"Meine Radiostationen": "Le mie Stazioni",
"Datei nicht gefunden": "File non trovato",
"Bitte den Eintrag in Einstellungen ueberpruefen!": "Controllare la voce nei Preferiti!",
"fehlerhafte Datei": "File corrotto",
"Eintrag fehlt fuer Url oder Name": "Voce mancante per url o nome",
"Custom Url muss mit http beginnen": "L'url personalizzato deve iniziare con http",
"maximale Anzahl Streams pro Station (kann Timeouts verhindern)": "Numero massimo di streams per stazione (può evitare il timeouts)",
"Im Trend": "Di Tendenza",
"Kuerzlich gehoert": "Recenti",
"Plugin Update": "Aggiornamento Plugin",
"Plugin Version:": "Versione Plugin",
"Plugin aktuell": "Plugin Aggiornato",
"Suche kompatible Streams fuer": "Cerca flussi compatibili per",
    "Home / Refresh": "Home / Refresh",
    "Stream": "Stream",
    "Bitte Suchwort(e) eingeben": "Please enter search word(s)",
    "Addon Update auf Version": "Addon update to version",
    "Update erfolgreich - weiter zum aktuellen Addon": "Update successful - continue to current addon",
    "Lokale Sender", "Trasmettitori locali"
}
