<?xml version="1.0" encoding="UTF-8" standalone="yes"?>
<addon id="service.subsmangler" name="Subtitles Mangler" version="2.1.0" provider-name="bkiziuk">
    <requires>
        <import addon="xbmc.python" version="3.0.0"/>
        <import addon="script.module.pysubs2" version="1.1.0"/>
    </requires>
    <extension point="xbmc.service" library="service.py"/>
    <extension point="kodi.context.item">
        <menu id="kodi.core.main">
            <item library="context.py">
                <label>32100</label>
                <visible>Skin.String(SubsMangler_ShowContextItem, true) + [Container.Content(movies) | Container.Content(tvshows) | Container.Content(episodes)] + ![ListItem.IsParentFolder | ListItem.IsCollection]</visible>
            </item>
        </menu>
    </extension>
    <extension point="xbmc.addon.metadata">
        <news>v2.0.0 (2021-03-01)
- first release for Kodi 19 Matrix
v2.0.1 (2021-11-08)
- fix encoding crashes
- improve matching multiline texts
v2.1.0 (2022-11-30)
- remove handling Kodi's subtitle settings from within the plugin for better compatibility with Kodi 20 (Nexus)

</news>
        <platform>all</platform>
        <license>GPL-3.0-or-later</license>
        <forum>https://forum.kodi.tv/showthread.php?tid=328763</forum>
        <source>https://github.com/bkiziuk/service.subsmangler</source>
        <assets>
            <icon>resources/icon.png</icon>
            <fanart>resources/fanart.jpg</fanart>
        </assets>
        <summary lang="cs_CZ">Kompletní průvodce titukly</summary>
        <summary lang="de_DE">Ein umfassendes Tool für Untertitel</summary>
        <summary lang="en_GB">A comprehensive subtitle companion</summary>
        <summary lang="hu_HU">Egy teljeskörű felirat asszisztens</summary>
        <summary lang="pl_PL">Wszechstronny asystent napisów</summary>
        <summary lang="sk_SK">Kompletný sprievodca titukly</summary>
        <description lang="cs_CZ">Automaticky vyvolá dialog pro vyhledávání titulků, pokud nejsou lokální titulky detekovány. Pokud původní video bylo odstraněno, odstraní soubory titulků. Umožňuje také odstranění reklamních textů a textů pro sluchově postižené. Podporuje formáty microDVD, SubRip, MPL2 a TMP.</description>
        <description lang="de_DE">Es wird automatisch ein Untertitel-Suchdialog gestartet, wenn keine lokalen Untertitel gefunden wurden. Löscht Untertitel-Dateien, wenn die originale Videodatei gelöscht wurde. Weiterhin können Werbetexte und Untertitel für Hörgeschädigte entfernt werden. Folgende Formate werden unterstützt: microDVD, SubRip, MPL2 and TMP.</description>
        <description lang="en_GB">Automatically invokes subtitle search dialog if local subtitles matching user's preferences are not detected. Removes subtitle files if original video was deleted. Also, allows to remove advertisement texts and texts for the Hearing Impaired. Supports: microDVD, SubRip, MPL2 and TMP formats.</description>
        <description lang="hu_HU">Automatikusan elindul a felirat kereső program, ha nem található helyi felirat fájl. Törli a letöltött feliratot, ha az eredeti videó törlésre kerül. Továbbá, eltávolítja a hírdetési szövegeket, illetve a hallássérülteknek szóló feliratokat. Támogatott: microDVD, SubRip, MPL2 és TMP formátumok.</description>
        <description lang="pl_PL">Umożliwia automatyczne uruchamianie okna wyszukiwania napisów w sytuacji, gdy nie zostały wykryte preferowane lokalne napisy. Usuwa pliki z napisami dla skasowanych filmów. Pozwala również na usuwanie z napisów podpisów reklamowych oraz znaczników dla niesłyszących. Obsługuje formaty microDVD, SubRip, MPL2 i TMP.</description>
        <description lang="sk_SK">Automaticky vyvolá dialóg pre vyhľadávanie titulkov, pokiaľ nie sú lokálne titulky detekované. Ak pôvodné video bolo odstránené, odstráni súbory titulkov. Umožňuje tiež odstránenie reklamných textov a textov pre sluchovo postihnutých. Podporuje formáty MicroDVD, SubRip, MPL2 a TMP.</description>
        <disclaimer lang="cs_CZ">Kompletní průvodce titukly</disclaimer>
        <disclaimer lang="de_DE">Ein umfassendes Tool für Untertitel</disclaimer>
        <disclaimer lang="en_GB">A comprehensive subtitle companion</disclaimer>
        <disclaimer lang="hu_HU">Egy teljeskörű felirat asszisztens</disclaimer>
        <disclaimer lang="pl_PL">Wszechstronny asystent napisów</disclaimer>
        <disclaimer lang="sk_SK">Kompletný sprievodca titukly</disclaimer>
    </extension>
</addon>