<?xml version="1.0" encoding="UTF-8" standalone="yes"?>
<addon id="repository.pikdum" name="pikdum's repo" version="0.1.0" provider-name="pikdum">
    <extension point="xbmc.addon.repository" name="pikdum's repo">
        <dir>
            <info compressed="false">https://raw.githubusercontent.com/Gujal00/smrzips/master/addons.xml</info>
            <checksum>https://raw.githubusercontent.com/Gujal00/smrzips/master/addons.xml.md5</checksum>
            <datadir zip="true">https://raw.githubusercontent.com/Gujal00/smrzips/master/zips/</datadir>
        </dir>
        <dir>
            <info compressed="false">https://raw.githubusercontent.com/pikdum/repository.pikdum/master/repo/zips/addons.xml</info>
            <checksum>https://raw.githubusercontent.com/pikdum/repository.pikdum/master/repo/zips/addons.xml.md5</checksum>
            <datadir zip="true">https://raw.githubusercontent.com/pikdum/repository.pikdum/master/repo/zips/</datadir>
        </dir>
    </extension>
    <extension point="xbmc.addon.metadata">
        <summary>pikdum's repo</summary>
        <description>probably mainly haru</description>
        <disclaimer></disclaimer>
        <platform>all</platform>
    </extension>
</addon>
