﻿<?xml version="1.0" encoding="UTF-8" standalone="yes"?>
<addon id="repository.skins.pkscout" name="pkscout's Skin Modifications" version="2.0.1" provider-name="pkscout">
	<requires>
	<import addon="xbmc.addon" version="12.0.0"/>
	</requires>
	<extension point="xbmc.addon.repository" name="Skin modifications by pkscout">
		<dir minversion="19.0.0" maxversion="19.9.0">
			<info>https://raw.github.com/pkscout/repository.skins.pkscout/matrix/addons.xml</info>
			<checksum>https://raw.github.com/pkscout/repository.skins.pkscout/matrix/addons.xml.md5</checksum>
			<datadir zip="true">https://raw.github.com/pkscout/repository.skins.pkscout/matrix/download</datadir>
			<artdir>https://raw.github.com/pkscout/repository.skins.pkscout/matrix/download</artdir>
			<hashes>false</hashes>
		</dir>
		<dir minversion="20.0.0" maxversion="20.8.900">
			<info>https://raw.github.com/pkscout/repository.skins.pkscout/nexus/addons.xml</info>
			<checksum>https://raw.github.com/pkscout/repository.skins.pkscout/nexus/addons.xml.md5</checksum>
			<datadir zip="true">https://raw.github.com/pkscout/repository.skins.pkscout/nexus/download</datadir>
			<artdir>https://raw.github.com/pkscout/repository.skins.pkscout/nexus/download</artdir>
			<hashes>false</hashes>
		</dir>
		<dir minversion="20.9.0">
			<info>https://raw.github.com/pkscout/repository.skins.pkscout/omega/addons.xml</info>
			<checksum>https://raw.github.com/pkscout/repository.skins.pkscout/omega/addons.xml.md5</checksum>
			<datadir zip="true">https://raw.github.com/pkscout/repository.skins.pkscout/omega/download</datadir>
			<artdir>https://raw.github.com/pkscout/repository.skins.pkscout/omega/download</artdir>
			<hashes>false</hashes>
		</dir>
	</extension>
	<extension point="xbmc.addon.metadata">
		<summary lang="en">Install skin modifications by pkscout</summary>
		<description lang="en">Download and install skin modifications from pkscout.</description>
		<disclaimer lang="en">These skin mods are only lightly supported.</disclaimer>
		<platform>all</platform>
		<nofanart>true</nofanart>
	</extension>
</addon>