<?xml version="1.0" encoding="utf-8"?>
<window>
	<onload condition="!Player.PauseEnabled">SetFocus(603)</onload>
	<onload condition="=Player.Rewinding | Player.Forwarding">SetFocus(6021)</onload>
	<defaultcontrol always="true">602</defaultcontrol>
	<include>Animation_BottomSlide</include>
	<depth>DepthOSD</depth>
	<controls>
		<control type="button">
			<description>background close area</description>
			<left>0</left>
			<top>0</top>
			<width>100%</width>
			<bottom>310</bottom>
			<texturefocus />
			<texturenofocus />
			<onclick>Action(close)</onclick>
		</control>
		<control type="group">
			<bottom>0</bottom>
			<height>180</height>
			<visible>!Window.IsActive(osdaudiosettings) + !Window.IsActive(osdvideosettings) + !Window.IsActive(playerprocessinfo) + !Window.IsActive(1141) + !Window.IsActive(songinformation)</visible>
			<animation effect="fade" time="200">VisibleChange</animation>
			<control type="label">
				<right>30</right>
				<bottom>24</bottom>
				<align>right</align>
				<aligny>bottom</aligny>
				<font>font20_title</font>
				<height>30</height>
				<width>320</width>
				<label>$VAR[MusicOSDHelpTextVar]</label>
				<scroll>true</scroll>
			</control>
			<control type="grouplist" id="200">
				<left>460</left>
				<bottom>5</bottom>
				<width>100%</width>
				<height>60</height>
				<itemgap>2</itemgap>
				<scrolltime tween="sine">200</scrolltime>
				<orientation>horizontal</orientation>
				<onup>87</onup>
				<ondown>Action(close)</ondown>
				<onleft>200</onleft>
				<onright>200</onright>
				<control type="radiobutton" id="600">
					<include content="OSDButton">
						<param name="texture" value="osd/fullscreen/buttons/previous.png"/>
					</include>
					<onclick>PlayerControl(Previous)</onclick>
					<visible>MusicPlayer.HasPrevious | Player.SeekEnabled</visible>
				</control>
				<control type="radiobutton" id="601">
					<include content="OSDButton">
						<param name="texture" value="osd/fullscreen/buttons/rewind.png"/>
					</include>
					<onclick>PlayerControl(Rewind)</onclick>
					<visible>[!Pvr.IsPlayingRadio + !Player.IsInternetStream] | Player.SeekEnabled</visible>
				</control>
				<control type="radiobutton" id="602">
					<textureradioonfocus colordiffuse="white">osd/fullscreen/buttons/play.png</textureradioonfocus>
					<textureradioonnofocus>osd/fullscreen/buttons/play.png</textureradioonnofocus>
					<textureradioofffocus colordiffuse="white">osd/fullscreen/buttons/pause.png</textureradioofffocus>
					<textureradiooffnofocus>osd/fullscreen/buttons/pause.png</textureradiooffnofocus>
					<texturefocus colordiffuse="$VAR[SkinColorVar]">osd/fullscreen/buttons/button-fo-76.png</texturefocus>
					<width>56</width>
					<animation type="Focus" condition="!Skin.HasSetting(no_animations)" reversible="false">
						<effect type="zoom" end="125" time="75" tween="sine" easing="out" center="auto" />
						<effect type="zoom" end="80" time="225" tween="sine" delay="100" easing="out" center="auto" />
					</animation>
					<height>56</height>
					<radiowidth>54</radiowidth>
					<radioheight>54</radioheight>
					<font></font>
					<texturenofocus />
					<radioposx>1</radioposx>
					<radioposy>0</radioposy>
					<selected>Player.Paused</selected>
					<onclick>PlayerControl(Play)</onclick>
					<visible>Player.PauseEnabled</visible>
					<visible>!Player.Rewinding + !Player.Forwarding</visible>
				</control>
				<control type="radiobutton" id="6021">
					<include content="OSDButton">
						<param name="texture" value="osd/fullscreen/buttons/play.png"/>
					</include>
					<onclick>PlayerControl(Play)</onclick>
					<visible>Player.Rewinding | Player.Forwarding</visible>
				</control>
				<control type="radiobutton" id="603">
					<include content="OSDButton">
						<param name="texture" value="osd/fullscreen/buttons/stop.png"/>
					</include>
					<onclick>PlayerControl(Stop)</onclick>
				</control>
				<control type="radiobutton" id="604">
					<include content="OSDButton">
						<param name="texture" value="osd/fullscreen/buttons/forward.png"/>
					</include>
					<onclick>PlayerControl(Forward)</onclick>
					<visible>[!Pvr.IsPlayingRadio + !Player.IsInternetStream] | Player.SeekEnabled</visible>
				</control>
				<control type="radiobutton" id="605">
					<include content="OSDButton">
						<param name="texture" value="osd/fullscreen/buttons/next.png"/>
					</include>
					<onclick>PlayerControl(Next)</onclick>
					<visible>MusicPlayer.HasNext | [MusicPlayer.Content(LiveTV) + Player.SeekEnabled]</visible>
					<visible>!Pvr.IsPlayingRadio</visible>
				</control>
				<control type="radiobutton" id="6051">
					<include content="OSDButton">
						<param name="texture" value="osd/fullscreen/buttons/next.png"/>
					</include>
					<onclick>PlayerControl(Next)</onclick>
					<visible>Pvr.IsPlayingRadio</visible>
				</control>
				<control type="radiobutton" id="606">
					<include content="OSDButton">
						<param name="texture" value="osd/fullscreen/buttons/record-white.png"/>
						<param name="color_selected" value="FFAA0000" />
					</include>
					<selected>PVR.IsRecordingPlayingChannel</selected>
					<onclick>PVR.ToggleRecordPlayingChannel</onclick>
					<visible>PVR.CanRecordPlayingChannel + VideoPlayer.Content(livetv)</visible>
				</control>
                		<control type="radiobutton" id="62040">
					<include content="OSDButton">
						<param name="texture" value="osd/fullscreen/buttons/plot.png"/>
					</include>
					<onclick>ActivateWindow(1138)</onclick>
					<visible>MusicPlayer.Content(LiveTV)</visible>
				</control>
                		<control type="radiobutton" id="62041">
					<include content="OSDButton">
						<param name="texture" value="osd/fullscreen/buttons/channels.png"/>
					</include>
					<onclick>Dialog.Close(MusicOSD)</onclick>
					<onclick>ActivateWindow(PVROSDChannels)</onclick>
					<visible>MusicPlayer.Content(LiveTV)</visible>
				</control>
				<control type="radiobutton" id="62042">
					<include content="OSDButton">
						<param name="texture" value="osd/fullscreen/buttons/livetv.png"/>
					</include>
					<onclick>Dialog.Close(MusicOSD)</onclick>
					<onclick>ActivateWindow(PVRChannelGuide)</onclick>
					<visible>MusicPlayer.Content(LiveTV) + VideoPlayer.HasEPG</visible>
				</control>
				<control type="radiobutton" id="62043">
					<include content="OSDButton">
						<param name="texture" value="osd/fullscreen/buttons/rds_small.png"/>
					</include>
					<onclick>Dialog.Close(MusicOSD)</onclick>
					<onclick>ActivateWindow(PVRRadioRDSInfo)</onclick>
					<visible>RDS.HasRds</visible>
				</control>
				<control type="radiobutton" id="608">
					<selected>Skin.HasSetting(dim_screen)</selected>
					<include content="OSDButton">
						<param name="texture" value="osd/fullscreen/buttons/dim.png"/>
						<param name="color_selected" value="FFAA0000" />
					</include>
					<onclick>Skin.ToggleSetting(dim_screen)</onclick>
					<onclick>Dialog.Close(musicosd)</onclick>
				</control>
				<control type="radiobutton" id="620">
					<include content="OSDButton">
						<param name="texture" value="osd/fullscreen/buttons/rating.png"/>
					</include>
					<onclick>SetRating</onclick>
					<visible>!Pvr.IsPlayingRadio + !Player.IsInternetStream</visible>
				</control>
				<control type="radiobutton" id="621">
					<include content="OSDButton">
						<param name="texture" value="osd/fullscreen/buttons/playlist.png"/>
					</include>
					<onclick>Close</onclick>
					<onclick>ActivateWindow(musicplaylist)</onclick>
					<visible>!Pvr.IsPlayingRadio + !Player.IsInternetStream + !MusicPartyMode.Enabled</visible>
				</control>
				<control type="group" id="699">
					<width>56</width>
					<height>56</height>
					<visible>!Pvr.IsPlayingRadio + !Player.IsInternetStream</visible>
					<animation type="Focus" condition="!Skin.HasSetting(no_animations)" reversible="false">
						<effect type="zoom" end="125" time="75" tween="sine" easing="out" center="auto" />
						<effect type="zoom" end="80" time="225" tween="sine" delay="100" easing="out" center="auto" />
					</animation>
					<control type="button" id="704">
						<left>0</left>
						<top>0</top>
						<width>56</width>
						<height>56</height>
						<label/>
						<font></font>
						<texturefocus colordiffuse="$VAR[SkinColorVar]">osd/fullscreen/buttons/button-fo-76.png</texturefocus>
						<texturenofocus />
						<onleft>621</onleft>
						<onright>607</onright>
						<onup>87</onup>
						<ondown/>
						<onclick>PlayerControl(Repeat)</onclick>
					</control>
					<control type="image">
						<left>1</left>
						<top>0</top>
						<width>54</width>
						<height>54</height>
						<texture colordiffuse="white">$VAR[PlayerControlsRepeatImageVar]</texture>
					</control>
				</control>
				<control type="radiobutton" id="607">
					<selected>Playlist.IsRandom</selected>
					<include content="OSDButton">
						<param name="texture" value="osd/fullscreen/buttons/random-on.png"/>
						<param name="color_selected" value="FFAA0000" />
					</include>
					<onclick>PlayerControl(Random)</onclick>
				</control>
				<control type="radiobutton" id="703">
					<include content="OSDButton">
						<param name="texture" value="osd/fullscreen/buttons/lyrics.png"/>
					</include>
					<onclick>Close</onclick>
					<onclick condition="!String.IsEmpty(Skin.String(LyricScript_Path))">RunScript($INFO[Skin.String(LyricScript_Path)])</onclick>
					<onclick condition="String.IsEmpty(Skin.String(LyricScript_Path))">Skin.SetAddon(LyricScript_Path,xbmc.python.lyrics)</onclick>
					<onclick condition="String.IsEmpty(Skin.String(LyricScript_Path))">Close</onclick>
					<onclick condition="String.IsEmpty(Skin.String(LyricScript_Path))">RunScript($INFO[Skin.String(LyricScript_Path)])</onclick>
					<visible>System.AddonIsEnabled(script.cu.lrclyrics)</visible>
				</control>
				<control type="radiobutton" id="5000">
					<include content="OSDButton">
						<param name="texture" value="osd/fullscreen/buttons/settings.png"/>
					</include>
					<onclick>ActivateWindow(1105)</onclick>
				</control>
			</control>
			<control type="group">
				<top>90</top>
				<visible>Player.SeekEnabled</visible>
				<control type="button" id="87">
					<include>HiddenObject</include>
					<onup>200</onup>
					<onunfocus condition="Player.Forwarding | Player.Rewinding">PlayerControl(Play)</onunfocus>
					<ondown>200</ondown>
					<onright>StepForward</onright>
					<onleft>StepBack</onleft>
					<onclick condition="Player.Forwarding | Player.Rewinding">PlayerControl(Play)</onclick>
				</control>
				<control type="group">
					<left>460</left>
					<top>-5</top>
					<right>30</right>
					<onup>8010</onup>
					<ondown>650</ondown>
					<visible>Player.SeekEnabled + !Skin.HasSetting(dim_screen)</visible>
					<control type="slider">
						<height>20</height>
						<texturesliderbar colordiffuse="00FFFFFF">osd/progress/nub_leftright.png</texturesliderbar>
						<textureslidernib>osd/progress/nub_leftright.png</textureslidernib>
						<textureslidernibfocus colordiffuse="$VAR[SkinColorVar]">osd/progress/nub_leftright.png</textureslidernibfocus>
						<info>Player.Progress</info>
						<action>seek</action>
						<visible>!Control.HasFocus(87) + !VideoPlayer.HasEpg</visible>
					</control>
					<control type="slider">
						<height>20</height>
						<texturesliderbar colordiffuse="00FFFFFF">osd/progress/nub_leftright.png</texturesliderbar>
						<textureslidernib colordiffuse="$VAR[SkinColorVar]">osd/progress/nub_leftright.png</textureslidernib>
						<textureslidernibfocus colordiffuse="$VAR[SkinColorVar]">osd/progress/nub_leftright.png</textureslidernibfocus>
						<info>Player.Progress</info>
						<action>seek</action>
						<visible>Control.HasFocus(87) + !VideoPlayer.HasEpg</visible>
					</control>
					<control type="slider">
						<height>20</height>
						<texturesliderbar colordiffuse="00FFFFFF">osd/progress/nub_leftright.png</texturesliderbar>
						<textureslidernib>osd/progress/nub_leftright.png</textureslidernib>
						<textureslidernibfocus colordiffuse="$VAR[SkinColorVar]">osd/progress/nub_leftright.png</textureslidernibfocus>
						<info>PVR.EpgEventProgress</info>
						<visible>!Control.HasFocus(87) + VideoPlayer.HasEpg</visible>
					</control>
					<control type="slider">
						<height>20</height>
						<texturesliderbar colordiffuse="00FFFFFF">osd/progress/nub_leftright.png</texturesliderbar>
						<textureslidernib colordiffuse="$VAR[SkinColorVar]">osd/progress/nub_leftright.png</textureslidernib>
						<textureslidernibfocus colordiffuse="$VAR[SkinColorVar]">osd/progress/nub_leftright.png</textureslidernibfocus>
						<info>PVR.EpgEventProgress</info>
						<visible>Control.HasFocus(87) + VideoPlayer.HasEpg</visible>
					</control>
				</control>
			</control>
		</control>
	</controls>
</window>
