<?xml version="1.0" encoding="UTF-8"?>
<window>
	<defaultcontrol always="true">29</defaultcontrol>
	
	<controls><!-- WRAPPER START --><control type="group"><centerleft>50%</centerleft><centertop>50%</centertop><width>1920</width><height>1080</height><!-- WRAPPER START -->
		
		<control type="group">
			<depth>DepthSideBlade</depth>
			
			<include>Window_OpenClose_Animation</include>
			
			<control type="image">
				<left>0</left>
				<top>0</top>
				<width>1920</width>
				<height>1080</height>
				<texture>colors/black.png</texture>
			</control>
			
			<control type="group">
				<top>0</top>
				<control type="group">
					<include content="DialogBackgroundCommonsNoBackgroundFS">
						<param name="DialogHeaderWidth" value="1920" />
						<param name="DialogHeaderLabelWidth" value="1830" />
						<param name="DialogHeaderLabel" value="$VAR[PVRGroupMgrHeader]" />
						<param name="DialogHeaderId" value="2" />
					</include>
				</control>
				<control type="grouplist" id="9000">
					<left>30</left>
					<top>234</top>
					<width>300</width>
					<itemgap>15</itemgap>
					<orientation>vertical</orientation>
					<onup>noop</onup>
					<onleft>noop</onleft>
					<onright>13</onright>
					<ondown>noop</ondown>
					
					<control type="button" id="29">
						<description>OK</description>
						<width>300</width>
						<height>67</height>
						<font>Regular19</font>
						<include>ButtonInfoDialogsCommonValues</include>
						<label>186</label>
					</control>
					<control type="button" id="26">
						<description>Add Group</description>
						<width>300</width>
						<height>67</height>
						<font>Regular19</font>
						<include>ButtonInfoDialogsCommonValues</include>
						<label>31503</label>
					</control>
					<control type="button" id="27">
						<description>Rename Group</description>
						<width>300</width>
						<height>67</height>
						<font>Regular19</font>
						<include>ButtonInfoDialogsCommonValues</include>
						<label>31504</label>
					</control>
					<control type="radiobutton" id="25">
					
						<textureradioonfocus>radiobutton-focus-inverted.png</textureradioonfocus>
						
						<description>Hide Group</description>
						<width>300</width>
						<height>67</height>
						<font>Regular19</font>
						
						<align>right</align>
						<textoffsetx>69</textoffsetx>
						<textwidth>219</textwidth>
						
						<include>ButtonInfoDialogsCommonValues</include>
						<label>19289</label>
					</control>
					<control type="button" id="28">
						<description>Delete Group</description>
						<width>300</width>
						<height>67</height>
						<font>Regular19</font>
						<include>ButtonInfoDialogsCommonValues</include>
						<label>31505</label>
					</control>
				</control>
				<control type="group">
					<left>21</left>
					<top>700</top>
					<control type="image">
						<left>8</left>
						<top>8</top>
						<width>300</width>
						<height>300</height>
						<aspectratio>keep</aspectratio>
						<texture background="true">$INFO[Container(11).ListItem.Icon]</texture>
						<visible>Control.HasFocus(11) | Control.HasFocus(71)</visible>
					</control>
					<control type="image">
						<left>8</left>
						<top>8</top>
						<width>300</width>
						<height>300</height>
						<aspectratio>keep</aspectratio>
						<texture background="true">$INFO[Container(12).ListItem.Icon]</texture>
						<visible>Control.HasFocus(12) | Control.HasFocus(72)</visible>
					</control>
				</control>
				<control type="group">
					<description>Group list</description>
					<left>375</left>
					<top>120</top>
					<control type="label">
						<description>name label</description>
						<left>0</left>
						<top>0</top>
						<width>465</width>
						<height>105</height>
						<font>Light18</font>
						<label>31506</label>
						<align>center</align>
						<aligny>center</aligny>
						<textcolor>blue</textcolor>
					</control>
					<control type="list" id="13">
						<left>6</left>
						<top>120</top>
						<width>450</width>
						<height>680</height>
						<onup>13</onup>
						<ondown>13</ondown>
						<onleft>29</onleft>
						<onright>73</onright>
						<pagecontrol>73</pagecontrol>
						<include>ScrollTimeOld</include>
						<itemlayout height="68">
							<control type="label">
								<left>15</left>
								<top>0</top>
								<width>420</width>
								<height>60</height>
								<font>Regular17</font>
								<align>left</align>
								<aligny>center</aligny>
								<textcolor>grey2</textcolor>
								<selectedcolor>selected</selectedcolor>
								<info>ListItem.Label</info>
							</control>
						</itemlayout>
						<focusedlayout height="68">
							<control type="image">
								<left>0</left>
								<top>0</top>
								<width>450</width>
								<height>60</height>
								<texture border="14" colordiffuse="$VAR[accentColorDiffuseForNeutralTextures]">button-focus-neutral.png</texture>
								<visible>Control.HasFocus(13)</visible>
							</control>
							<control type="label">
								<left>15</left>
								<top>0</top>
								<width>420</width>
								<height>60</height>
								<font>Regular17</font>
								<align>left</align>
								<aligny>center</aligny>
								<textcolor>white</textcolor>
								<selectedcolor>selected</selectedcolor>
								<info>ListItem.Label</info>
							</control>
						</focusedlayout>
					</control>
					<control type="scrollbar" id="73">
						<left>471</left>
						<top>120</top>
						<include>scrollBarStyleDefaultWidth</include>
						<height>672</height>
						<onleft>13</onleft>
						<onright>11</onright>
						<ondown>73</ondown>
						<onup>73</onup>
						<showonepage>false</showonepage>
						
						<include>scrollBarStyleDefault</include>
						
					</control>
				</control>
				<control type="group">
					<description>Channels list</description>
					<left>885</left>
					<top>120</top>
					<control type="label" id="21">
						<description>name label</description>
						<left>0</left>
						<top>0</top>
						<width>465</width>
						<height>105</height>
						<font>Light18</font>
						<align>center</align>
						<aligny>center</aligny>
						<textcolor>blue</textcolor>
					</control>
					<control type="list" id="11">
						<left>6</left>
						<top>120</top>
						<width>450</width>
						<height>680</height>
						<onup>11</onup>
						<ondown>11</ondown>
						<onleft>73</onleft>
						<onright>71</onright>
						<pagecontrol>71</pagecontrol>
						<include>ScrollTimeOld</include>
						<itemlayout height="68">
							<control type="image">
								<width>48</width>
								<height>48</height>
								<left>8</left>
								<top>6</top>
								<texture>$INFO[ListItem.Icon]</texture>
								<aspectratio>keep</aspectratio>
							</control>
							<control type="label">
								<left>60</left>
								<top>0</top>
								<width>375</width>
								<height>60</height>
								<font>Regular17</font>
								<align>left</align>
								<aligny>center</aligny>
								<textcolor>grey2</textcolor>
								<selectedcolor>selected</selectedcolor>
								<label>$INFO[ListItem.ChannelNumberLabel,(,) - ]$INFO[ListItem.ChannelName]</label>
							</control>
						</itemlayout>
						<focusedlayout height="68">
							<control type="image">
								<left>0</left>
								<top>0</top>
								<width>450</width>
								<height>60</height>
								<texture border="14" colordiffuse="$VAR[accentColorDiffuseForNeutralTextures]">button-focus-neutral.png</texture>
								<visible>Control.HasFocus(11)</visible>
							</control>
							<control type="image">
								<width>48</width>
								<height>48</height>
								<left>8</left>
								<top>6</top>
								<texture>$INFO[ListItem.Icon]</texture>
								<aspectratio>keep</aspectratio>
							</control>
							<control type="label">
								<left>60</left>
								<top>0</top>
								<width>375</width>
								<height>60</height>
								<font>Regular17</font>
								<align>left</align>
								<aligny>center</aligny>
								<textcolor>white</textcolor>
								<selectedcolor>selected</selectedcolor>
								<label>$INFO[ListItem.ChannelNumberLabel,(,) - ]$INFO[ListItem.ChannelName]</label>
							</control>
						</focusedlayout>
					</control>
					<control type="scrollbar" id="71">
						<left>471</left>
						<top>120</top>
						<include>scrollBarStyleDefaultWidth</include>
						<height>672</height>
						<onleft>11</onleft>
						<onright>12</onright>
						<ondown>71</ondown>
						<onup>71</onup>
						<showonepage>false</showonepage>
						<include>scrollBarStyleDefault</include>
					</control>
				</control>
				<control type="group">
					<description>Grouped Channels list</description>
					<left>1395</left>
					<top>120</top>
					<control type="label" id="22">
						<description>name label</description>
						<left>0</left>
						<top>0</top>
						<width>465</width>
						<height>105</height>
						<font>Light18</font>
						<align>center</align>
						<aligny>center</aligny>
						<textcolor>blue</textcolor>
					</control>
					<control type="list" id="12">
						<left>6</left>
						<top>120</top>
						<width>450</width>
						<height>680</height>
						<onup>12</onup>
						<ondown>12</ondown>
						<onleft>71</onleft>
						<onright>72</onright>
						<pagecontrol>72</pagecontrol>
						<include>ScrollTimeOld</include>
						<itemlayout height="68">
							<control type="image">
								<width>48</width>
								<height>48</height>
								<left>8</left>
								<top>6</top>
								<texture>$INFO[ListItem.Icon]</texture>
								<aspectratio>keep</aspectratio>
							</control>
							<control type="label">
								<left>60</left>
								<top>0</top>
								<width>375</width>
								<height>60</height>
								<font>Regular17</font>
								<align>left</align>
								<aligny>center</aligny>
								<textcolor>grey2</textcolor>
								<selectedcolor>selected</selectedcolor>
								<label>$INFO[ListItem.ChannelNumberLabel,(,) - ]$INFO[ListItem.ChannelName]</label>
							</control>
						</itemlayout>
						<focusedlayout height="68">
							<control type="image">
								<left>0</left>
								<top>0</top>
								<width>450</width>
								<height>60</height>
								<texture border="14" colordiffuse="$VAR[accentColorDiffuseForNeutralTextures]">button-focus-neutral.png</texture>
								<visible>Control.HasFocus(12)</visible>
							</control>
							<control type="image">
								<width>48</width>
								<height>48</height>
								<left>8</left>
								<top>6</top>
								<texture>$INFO[ListItem.Icon]</texture>
								<aspectratio>keep</aspectratio>
							</control>
							<control type="label">
								<left>60</left>
								<top>0</top>
								<width>375</width>
								<height>60</height>
								<font>Regular17</font>
								<align>left</align>
								<aligny>center</aligny>
								<textcolor>white</textcolor>
								<selectedcolor>selected</selectedcolor>
								<label>$INFO[ListItem.ChannelNumberLabel,(,) - ]$INFO[ListItem.ChannelName]</label>
							</control>
						</focusedlayout>
					</control>
					<control type="scrollbar" id="72">
						<left>471</left>
						<top>120</top>
						<include>scrollBarStyleDefaultWidth</include>
						<height>672</height>
						<onleft>12</onleft>
						<onright>noop</onright>
						<ondown>72</ondown>
						<onup>72</onup>
						<showonepage>false</showonepage>
						<include>scrollBarStyleDefault</include>
					</control>
				</control>
			</control>
		</control>
		<control type="label" id="20">
			<description>Fake Label used to pass on name label</description>
			<visible>false</visible>
		</control>
		
		<include>BehindDialogFadeOut</include>
		
	<include condition="Skin.HasSetting(EnableSkinDebugOutput)">DebugOverlay</include><!-- WRAPPER STOP --></control><!-- WRAPPER STOP --></controls>
</window>
