<?xml version="1.0" encoding="UTF-8"?>
<window>
	<defaultcontrol always="true">51</defaultcontrol>
	<menucontrol>7000</menucontrol>
	<onload condition="!Skin.HasSetting(FirstTimeRun)">ActivateWindow(1112)</onload>
	<views>51,50,550,551,500,908,909,910,514,510</views>
	
	<controls><!-- WRAPPER START --><control type="group"><centerleft>50%</centerleft><centertop>50%</centertop><width>1920</width><height>1080</height><!-- WRAPPER START -->
		
		<include>CommonBackground</include>
		<include>ContentPanelBackgrounds</include>
		<control type="image">
			<left>0</left>
			<top>0</top>
			<width>1920</width>
			<height>938</height>
			<texture background="true">$INFO[ListItem.FileNameAndPath]</texture>
			<fadetime>1000</fadetime>
			<aspectratio>keep</aspectratio>
			<include>VisibleFadeEffect</include>
			<visible>Control.IsVisible(510)</visible>
			<include>Window_OpenClose_Animation</include>
		</control>
		<control type="group">
			<include>Window_OpenClose_Animation</include>
			<!-- view id = 51 -->
			<include>FullWidthList</include>
			<!-- view id = 50 -->
			<include>CommonRootView</include>
			
			<!-- view id = 500, 908, 909 -->
			<!-- WALL VIEWS -->
			<include>WallView2X</include>
			<include>WallView3X</include>
			<include>WallView4X</include>
			<include>WallView5X</include>
			
			<!-- view id = 510 -->
			<include>PictureWrapView</include>
			<!-- view id = 514 -->
			<include>PictureThumbView</include>
			<!-- view id = 550 -->
			<include>AddonInfoListView1</include>
			<!-- view id = 551 -->
			<include>AddonInfoThumbView1</include>
		</control>
		
		
		<!--<include>ScrollOffsetLabel</include>-->
		
		<include content="CommonWindowHeader">
			<param name="Icon" value="icon_pictures" />
			<param name="Label" value="$LOCALIZE[1]" />
		</include>
		
		<include>BehindDialogFadeOut</include>
		
		
		<control type="group">
			
			<left>-429</left>
			
			<include>SideBladeLeft</include>
			
			<control type="grouplist" id="7000">
				<include>SideBladeLeftFadeInAni</include>
				<left>24</left>
				<top>165</top>
				<width>375</width>
				<height>900</height>
				<onleft>7000</onleft>
				<onright>50</onright>
				<onup>7000</onup>
				<ondown>7000</ondown>
				<onback>50</onback>
				<itemgap>0</itemgap>
				
				<control type="button" id="204">
					<description>Get more</description>
					<textwidth>353</textwidth>
					<include>ButtonCommonValues</include>
					<label>21452</label>
					<onclick>ActivateWindow(AddonBrowser,addons://more/image/,return)</onclick>
					<visible>String.IsEqual(Container.Content,Addons)</visible>
				</control>
				
				
				
				<control type="label" id="200">
					<width>375</width>
					<height>53</height>
					<font>Light18</font>
					<label>31006</label>
					<textcolor>blue</textcolor>
					<align>center</align>
					<aligny>center</aligny>
				</control>
				
				<control type="button" id="2">
					<description>View As button</description>
					<textwidth>353</textwidth>
					<include>ButtonCommonValues</include>
					<label></label>
				</control>
				
				<include>WallViewsHigherDensitySidebarButton</include>
				
				<control type="button" id="3">
					<description>Sort by button</description>
					<include>ButtonCommonValues</include>
					<label>103</label>
				</control>
				<control type="togglebutton" id="4">
					<description>Sort asc</description>
					<include>ButtonCommonValues</include>
					<alttexturefocus border="14" colordiffuse="$VAR[accentColorDiffuseForNeutralTextures]">button-focus-neutral.png</alttexturefocus>
					<alttexturenofocus></alttexturenofocus>
					<label>31051</label>
					<altlabel>31050</altlabel>
					<usealttexture>Container.SortDirection(Ascending)</usealttexture>
				</control>
				<control type="edit" id="19">
					<visible>Container.CanFilter + !Container.CanFilterAdvanced</visible>
					<description>Filter</description>
					<textwidth>345</textwidth>
					<include>ButtonCommonValues</include>
					<label>587</label>
				</control>
				<control type="radiobutton" id="20">
					<visible>Container.CanFilterAdvanced</visible>
					<description>Filter</description>
					<include>ButtonCommonValues</include>
					<label>587</label>
					<onclick>right</onclick>
					<onclick>Filter</onclick>
				</control>
				<control type="label" id="201">
					<width>375</width>
					<height>53</height>
					<font>Light18</font>
					<label>31026</label>
					<textcolor>blue</textcolor>
					<align>center</align>
					<aligny>center</aligny>
				</control>
				<control type="button" id="6">
					<description>Slideshow</description>
					<textwidth>353</textwidth>
					<include>ButtonCommonValues</include>
					<label>108</label>
				</control>
				<control type="button" id="7">
					<description>Recersive Slideshow</description>
					<textwidth>353</textwidth>
					<include>ButtonCommonValues</include>
					<label>361</label>
				</control>
				<control type="radiobutton" id="9">
					<description>Randomize Toggle</description>
					<include>ButtonCommonValues</include>
					<label>13319</label>
				</control>
				
				<include>CommonNowPlaying_Controls</include>
				
			</control>
			
		</control>
		
		
		
		<include condition="Integer.IsLess(Window(Home).Property(CinemaHelper.GetSettingValue.lookandfeel.skinzoom),0) | !String.IsEqual(Skin.AspectRatio,16:9)">SkinOutOfBoundsMasks</include>
		
		
		
	<include condition="Skin.HasSetting(EnableSkinDebugOutput)">DebugOverlay</include><!-- WRAPPER STOP --></control><!-- WRAPPER STOP --></controls>
</window>
