<?xml version="1.0" encoding="UTF-8" standalone="yes"?>
<addon id="plugin.video.watchnixtoons2" name="WatchNixtoons2" version="0.14.10" provider-name="WNT2">
    <requires>
        <import addon="script.module.requests"/>
        <import addon="script.module.six"/>
        <import addon="inputstream.adaptive"/>
    </requires>
    <extension point="xbmc.python.pluginsource" library="default.py">
        <provides>video</provides>
    </extension>
    <extension point="xbmc.addon.metadata">
        <summary lang="en">WatchNixtoons2</summary>
        <description lang="en">
Watch cartoons and anime from [COLOR orange][B]www.wcostream.tv[/B][/COLOR].

Support the WatchCartoonOnline website with a PayPal donation to:
[COLOR khaki][B]wcohelp@yandex.com[/B][/COLOR]

Add-on originally by doko.
Random updates by lolage.
        </description>
        <disclaimer lang="en">The authors of this addon do not host any of the content found or have any affiliation with the content providers. This add-on only scrapes web pages.</disclaimer>
        <language>en</language>
        <platform lang="en">all</platform>
        <news>[COLOR orange][B]WatchNixtoons2[/B][/COLOR] - Cartoons &amp; Anime
[B]0.14.10:[/B]
- only show episodes of selected type
- apply tmdb thumbs to all menu sections
- fix recent thumbnails

[B]0.14.9:[/B]
- fix movie premium workaround

[B]0.14.8:[/B]
- fix show parent REGEX to fix recently watched

[B]0.14.7:[/B]
- fix episode REGEX due to South Park
- fix Thumbnails
- Update Thumbnail Hashes
- Update User Agent

[B]0.14.6:[/B]
- fix stream resolving

[B]0.14.5:[/B]
- fix stream resolving
- Update Thumbnail Hashes</news>
        <assets>
            <icon>icon.png</icon>
        </assets>
    </extension>
</addon>
