<colors>
	<color name="rcb_background">ffdddddd</color> <!-- Light1 -->
	<color name="rcb_background_diffuse">2fffffff</color> <!-- FanartFade -->
	<color name="rcb_background_diffuse_dialog_open">AA000000</color>
	
	<color name="rcb_panel_slide">ffdddddd</color> <!-- Light1 -->
	<color name="rcb_panel_list">2fffffff</color> <!-- FanartFade -->
	<color name="rcb_panel_list_transp">AABBBBBB</color>
	<color name="rcb_panel_info">2fffffff</color> <!-- FanartFade -->
	<color name="rcb_panel_dialog">ffdddddd</color> <!-- Light1 -->
	<color name="rcb_panel_dialog_text">ffdddddd</color> <!-- Light1 -->
	<color name="rcb_panel_dialog_header">ffdddddd</color> <!-- Light1 -->
	
	<color name="rcb_scrollbar_background">29FFFFFF</color>
	<color name="rcb_scrollbar_nofocus">4d333333</color> <!-- Dark3 -->
	<color name="rcb_scrollbar_focus">FF333333</color>
	<color name="rcb_scroll_up_nofocus">4d333333</color>
	<color name="rcb_scroll_up_focus">ffdddddd</color>
	
	<color name="rcb_button_nofocus">ff333333</color> <!-- Dark1 -->
	<color name="rcb_button_focus">FF333333</color> <!-- Dark1 -->
	<color name="rcb_menuitem_nofocus">ff333333</color>
	<color name="rcb_menuitem_focus">ff333333</color>
	<color name="rcb_thumb_border">ff333333</color>
	<color name="rcb_radiobutton_on_focus">ffdddddd</color><!-- Light1 -->
	<color name="rcb_radiobutton_off_focus">ffdddddd</color><!-- Light1 -->
	<color name="rcb_radiobutton_on_nofocus">ff333333</color><!-- Dark1 -->
	<color name="rcb_radiobutton_off_nofocus">ff333333</color><!-- Dark1 -->
	<color name="rcb_radiobutton_on_focus_dialog">ffdddddd</color><!-- Light1 -->
	<color name="rcb_radiobutton_off_focus_dialog">ffdddddd</color><!-- Light1 -->
	<color name="rcb_radiobutton_on_nofocus_dialog">ff333333</color><!-- Dark1 -->
	<color name="rcb_radiobutton_off_nofocus_dialog">ff333333</color><!-- Dark1 -->
	
	<color name="rcb_button_highlight">ff0385b5</color> <!-- Highlight -->
	<color name="rcb_button_nofocus_dialog">1f333333</color> <!-- Dark4 -->
	<color name="rcb_button_focus_dialog">ff0385b5</color> <!-- Highlight -->
	<color name="rcb_menuitem_nofocus_dialog">1f333333</color> <!-- Dark4 -->
	<color name="rcb_menuitem_focus_dialog">ff0385b5</color> <!-- Highlight -->
	<color name="rcb_button_category_nofocus">ffdddddd</color> <!-- Light1 -->
	<color name="rcb_button_category_focus">ff0385b5</color> <!-- Highlight -->
	
	<color name="rcb_text_menuitem_nofocus">FF333333</color> <!-- Dark1 -->
	<color name="rcb_text_menuitem_focus">ffdddddd</color> <!-- Light1 -->
	<color name="rcb_text_label">FF333333</color> <!-- Dark1 -->
	<color name="rcb_text_value">FF333333</color> <!-- Dark1 -->
	<color name="rcb_text_heading">ff333333</color> <!-- Dark1 -->
	<color name="rcb_text_button_nofocus">FF333333</color> <!-- Dark1 -->
	<color name="rcb_text_button_focus">ffdddddd</color> <!-- Light1 -->
	<color name="rcb_text_button_disabled">80FFFFFF</color>
	<color name="rcb_text_button_dialog">FF333333</color> <!-- Dark1 -->
	<color name="rcb_text_shadow">ffdddddd</color> <!-- Light1 -->
	<color name="rcb_text_dialog_header">ff333333</color> <!-- Dark1 -->
	<color name="rcb_text_menuitem_nofocus_dialog">FF333333</color> <!-- Dark1 -->
	<color name="rcb_text_menuitem_focus_dialog">ffdddddd</color> <!-- Light1 -->
	<color name="rcb_text_button_nofocus_dialog">FF333333</color> <!-- Dark1 -->
	<color name="rcb_text_button_focus_dialog">ffdddddd</color> <!-- Light1 -->
</colors>