<?xml version="1.0" encoding="UTF-8" standalone="yes"?>
<addon id="plugin.program.rsi" name="Repo Source Installer" provider-name="G-Man" version="1.0.1">
    <requires>
        <import addon="xbmc.python" version="3.0.0" />
        <import addon="script.module.requests" />
        <import addon="script.module.routing" version="0.2.0" />
	    <import addon="script.module.beautifulsoup4" />
    </requires>
    <extension point="xbmc.python.pluginsource" library="default.py">
        <provides>executable</provides>
    </extension>
    <extension point="xbmc.addon.metadata">
        <summary lang="en_GB">A quick way to install Add-on Repositories (Kodi 19 and up)</summary>
        <description lang="en_GB">For Kodi 19 and above versions.[CR]Quickly and easily add third party repositories to your Kodi File Manager without typing out the URL. None of the repos are contained within this addon, it only serves to install URL's so you can simply Install from zip.[CR]Github: https://github.com/mrgsi</description>
        <platform>all</platform>
        <language>en</language>
        <license>GPL-2.0-or-later</license>
        <assets>
            <icon>icon.png</icon>
        </assets>
    </extension>
</addon>