<?xml version="1.0" encoding="UTF-8" standalone="yes"?>
<addon id="script.service.checkpreviousepisode" version="0.4.8" name="Kodi Check Previous Episode" provider-name="bossanova808, Razzeee, Lucleonhart" >
  <requires>
    <import addon="xbmc.python" version="3.0.0" />
    <import addon="script.module.yaml" version="3.11.0" />
    <import addon="script.module.bossanova808" version="1.0.0"/>
  </requires>
  <extension library="default.py" point="xbmc.service" />
  <extension point="xbmc.addon.metadata">
    <summary lang="en_GB">Kodi Check Previous Episode</summary>
    <summary lang="bg_BG">Изгледан ли е предходния епизод</summary>
    <description lang="en_GB">This service helps prevent spoilers by checking if the previous episode in a series has been watched. If not, it will pause playback and warn you.  Specific shows can be marked to be ignored if episode order does not matter.</description>
    <description lang="de_DE">Dieses Script überprüft die vorige Episode der TV Show die gerade gestartet werden soll und warnt falls diese noch nicht gesehen wurde oder nicht vorhanden ist!</description>
    <description lang="bg_BG">Когато пускате епизод от даден сериал скриптът проверява предходния и предупреждава ако той отсъства от библиотеката или не е изгледан.</description>
    <platform>all</platform>
    <license>GPL-2.0-only</license>
    <forum>https://forum.kodi.tv/showthread.php?tid=355464</forum>
    <website>https://kodi.wiki/view/Add-on:XBMC_Check_Previous_Episode</website>
    <source>https://github.com/bossanova808/script.service.checkpreviousepisode</source>
    <news>v0.4.8
- Remove old common code, use new module
- Fix bug if last ignored show is removed from ignore list then that show is re-played in same Kodi session
    </news>
  <assets>
     <icon>icon.png</icon>
  </assets>
  </extension>
</addon>
