<?xml version="1.0" encoding="UTF-8"?>
<window type="dialog" id="1107">
	<defaultcontrol>9000</defaultcontrol>
	<include>Animation_DialogPopupOpenClose</include>
	<controls>
		<control type="group">
			<centerleft>50%</centerleft>
			<width>600</width>
			<centertop>60%</centertop>
			<height>700</height>
			<include content="DialogBackgroundCommons">
				<param name="width" value="600" />
				<param name="height" value="485" />
				<param name="header_label" value="$LOCALIZE[137]" />
				<param name="header_id" value="" />
				<param name="diffusetexture" value="masks/dialog-bg-squareish.png" />
			</include>
			<control type="panel" id="9000">
				<include>ButtonMenuList</include>
				<content>
					<item>
						<label>Search movies</label>
						<onclick>Dialog.Close(all)</onclick>
						<onclick condition="[[System.AddonIsEnabled(plugin.video.fen) + !String.IsEqual(Skin.String(FenVariant),fenlight)] | [System.AddonIsEnabled(plugin.video.fenlight) + String.IsEqual(Skin.String(FenVariant),fenlight)]]">RunScript(script.fenstruary.helper,mode=actions.search&amp;addon_mode=navigator.search_history&amp;addon_action=movie)</onclick>
					</item>
					<item>
						<label>Search shows</label>
						<onclick>Dialog.Close(all)</onclick>
						<onclick condition="[[System.AddonIsEnabled(plugin.video.fen) + !String.IsEqual(Skin.String(FenVariant),fenlight)] | [System.AddonIsEnabled(plugin.video.fenlight) + String.IsEqual(Skin.String(FenVariant),fenlight)]]">RunScript(script.fenstruary.helper,mode=actions.search&amp;addon_mode=navigator.search_history&amp;addon_action=tvshow)</onclick>
					</item>
					<item>
						<label>Search movie collections</label>
						<onclick>Dialog.Close(all)</onclick>
						<onclick condition="[[System.AddonIsEnabled(plugin.video.fen) + !String.IsEqual(Skin.String(FenVariant),fenlight)] | [System.AddonIsEnabled(plugin.video.fenlight) + String.IsEqual(Skin.String(FenVariant),fenlight)]]">RunScript(script.fenstruary.helper,mode=actions.search&amp;addon_mode=navigator.search_history&amp;addon_action=tmdb_movie_sets)</onclick>
					</item>
					<item>
						<label>Search actors/actresses</label>
						<onclick>Dialog.Close(all)</onclick>
						<onclick condition="[[System.AddonIsEnabled(plugin.video.fen) + !String.IsEqual(Skin.String(FenVariant),fenlight)] | [System.AddonIsEnabled(plugin.video.fenlight) + String.IsEqual(Skin.String(FenVariant),fenlight)]]">RunScript(script.fenstruary.helper,mode=actions.search&amp;addon_mode=navigator.search_history&amp;addon_action=people)</onclick>
					</item>
					<item>
						<label>Search keywords (movies)</label>
						<onclick>Dialog.Close(all)</onclick>
						<onclick condition="[[System.AddonIsEnabled(plugin.video.fen) + !String.IsEqual(Skin.String(FenVariant),fenlight)] | [System.AddonIsEnabled(plugin.video.fenlight) + String.IsEqual(Skin.String(FenVariant),fenlight)]]">RunScript(script.fenstruary.helper,mode=actions.search&amp;addon_mode=navigator.search_history&amp;addon_action=tmdb_keyword_movie)</onclick>
					</item>
					<item>
						<label>Search keywords (shows)</label>
						<onclick>Dialog.Close(all)</onclick>
						<onclick condition="[[System.AddonIsEnabled(plugin.video.fen) + !String.IsEqual(Skin.String(FenVariant),fenlight)] | [System.AddonIsEnabled(plugin.video.fenlight) + String.IsEqual(Skin.String(FenVariant),fenlight)]]">RunScript(script.fenstruary.helper,mode=actions.search&amp;addon_mode=navigator.search_history&amp;addon_action=tmdb_keyword_tvshow)</onclick>
					</item>
				</content>
			</control>
			<include content="UpDownArrows">
				<param name="container_id" value="9000" />
				<param name="posx" value="276" />
				<param name="up_posy" value="-40" />
				<param name="down_posy" value="500" />
			</include>
		</control>
	</controls>
</window>