<?xml version="1.0" encoding="UTF-8"?>
<window id="1112" type="dialog">
	<defaultcontrol always="true">100</defaultcontrol>
	<include>dialogeffect</include>
	
	<controls><!-- WRAPPER START --><control type="group"><centerleft>50%</centerleft><centertop>50%</centertop><width>1920</width><height>1080</height><!-- WRAPPER START -->
		
		
		
		<control type="image">
			<left>0</left>
			<top>0</top>
			<width>1920</width>
			<height>1080</height>
			<texture>colors/black.png</texture>
			<animation effect="fade" end="93" time="0" condition="true">Conditional</animation>
		</control>
		<control type="image">
			<left>0</left>
			<top>0</top>
			<width>130</width>
			<height>1080</height>
			<texture colordiffuse="$VAR[accentColorDiffuse]">hint-overlay.png</texture>
		</control>
		<control type="image">
			<left>188</left>
			<top>468</top>
			<width>80</width>
			<height>80</height>
			<texture colordiffuse="$VAR[accentColorDiffuse]">arrow-white-left_uhd.png</texture>
		</control>
		<control type="label">
			<left>370</left>
			<top>330</top>
			<width>1020</width>
			<font>Light35</font>
			<textcolor>blue</textcolor>
			<label>31411</label>
		</control>
		<control type="textbox">
			<left>370</left>
			<top>420</top>
			<width>1020</width>
			<font>Light22</font>
			<textcolor>white</textcolor>
			<label>$VAR[SideMenuHelpText]</label>
		</control>
		<control type="button" id="100">
			
			<hitrect x="0" y="0" w="1920" h="1080" />
			
			<description>OK button</description>
			<left>1080</left>
			<top>700</top>
			<width>300</width>
			<height>72</height>
			<label>12321</label>
			<onclick>Skin.Setbool(FirstTimeRun)</onclick>
			<onclick>back</onclick>
			<onleft>100</onleft>
			<onright>100</onright>
			<onup>100</onup>
			<ondown>100</ondown>
			
			<include>ButtonInfoDialogsCommonValues</include>
			
		</control>
		
		
		
	<include condition="Skin.HasSetting(EnableSkinDebugOutput)">DebugOverlay</include><!-- WRAPPER STOP --></control><!-- WRAPPER STOP --></controls>
</window>
