<?xml version="1.0" encoding="UTF-8"?>
<window>
	<defaultcontrol always="true">3000</defaultcontrol>
	
	<include>dialogeffect</include>
	
	<controls><!-- WRAPPER START --><control type="group"><centerleft>50%</centerleft><centertop>50%</centertop><width>1920</width><height>1080</height><!-- WRAPPER START -->
		
		<control type="group">
			<include>BehindDialogBlackBackground</include>
		</control>
		<control type="group">
			<left>278</left>
			<top>60</top>
			<control type="group">
				<left>0</left>
				<top>0</top>
				<include content="DialogBackgroundCommonsNoBackground">
					<param name="DialogBackgroundWidth" value="1380" />
					<param name="DialogBackgroundHeight" value="959" />
					<param name="DialogHeaderWidth" value="1360" />
					<param name="DialogHeaderLabel" value="" />
					<param name="DialogHeaderId" value="1" />
					<param name="WorkaroundRemoveHeader" value="-invisible" />
				</include>
			</control>
			<control type="textbox" id="5">
				<left>45</left>
				<top>114</top>
				<width>1254</width>
				<height>890</height>
				<pagecontrol>3000</pagecontrol>
				<font>Light20+</font>
				<label></label>
			</control>
			<control type="scrollbar" id="3000">
				<left>1362</left>
				<top>123</top>
				<include>scrollBarStyleDefaultWidth</include>
				<height>882</height>
				<onleft>3000</onleft>
				<onup>3000</onup>
				<ondown>3000</ondown>
				<onright>3000</onright>
				<showonepage>true</showonepage>
				<animation effect="fade" start="100" end="0" time="0" condition="String.IsEqual(Container(5).NumPages,1)">Conditional</animation>
				<include>scrollBarStyleDefault</include>
			</control>
		</control>
		
	<include condition="Skin.HasSetting(EnableSkinDebugOutput)">DebugOverlay</include><!-- WRAPPER STOP --></control><!-- WRAPPER STOP --></controls>
</window>
