<?xml version="1.0" encoding="UTF-8"?>
<includes>
	
	
	
	<!-- Default Non-Game Select dialogs -->
	<include name="DefaultDialogSelectLayout">
		
		
		
		<control type="group">
			
			<include condition="Window.IsVisible(AddonInformation)">BehindDialogDarkBackgroundLighter</include>
			
			<include>dialogeffectSlower</include>
			
			<visible>Window.IsActive(AddonInformation)</visible>
			<include>VisibleFadeEffect</include>
			
		</control>
		
		
		
		<control type="group">
			<left>351</left>
			<top>111</top>
			
			<animation effect="slide" start="0,0" end="0,69" time="0" condition="[Control.IsVisible(3) + !Integer.IsGreater(Container(3).NumItems,4)] | [Control.IsVisible(6) + !Integer.IsGreater(Container(6).NumItems,2)]">Conditional</animation>
			<animation effect="slide" start="0,0" end="0,69" time="0" condition="[Control.IsVisible(3) + !Integer.IsGreater(Container(3).NumItems,6)] | [Control.IsVisible(6) + !Integer.IsGreater(Container(6).NumItems,3)]">Conditional</animation>
			<animation effect="slide" start="0,0" end="0,69" time="0" condition="[Control.IsVisible(3) + !Integer.IsGreater(Container(3).NumItems,8)] | [Control.IsVisible(6) + !Integer.IsGreater(Container(6).NumItems,4)]">Conditional</animation>
			
			<control type="group">
				
				<include>dialogeffectSlower</include>
				
				<!-- size+++ -->
				<control type="image">
					<description>background image</description>
					<left>-20</left>
					<top>-20</top>
					<width>1315</width>
					<height>872</height>
					<texture border="54">DialogBack-rounded.png</texture>
					<visible>[Control.IsVisible(3) + Integer.IsGreater(Container(3).NumItems,8)]</visible>
				</control>
				<control type="image">
					<description>background image</description>
					<left>-20</left>
					<top>-20</top>
					<width>1315</width>
					<height>871</height>
					<texture border="54">DialogBack-rounded.png</texture>
					<visible>[Control.IsVisible(6) + Integer.IsGreater(Container(6).NumItems,4)]</visible>
				</control>
				
				<!-- size++ -->
				<control type="image">
					<description>background image</description>
					<left>-20</left>
					<top>-20</top>
					<width>1315</width>
					<height>734</height>
					<texture border="54">DialogBack-rounded.png</texture>
					<visible>[Control.IsVisible(3) + Integer.IsGreater(Container(3).NumItems,6) + !Integer.IsGreater(Container(3).NumItems,8)]</visible>
				</control>
				<control type="image">
					<description>background image</description>
					<left>-20</left>
					<top>-20</top>
					<width>1315</width>
					<height>733</height>
					<texture border="54">DialogBack-rounded.png</texture>
					<visible>[Control.IsVisible(6) + Integer.IsGreater(Container(6).NumItems,3) + !Integer.IsGreater(Container(6).NumItems,4)]</visible>
				</control>
				
				<!-- size+ -->
				<control type="image">
					<description>background image</description>
					<left>-20</left>
					<top>-20</top>
					<width>1315</width>
					<height>596</height>
					<texture border="54">DialogBack-rounded.png</texture>
					<visible>[Control.IsVisible(3) + Integer.IsGreater(Container(3).NumItems,4) + !Integer.IsGreater(Container(3).NumItems,6)]</visible>
				</control>
				<control type="image">
					<description>background image</description>
					<left>-20</left>
					<top>-20</top>
					<width>1315</width>
					<height>595</height>
					<texture border="54">DialogBack-rounded.png</texture>
					<visible>[Control.IsVisible(6) + Integer.IsGreater(Container(6).NumItems,2) + !Integer.IsGreater(Container(6).NumItems,3)]</visible>
				</control>
				
				<!-- size -->
				<control type="image">
					<description>background image</description>
					<left>-20</left>
					<top>-20</top>
					<width>1315</width>
					<height>458</height>
					<texture border="54">DialogBack-rounded.png</texture>
					<visible>[Control.IsVisible(3) + !Integer.IsGreater(Container(3).NumItems,4)]</visible>
				</control>
				<control type="image">
					<description>background image</description>
					<left>-20</left>
					<top>-20</top>
					<width>1315</width>
					<height>457</height>
					<texture border="54">DialogBack-rounded.png</texture>
					<visible>[Control.IsVisible(6) + !Integer.IsGreater(Container(6).NumItems,2)]</visible>
				</control>
			</control>
			
			<control type="group">
			
				<include>dialogeffectSlower</include>
				
				<control type="image">
					<description>Dialog Header image</description>
					<left>10</left>
					<top>10</top>
					<width>1255</width>
					<height>65</height>
					<texture border="28">dialogheader-rounded-24px.png</texture>
				</control>
				<control type="label" id="1">
					<description>header label</description>
					<left>32</left>
					<top>18</top>
					<width>1211</width>
					<height>45</height>
					<font>Light26</font>
					<align>center</align>
					<aligny>center</aligny>
					<textcolor>white</textcolor>
				</control>
				
				
				
				<control type="list" id="3">
					<left>40</left>
					<top>105</top>
					<width>825</width>
					<height>690</height>
					<onup>3</onup>
					<ondown>3</ondown>
					<onleft>3</onleft>
					
					<onright condition="Control.IsVisible(5)">5</onright>
					<onright condition="!Control.IsVisible(5)">7</onright>
					
					<pagecontrol>61</pagecontrol>
					
					<include>SimpleListViewsScrollTime</include>
					
					<itemlayout width="825" height="69">
						<control type="label">
							<left>30</left>
							<top>0</top>
							<width>765</width>
							<height>63</height>
							<font>Regular22</font>
							<textcolor>grey2</textcolor>
							<selectedcolor>selected</selectedcolor>
							<align>left</align>
							<aligny>center</aligny>
							<label>$INFO[ListItem.Label]</label>
						</control>
					</itemlayout>
					
					<focusedlayout width="825" height="69" >
						<control type="group">
							<control type="image">
								<left>0</left>
								<top>0</top>
								<width>825</width>
								<height>66</height>
								<texture border="14" colordiffuse="$VAR[accentColorDiffuseForNeutralTextures]">button-focus-neutral.png</texture>
								<visible>Control.HasFocus(3)</visible>
							</control>
							<include>FocusAnimationType1Short</include>
						</control>
						<control type="label">
							<left>30</left>
							<top>0</top>
							<width>765</width>
							<height>63</height>
							<font>Regular22</font>
							<selectedcolor>selected</selectedcolor>
							<align>left</align>
							<aligny>center</aligny>
							<label>$INFO[ListItem.Label]</label>
							<visible>Control.HasFocus(3)</visible>
						</control>
						<control type="label">
							<left>30</left>
							<top>0</top>
							<width>765</width>
							<height>63</height>
							<font>Regular22</font>
							<textcolor>grey2</textcolor>
							<selectedcolor>selected</selectedcolor>
							<align>left</align>
							<aligny>center</aligny>
							<label>$INFO[ListItem.Label]</label>
							<visible>!Control.HasFocus(3)</visible>
						</control>
					</focusedlayout>
					
				</control>
				
				
				
				<control type="panel" id="6">
					<left>40</left>
					<top>105</top>
					<width>825</width>
					<height>690</height>
					<onup>6</onup>
					<ondown>6</ondown>
					<onleft>6</onleft>
					
					<onright condition="Control.IsVisible(5)">5</onright>
					<onright condition="!Control.IsVisible(5)">7</onright>
					
					<pagecontrol>61</pagecontrol>
					
					<include>StandardScrollTime</include>
					
					
					
					<!-- #283 = Search results; also used for video versions/extras on Kodi 21+ -->
					<itemlayout width="825" height="138" condition="[![String.StartsWith(System.BuildVersion,17.) | String.StartsWith(System.BuildVersion,18.) | String.StartsWith(System.BuildVersion,19.) | String.StartsWith(System.BuildVersion,20.)] + [Window.IsVisible(selectvideoversion) | Window.IsVisible(selectvideoextra)]] | !Window.IsVisible(MovieInformation) | [Window.IsVisible(MovieInformation) + !String.IsEqual(Control.GetLabel(1),$LOCALIZE[283])]">
						
						<control type="image">
							<left>7</left>
							<top>7</top>
							<width>120</width>
							<height>120</height>
							<texture background="true" colordiffuse="ffcecece" diffuse="colors/diffuse/rounded-generic-1.png">$VAR[DialogSelectImage]</texture>
							<aspectratio scalediffuse="true">keep</aspectratio>
						</control>
						<control type="label">
							<left>135</left>
							<top>3</top>
							<width>675</width>
							<height>45</height>
							<font>Regular21</font>
							<textcolor>grey</textcolor>
							<selectedcolor>selected</selectedcolor>
							<align>left</align>
							<aligny>center</aligny>
							<label>$VAR[DialogSelectLabel1]</label>
						</control>
						<control type="textbox">
							<left>135</left>
							<top>51</top>
							<width>675</width>
							<height>72</height>
							<font>Light17</font>
							<textcolor>grey</textcolor>
							<selectedcolor>selected</selectedcolor>
							<align>left</align>
							<label>$VAR[DialogSelectLabel2]</label>
						</control>
					</itemlayout>
					
					<!-- #283 = Search results; also used for video versions/extras on Kodi 21+ -->
					<focusedlayout width="825" height="138" condition="[![String.StartsWith(System.BuildVersion,17.) | String.StartsWith(System.BuildVersion,18.) | String.StartsWith(System.BuildVersion,19.) | String.StartsWith(System.BuildVersion,20.)] + [Window.IsVisible(selectvideoversion) | Window.IsVisible(selectvideoextra)]] | !Window.IsVisible(MovieInformation) | [Window.IsVisible(MovieInformation) + !String.IsEqual(Control.GetLabel(1),$LOCALIZE[283])]">
						
						<control type="group">
							<control type="image">
								<left>0</left>
								<top>0</top>
								<width>825</width>
								<height>134</height>
								<texture border="14" colordiffuse="$VAR[accentColorDiffuseForNeutralTextures]">button-focus-neutral.png</texture>
								<visible>Control.HasFocus(6)</visible>
							</control>
							<include>FocusAnimationType1</include>
						</control>
						<control type="image">
							<left>7</left>
							<top>7</top>
							<width>120</width>
							<height>120</height>
							<texture background="true" diffuse="colors/diffuse/rounded-generic-1.png">$VAR[DialogSelectImage]</texture>
							<aspectratio scalediffuse="true">keep</aspectratio>
							<visible>Control.HasFocus(6)</visible>
						</control>
						<control type="image">
							<left>7</left>
							<top>7</top>
							<width>120</width>
							<height>120</height>
							<texture background="true" colordiffuse="ffcecece" diffuse="colors/diffuse/rounded-generic-1.png">$VAR[DialogSelectImage]</texture>
							<aspectratio scalediffuse="true">keep</aspectratio>
							<visible>!Control.HasFocus(6)</visible>
						</control>
						<control type="label">
							<left>135</left>
							<top>3</top>
							<width>675</width>
							<height>45</height>
							<font>Regular21</font>
							<selectedcolor>selected</selectedcolor>
							<align>left</align>
							<aligny>center</aligny>
							<label>$VAR[DialogSelectLabel1]</label>
							<visible>Control.HasFocus(6)</visible>
						</control>
						<control type="label">
							<left>135</left>
							<top>3</top>
							<width>675</width>
							<height>45</height>
							<font>Regular21</font>
							<textcolor>grey</textcolor>
							<selectedcolor>selected</selectedcolor>
							<align>left</align>
							<aligny>center</aligny>
							<label>$VAR[DialogSelectLabel1]</label>
							<visible>!Control.HasFocus(6)</visible>
						</control>
						<control type="textbox">
							<left>135</left>
							<top>51</top>
							<width>675</width>
							<height>72</height>
							<font>Light17</font>
							<textcolor>grey</textcolor>
							<selectedcolor>selected</selectedcolor>
							<align>left</align>
							<label>$VAR[DialogSelectLabel2]</label>
						</control>
					</focusedlayout>
					
					
					
					<itemlayout width="825" height="138" condition="![ [![String.StartsWith(System.BuildVersion,17.) | String.StartsWith(System.BuildVersion,18.) | String.StartsWith(System.BuildVersion,19.) | String.StartsWith(System.BuildVersion,20.)] + [Window.IsVisible(selectvideoversion) | Window.IsVisible(selectvideoextra)]] | !Window.IsVisible(MovieInformation) | [Window.IsVisible(MovieInformation) + !String.IsEqual(Control.GetLabel(1),$LOCALIZE[283])] ]">
						<!-- #283 = Search results -->
						<control type="image">
							<left>7</left>
							<top>7</top>
							<width>120</width>
							<height>120</height>
							<texture background="true" colordiffuse="ffcecece" diffuse="colors/diffuse/rounded-generic-1.png">$VAR[DialogSelectSearchImage]</texture>
							<!-- Kodi 19 fix and Kodi 18+17 backport just to be in sync -->
							<aspectratio scalediffuse="true">keep</aspectratio>
						</control>
						<control type="label">
							<left>135</left>
							<top>3</top>
							<width>678</width>
							<height>99</height>
							<font>Regular21</font>
							<textcolor>grey</textcolor>
							<selectedcolor>selected</selectedcolor>
							<align>left</align>
							<aligny>center</aligny>
							<label>$INFO[ListItem.Label]</label>
						</control>
						<control type="image">
							<left>132</left>
							<top>69</top>
							<width>33</width>
							<height>33</height>
							<aspectratio>keep</aspectratio>
							<texture background="true" colordiffuse="ffa2a2a2">OverlayWatched.png</texture>
							<visible>String.IsEqual(ListItem.Label2,$LOCALIZE[16102])</visible>
						</control>
					</itemlayout>
					
					<focusedlayout width="825" height="138" condition="![ [![String.StartsWith(System.BuildVersion,17.) | String.StartsWith(System.BuildVersion,18.) | String.StartsWith(System.BuildVersion,19.) | String.StartsWith(System.BuildVersion,20.)] + [Window.IsVisible(selectvideoversion) | Window.IsVisible(selectvideoextra)]] | !Window.IsVisible(MovieInformation) | [Window.IsVisible(MovieInformation) + !String.IsEqual(Control.GetLabel(1),$LOCALIZE[283])] ]">
						<!-- #283 = Search results -->
						<control type="group">
							<control type="image">
								<left>0</left>
								<top>0</top>
								<width>825</width>
								<height>134</height>
								<texture border="14" colordiffuse="$VAR[accentColorDiffuseForNeutralTextures]">button-focus-neutral.png</texture>
								<visible>Control.HasFocus(6)</visible>
							</control>
							<include>FocusAnimationType1</include>
						</control>
						<control type="image">
							<left>7</left>
							<top>7</top>
							<width>120</width>
							<height>120</height>
							<texture background="true" diffuse="colors/diffuse/rounded-generic-1.png">$VAR[DialogSelectSearchImage]</texture>
							<!-- Kodi 19 fix and Kodi 18+17 backport just to be in sync -->
							<aspectratio scalediffuse="true">keep</aspectratio>
							<visible>Control.HasFocus(6)</visible>
						</control>
						<control type="image">
							<left>7</left>
							<top>7</top>
							<width>120</width>
							<height>120</height>
							<texture background="true" colordiffuse="ffcecece" diffuse="colors/diffuse/rounded-generic-1.png">$VAR[DialogSelectSearchImage]</texture>
							<!-- Kodi 19 fix and Kodi 18+17 backport just to be in sync -->
							<aspectratio scalediffuse="true">keep</aspectratio>
							<visible>!Control.HasFocus(6)</visible>
						</control>
						<control type="label">
							<left>135</left>
							<top>3</top>
							<width>678</width>
							<height>99</height>
							<font>Regular21</font>
							<selectedcolor>selected</selectedcolor>
							<align>left</align>
							<aligny>center</aligny>
							<label>$INFO[ListItem.Label]</label>
							<visible>Control.HasFocus(6)</visible>
						</control>
						<control type="label">
							<left>135</left>
							<top>3</top>
							<width>678</width>
							<height>99</height>
							<font>Regular21</font>
							<textcolor>grey</textcolor>
							<selectedcolor>selected</selectedcolor>
							<align>left</align>
							<aligny>center</aligny>
							<label>$INFO[ListItem.Label]</label>
							<visible>!Control.HasFocus(6)</visible>
						</control>
						<control type="image">
							<left>132</left>
							<top>69</top>
							<width>33</width>
							<height>33</height>
							<aspectratio>keep</aspectratio>
							<texture background="true">OverlayWatched.png</texture>
							<visible>String.IsEqual(ListItem.Label2,$LOCALIZE[16102])</visible>
							<visible>Control.HasFocus(6)</visible>
						</control>
						<control type="image">
							<left>132</left>
							<top>69</top>
							<width>33</width>
							<height>33</height>
							<aspectratio>keep</aspectratio>
							<texture background="true" colordiffuse="ffa2a2a2">OverlayWatched.png</texture>
							<visible>String.IsEqual(ListItem.Label2,$LOCALIZE[16102])</visible>
							<visible>!Control.HasFocus(6)</visible>
						</control>
					</focusedlayout>
					
					
					
				</control>
				
				
				
				<control type="scrollbar" id="61">
					<visible>Control.IsVisible(3)</visible>
					<left>883</left>
					<top>105</top>
					<include>scrollBarStyleDefaultWidth</include>
					<height>687</height>
					<onleft condition="Control.IsVisible(3)">3</onleft>
					<onleft condition="Control.IsVisible(6)">6</onleft>
					
					<onright condition="Control.IsVisible(5)">5</onright>
					<onright condition="!Control.IsVisible(5)">7</onright>
					
					<ondown>61</ondown>
					<onup>61</onup>
					<showonepage>false</showonepage>
					<include>scrollBarStyleDefault</include>
				</control>
				<control type="scrollbar" id="61">
					<visible>Control.IsVisible(6)</visible>
					<left>883</left>
					<top>105</top>
					<include>scrollBarStyleDefaultWidth</include>
					<height>686</height>
					<onleft condition="Control.IsVisible(3)">3</onleft>
					<onleft condition="Control.IsVisible(6)">6</onleft>
					
					<onright condition="Control.IsVisible(5)">5</onright>
					<onright condition="!Control.IsVisible(5)">7</onright>
					
					<ondown>62</ondown>
					<onup>62</onup>
					<showonepage>false</showonepage>
					<include>scrollBarStyleDefault</include>
				</control>
				<control type="group">
					<control type="grouplist" id="90">
						<left>928</left>
						<top>105</top>
						
						<onup>noop</onup>
						<onleft condition="Control.IsVisible(3)">3</onleft>
						<onleft condition="Control.IsVisible(6)">6</onleft>
						<onright>noop</onright>
						<ondown>noop</ondown>
						
						<itemgap>15</itemgap>
						
						<control type="button" id="5">
							<description>Manual button</description>
							<width>300</width>
							<height>72</height>
							<label></label>
							<include>ButtonInfoDialogsCommonValues</include>
						</control>
						<control type="button" id="7">
							<description>Cancel button</description>
							<width>300</width>
							<height>72</height>
							<label>$LOCALIZE[222]</label>
							<include>ButtonInfoDialogsCommonValues</include>
						</control>
					</control>
				</control>
			</control>
		</control>
	</include>
	
	
	
	
	<!-- Game dialog for Video settings -->
	<include name="GameDialogSelectLayout">
		
		<control type="group">
			
			<left>0</left>
			<top>580</top>
			
			<control type="image">
				<description>background image</description>
				<left>0</left>
				<top>0</top>
				<width>1920</width>
				<height>1080</height>
				<texture>colors/black.png</texture>
				
				<include>dialogeffect</include>
				
			</control>
			<control type="group">
				
				<include>dialogeffectSlower</include>
				
				<control type="label">
					<description>header label</description>
					<left>30</left>
					<top>30</top>
					<width>1860</width>
					<height>45</height>
					<font>Light26</font>
					<label>$VAR[GameSelectHeader]</label>
					<align>center</align>
					<aligny>center</aligny>
					<textcolor>white</textcolor>
				</control>
				
				<include>GameDialogSelectLayoutFixedListFallback</include>
				
			</control>
			
		</control>
		
	</include>
	
	<include name="GameDialogSelectLayoutFixedListFallback">
		<!-- Kodi 19+ -->
		<include condition="![String.StartsWith(System.BuildVersion,17.) | String.StartsWith(System.BuildVersion,18.)]">GameDialogSelectLayoutFixedListFallbackNew</include>
		<include>GameDialogSelectLayoutFixedListFallbackOld</include>
	</include>
	
	<include name="GameDialogSelectLayoutFixedListFallbackNew">
		
		<control type="fixedlist" id="10811">
			
			<animation effect="slide" start="0,0" end="-189,0" time="0" condition="Integer.IsEqual(Container(10811).NumItems,2)">Conditional</animation>
			<animation effect="slide" start="0,0" end="-189,0" time="0" condition="Integer.IsEqual(Container(10811).NumItems,4)">Conditional</animation>
			
			<left>0</left>
			<top>98</top>
			<width>1920</width>
			<height>323</height>
			<onleft>10811</onleft>
			<onright>10811</onright>
			<ondown>noop</ondown>
			<onup>noop</onup>
			<!--<include>ScrollTimeOld</include>--><include>StandardScrollTime</include>
			<orientation>horizontal</orientation>
			<focusposition>2</focusposition>
			<movement>2</movement>
			
			<pagecontrol>108110</pagecontrol>
			
			<include condition="[String.StartsWith(System.BuildVersion,17.7) | String.Contains(System.BuildVersion,BetterGUI) | String.Contains(System.BuildVersion,BetterUI) | String.StartsWith(System.BuildAppName,KodiDS)]">preloaditems1</include>
			<include condition="![String.StartsWith(System.BuildVersion,17.7) | String.Contains(System.BuildVersion,BetterGUI) | String.Contains(System.BuildVersion,BetterUI) | String.StartsWith(System.BuildAppName,KodiDS)]">preloaditems2</include>
			
			<include>GameDialogSelectLayoutFixedListInnerCode</include>
			
		</control>
		
		<control type="scrollbar" id="108110">
			<left>27</left>
			<top>450</top>
			<width>1866</width>
			<include>scrollBarStyleDefaultHeight</include>
			
			<onleft>108110</onleft>
			<onright>108110</onright>
			
			<onup>10811</onup>
			
			<showonepage>false</showonepage>
			<animation effect="fade" end="75" time="0" condition="true">Conditional</animation>
			<include>scrollBarStyleDefault</include>
		</control>
		
	</include>
	
	<include name="GameDialogSelectLayoutFixedListFallbackOld">
		
		<control type="fixedlist" id="11">
			
			<animation effect="slide" start="0,0" end="-189,0" time="0" condition="Integer.IsEqual(Container(11).NumItems,2)">Conditional</animation>
			<animation effect="slide" start="0,0" end="-189,0" time="0" condition="Integer.IsEqual(Container(11).NumItems,4)">Conditional</animation>
			
			<left>0</left>
			<top>98</top>
			
			<width>1920</width>
			<height>323</height>
			
			<onleft>11</onleft>
			<onright>11</onright>
			<ondown>noop</ondown>
			<onup>noop</onup>
			
			<!--<include>ScrollTimeOld</include>--><include>StandardScrollTime</include>
			<orientation>horizontal</orientation>
			<focusposition>2</focusposition>
			<movement>2</movement>
			
			<pagecontrol>110</pagecontrol>
			
			<include condition="[String.StartsWith(System.BuildVersion,17.7) | String.Contains(System.BuildVersion,BetterGUI) | String.Contains(System.BuildVersion,BetterUI) | String.StartsWith(System.BuildAppName,KodiDS)]">preloaditems1</include>
			<include condition="![String.StartsWith(System.BuildVersion,17.7) | String.Contains(System.BuildVersion,BetterGUI) | String.Contains(System.BuildVersion,BetterUI) | String.StartsWith(System.BuildAppName,KodiDS)]">preloaditems2</include>
			
			<include>GameDialogSelectLayoutFixedListInnerCode</include>
		</control>
		
		<control type="scrollbar" id="110">
			<left>27</left>
			<top>450</top>
			<width>1866</width>
			<include>scrollBarStyleDefaultHeight</include>
			
			<onleft>110</onleft>
			<onright>110</onright>
			
			<onup>11</onup>
			
			<showonepage>false</showonepage>
			<animation effect="fade" end="75" time="0" condition="true">Conditional</animation>
			<include>scrollBarStyleDefault</include>
		</control>
		
	</include>
	
	<include name="GameDialogSelectLayoutFixedListInnerCode">
		<itemlayout height="323" width="378">
			<control type="group">
				<left>24</left>
				<control type="image">
					<left>3</left>
					<top>3</top>
					<width>354</width>
					<height>317</height>
					<texture background="true" colordiffuse="FF111111" border="12">colors/white_border12.png</texture>
					<visible>String.IsEqual(ListItem.Icon,DefaultAddSource.png)</visible>
				</control>
				<control type="image">
					<left>16</left>
					<top>30</top>
					<width>328</width>
					<height>225</height>
					<texture background="true">colors/black.png</texture>
					<visible>!String.IsEqual(ListItem.Icon,DefaultAddSource.png)</visible>
				</control>
				<control type="gamewindow">
					<left>16</left>
					<top>30</top>
					<width>328</width>
					<height>225</height>
					<videofilter>$INFO[ListItem.Property(game.videofilter)]</videofilter>
					<stretchmode>$INFO[ListItem.Property(game.stretchmode)]</stretchmode>
					<rotation>$INFO[ListItem.Property(game.videorotation)]</rotation>
				</control>
				
				<control type="image">
					<left>3</left>
					<top>3</top>
					<width>354</width>
					<height>317</height>
					<texture background="true" border="23,37,23,75" colordiffuse="FF111111">_added_img/uni_border-label.png</texture>
					<visible>!String.IsEqual(ListItem.Icon,DefaultAddSource.png)</visible>
				</control>
				
				<control type="label">
					<left>13</left>
					<top>278</top>
					<width>333</width>
					<height>23</height>
					<font>Regular17</font>
					<selectedcolor>selected</selectedcolor>
					<align>center</align>
					<aligny>center</aligny>
					<label>$INFO[ListItem.Label]$INFO[ListItem.Label2, (,)]</label>
					<textcolor>grey</textcolor>
				</control>
			</control>
		</itemlayout>
		<focusedlayout height="323" width="378">
			<control type="group">
				<left>24</left>
				<control type="image">
					<left>3</left>
					<top>3</top>
					<width>354</width>
					<height>317</height>
					<texture colordiffuse="FF111111" border="12">colors/white_border12.png</texture>
					<visible>String.IsEqual(ListItem.Icon,DefaultAddSource.png)</visible>
				</control>
				<control type="group">
					<control type="image">
						<left>3</left>
						<top>3</top>
						<width>354</width>
						<height>317</height>
						<texture colordiffuse="$VAR[accentColorDiffuseSpecialWindow]" border="12">colors/white_border12.png</texture>
						<!--<include>DimFocusTextureAdditionally</include>-->
						<visible>[Control.HasFocus(10811) | Control.HasFocus(11)]</visible>
					</control>
					<include>FocusAnimationType1</include>
				</control>
				<control type="image">
					<left>16</left>
					<top>30</top>
					<width>328</width>
					<height>225</height>
					<texture>colors/black.png</texture>
					<visible>!String.IsEqual(ListItem.Icon,DefaultAddSource.png)</visible>
				</control>
				<control type="gamewindow">
					<left>16</left>
					<top>30</top>
					<width>328</width>
					<height>225</height>
					<videofilter>$INFO[ListItem.Property(game.videofilter)]</videofilter>
					<stretchmode>$INFO[ListItem.Property(game.stretchmode)]</stretchmode>
					<rotation>$INFO[ListItem.Property(game.videorotation)]</rotation>
				</control>
				
				<control type="image">
					<left>3</left>
					<top>3</top>
					<width>354</width>
					<height>317</height>
					<texture border="23,37,23,75" colordiffuse="FF111111">_added_img/uni_border-label.png</texture>
					<visible>!String.IsEqual(ListItem.Icon,DefaultAddSource.png)</visible>
				</control>
				
				<control type="group">
					<control type="image">
						<left>3</left>
						<top>3</top>
						<width>354</width>
						<height>317</height>
						<texture border="23,37,23,75" colordiffuse="$VAR[accentColorDiffuseSpecialWindow]">_added_img/uni_border-label.png</texture>
						<visible>[Control.HasFocus(10811) | Control.HasFocus(11)]</visible>
						<visible>!String.IsEqual(ListItem.Icon,DefaultAddSource.png)</visible>
					</control>
					<include>FocusAnimationType1</include>
				</control>
				
				<control type="label">
					<left>13</left>
					<top>278</top>
					<width>333</width>
					<height>23</height>
					<font>Regular17</font>
					<selectedcolor>selected</selectedcolor>
					<align>center</align>
					<aligny>center</aligny>
					<label>$INFO[ListItem.Label]$INFO[ListItem.Label2, (,)]</label>
					<textcolor>grey</textcolor>
					<visible>![Control.HasFocus(10811) | Control.HasFocus(11)]</visible>
				</control>
				<control type="label">
					<left>13</left>
					<top>278</top>
					<width>333</width>
					<height>23</height>
					<font>Regular17</font>
					<selectedcolor>selected</selectedcolor>
					<align>center</align>
					<aligny>center</aligny>
					<label>$INFO[ListItem.Label]$INFO[ListItem.Label2, (,)]</label>
					<visible>[Control.HasFocus(10811) | Control.HasFocus(11)]</visible>
				</control>
			</control>
		</focusedlayout>
	</include>
	
	
	
	<!-- Load Game before Launch -->
	<include name="GameDialogGameSavesLayout">
		<control type="group">
			<left>0</left>
			<top>440</top>
			<control type="image">
				<description>background image</description>
				<left>0</left>
				<top>0</top>
				<width>1920</width>
				<height>1080</height>
				<texture>colors/black.png</texture>
				
				<include>dialogeffect</include>
				
			</control>
			<control type="group">
				
				<include>dialogeffectSlower</include>
				
				<control type="label">
					<description>header label</description>
					<left>30</left>
					<top>30</top>
					<width>1860</width>
					<height>45</height>
					<font>Light26</font>
					<label>$VAR[GameSelectHeader]</label>
					<align>center</align>
					<aligny>center</aligny>
					<textcolor>white</textcolor>
				</control>
				
				<control type="fixedlist" id="3">
					
					<animation effect="slide" start="0,0" end="-189,0" time="0" condition="Integer.IsEqual(Container(3).NumItems,2)">Conditional</animation>
					<animation effect="slide" start="0,0" end="-189,0" time="0" condition="Integer.IsEqual(Container(3).NumItems,4)">Conditional</animation>
					
					<left>0</left>
					<top>98</top>
					<width>1920</width>
					<height>323</height>
					<onleft>3</onleft>
					<onright>3</onright>
					<ondown>10825</ondown>
					<onup>noop</onup>
					<!--<include>ScrollTimeOld</include>--><include>StandardScrollTime</include>
					<orientation>horizontal</orientation>
					<focusposition>2</focusposition>
					<movement>2</movement>
					
					<pagecontrol>61</pagecontrol>
					
					<include condition="[String.StartsWith(System.BuildVersion,17.7) | String.Contains(System.BuildVersion,BetterGUI) | String.Contains(System.BuildVersion,BetterUI) | String.StartsWith(System.BuildAppName,KodiDS)]">preloaditems1</include>
					<include condition="![String.StartsWith(System.BuildVersion,17.7) | String.Contains(System.BuildVersion,BetterGUI) | String.Contains(System.BuildVersion,BetterUI) | String.StartsWith(System.BuildAppName,KodiDS)]">preloaditems2</include>
					
					<itemlayout height="323" width="378">
						<control type="group">
							<left>24</left>
							<control type="image">
								<left>3</left>
								<top>3</top>
								<width>354</width>
								<height>317</height>
								<texture background="true" colordiffuse="FF111111" border="12">colors/white_border12.png</texture>
								<visible>String.IsEqual(ListItem.Icon,DefaultAddSource.png)</visible>
							</control>
							<control type="image">
								<left>16</left>
								<top>30</top>
								<width>328</width>
								<height>225</height>
								<texture background="true">colors/black.png</texture>
								<visible>!String.IsEqual(ListItem.Icon,DefaultAddSource.png)</visible>
							</control>
							<control type="image">
								<left>16</left>
								<top>30</top>
								<width>328</width>
								<height>225</height>
								<texture background="true">$INFO[ListItem.Icon]</texture>
								<aspectratio>keep</aspectratio>
							</control>
							<control type="image">
								<left>16</left>
								<top>30</top>
								<width>328</width>
								<height>225</height>
								<texture background="true">$INFO[ListItem.Art(screenshot)]</texture>
								<aspectratio>keep</aspectratio>
							</control>
							<control type="gamewindow">
								<left>16</left>
								<top>30</top>
								<width>328</width>
								<height>225</height>
								<pixels>$INFO[ListItem.FileNameAndPath]</pixels>
							</control>
							
							<control type="image">
								<left>3</left>
								<top>3</top>
								<width>354</width>
								<height>317</height>
								<texture background="true" border="23,37,23,75" colordiffuse="FF111111">_added_img/uni_border-label.png</texture>
								<visible>!String.IsEqual(ListItem.Icon,DefaultAddSource.png)</visible>
							</control>
							
							<control type="label">
								<left>13</left>
								<top>278</top>
								<width>333</width>
								<height>23</height>
								<font>Regular17</font>
								<selectedcolor>selected</selectedcolor>
								<align>center</align>
								<aligny>center</aligny>
								<label>$INFO[ListItem.Label]$INFO[ListItem.Label2, ,]</label>
								<textcolor>grey</textcolor>
							</control>
						</control>
					</itemlayout>
					<focusedlayout height="323" width="378">
						<control type="group">
							<left>24</left>
							<control type="image">
								<left>3</left>
								<top>3</top>
								<width>354</width>
								<height>317</height>
								<texture colordiffuse="FF111111" border="12">colors/white_border12.png</texture>
								<visible>String.IsEqual(ListItem.Icon,DefaultAddSource.png)</visible>
							</control>
							<control type="group">
								<control type="image">
									<left>3</left>
									<top>3</top>
									<width>354</width>
									<height>317</height>
									<texture colordiffuse="$VAR[accentColorDiffuseSpecialWindow]" border="12">colors/white_border12.png</texture>
									<!--<include>DimFocusTextureAdditionally</include>-->
									<visible>Control.HasFocus(3)</visible>
								</control>
								<include>FocusAnimationType1</include>
							</control>
							<control type="image">
								<left>16</left>
								<top>30</top>
								<width>328</width>
								<height>225</height>
								<texture>colors/black.png</texture>
								<visible>!String.IsEqual(ListItem.Icon,DefaultAddSource.png)</visible>
							</control>
							<control type="image">
								<left>16</left>
								<top>30</top>
								<width>328</width>
								<height>225</height>
								<texture background="true">$INFO[ListItem.Icon]</texture>
								<aspectratio>keep</aspectratio>
							</control>
							<control type="image">
								<left>16</left>
								<top>30</top>
								<width>328</width>
								<height>225</height>
								<texture background="true">$INFO[ListItem.Art(screenshot)]</texture>
								<aspectratio>keep</aspectratio>
							</control>
							<control type="gamewindow">
								<left>16</left>
								<top>30</top>
								<width>328</width>
								<height>225</height>
								<pixels>$INFO[ListItem.FileNameAndPath]</pixels>
							</control>
							
							<control type="image">
								<left>3</left>
								<top>3</top>
								<width>354</width>
								<height>317</height>
								<texture border="23,37,23,75" colordiffuse="FF111111">_added_img/uni_border-label.png</texture>
								<visible>!String.IsEqual(ListItem.Icon,DefaultAddSource.png)</visible>
							</control>
							
							<control type="group">
								<control type="image">
									<left>3</left>
									<top>3</top>
									<width>354</width>
									<height>317</height>
									<texture border="23,37,23,75" colordiffuse="$VAR[accentColorDiffuseSpecialWindow]">_added_img/uni_border-label.png</texture>
									<visible>Control.HasFocus(3)</visible>
									<visible>!String.IsEqual(ListItem.Icon,DefaultAddSource.png)</visible>
								</control>
								<include>FocusAnimationType1</include>
							</control>
							
							<control type="label">
								<left>13</left>
								<top>278</top>
								<width>333</width>
								<height>23</height>
								<font>Regular17</font>
								<selectedcolor>selected</selectedcolor>
								<align>center</align>
								<aligny>center</aligny>
								<label>$INFO[ListItem.Label]$INFO[ListItem.Label2, ,]</label>
								<textcolor>grey</textcolor>
								<visible>!Control.HasFocus(3)</visible>
							</control>
							<control type="label">
								<left>13</left>
								<top>278</top>
								<width>333</width>
								<height>23</height>
								<font>Regular17</font>
								<selectedcolor>selected</selectedcolor>
								<align>center</align>
								<aligny>center</aligny>
								<label>$INFO[ListItem.Label]$INFO[ListItem.Label2, ,]</label>
								<visible>Control.HasFocus(3)</visible>
							</control>
						</control>
					</focusedlayout>
				</control>
				<control type="scrollbar" id="61">
					<left>27</left>
					<top>450</top>
					<width>1866</width>
					<include>scrollBarStyleDefaultHeight</include>
					
					<onleft></onleft>
					<onright></onright>
					
					<onup>3</onup>
					<ondown>10825</ondown>
					
					<showonepage>false</showonepage>
					<animation effect="fade" end="75" time="0" condition="true">Conditional</animation>
					<include>scrollBarStyleDefault</include>
				</control>
				
				
				
				
				
				<control type="grouplist" id="9001">
					<left>0</left>
					<top>510</top>
					<width>1920</width>
					<height>72</height>
					<itemgap>15</itemgap>
					<align>center</align>
					<orientation>horizontal</orientation>
					<onleft>Noop</onleft>
					<onright>Noop</onright>
					<onup>3</onup>
					
					<control type="button" id="10825">
						<width>354</width>
						<height>72</height>
						<label>35261</label>
						<include>ButtonInfoDialogsCommonValues</include>
					</control>
					
				</control>
				
				<control type="group">
					
					<description>Emulator name and icon</description>
					
					<left>280</left>
					<top>500</top>
					
					<width>488</width>
					
					<control type="group">
						
						<left>0</left>
						
						<control type="label">
							<description>Label for Saved with: text</description>
							<top>10</top>
							<left>114</left>
							<width>100%</width>
							<font>Light18</font>
							<label>35255</label>
						</control>
						<control type="label" id="10823">
							<description>Emulator name</description>
							<top>46</top>
							<left>114</left>
							<width>100%</width>
							<font>Light18</font>
						</control>
						<control type="image" id="10824">
							<description>Emulator icon</description>
							<height>98</height>
							<width>98</width>
							<texture fallback="defaultaddon_solid.png" diffuse="colors/diffuse/98x98-rounded.png"></texture>
							<aspectratio scalediffuse="false">scale</aspectratio>
							<fadetime>150</fadetime>
						</control>
					</control>
				</control>
				
			</control>
			
			
			
		</control>
	</include>
	
	
	
	<!-- Save/Load Game while running -->
	<include name="GameDialogInGameSavesLayout">
		<control type="group">
			<left>0</left>
			<top>580</top>
			<control type="image">
				<description>background image</description>
				<left>0</left>
				<top>0</top>
				<width>1920</width>
				<height>1080</height>
				<texture>colors/black.png</texture>
				
				<include>dialogeffect</include>
				
			</control>
			<control type="group">
				
				<include>dialogeffectSlower</include>
				
				<control type="label">
					<description>header label</description>
					<left>30</left>
					<top>30</top>
					<width>1860</width>
					<height>45</height>
					<font>Light26</font>
					<label>$VAR[GameSelectHeader]</label>
					<align>center</align>
					<aligny>center</aligny>
					<textcolor>white</textcolor>
				</control>
				<control type="fixedlist" id="10811">
					
					<animation effect="slide" start="0,0" end="-189,0" time="0" condition="Integer.IsEqual(Container(10811).NumItems,2)">Conditional</animation>
					<animation effect="slide" start="0,0" end="-189,0" time="0" condition="Integer.IsEqual(Container(10811).NumItems,4)">Conditional</animation>
					
					<left>0</left>
					<top>98</top>
					<width>1920</width>
					<height>323</height>
					<onleft>10811</onleft>
					<onright>10811</onright>
					<ondown>noop</ondown>
					<onup>noop</onup>
					<!--<include>ScrollTimeOld</include>--><include>StandardScrollTime</include>
					<orientation>horizontal</orientation>
					<focusposition>2</focusposition>
					<movement>2</movement>
					
					<pagecontrol>61</pagecontrol>
					
					<include condition="[String.StartsWith(System.BuildVersion,17.7) | String.Contains(System.BuildVersion,BetterGUI) | String.Contains(System.BuildVersion,BetterUI) | String.StartsWith(System.BuildAppName,KodiDS)]">preloaditems1</include>
					<include condition="![String.StartsWith(System.BuildVersion,17.7) | String.Contains(System.BuildVersion,BetterGUI) | String.Contains(System.BuildVersion,BetterUI) | String.StartsWith(System.BuildAppName,KodiDS)]">preloaditems2</include>
					
					<itemlayout height="323" width="378">
						<control type="group">
							<left>24</left>
							<control type="image">
								<left>3</left>
								<top>3</top>
								<width>354</width>
								<height>317</height>
								<texture background="true" colordiffuse="FF111111" border="12">colors/white_border12.png</texture>
								<visible>String.IsEqual(ListItem.Icon,DefaultAddSource.png)</visible>
							</control>
							<control type="image">
								<left>16</left>
								<top>30</top>
								<width>328</width>
								<height>225</height>
								<texture background="true">colors/black.png</texture>
								<visible>!String.IsEqual(ListItem.Icon,DefaultAddSource.png)</visible>
							</control>
							<control type="image">
								<left>16</left>
								<top>30</top>
								<width>328</width>
								<height>225</height>
								<texture background="true">$INFO[ListItem.Icon]</texture>
								<aspectratio>keep</aspectratio>
							</control>
							<control type="image">
								<left>16</left>
								<top>30</top>
								<width>328</width>
								<height>225</height>
								<texture background="true">$INFO[ListItem.Art(screenshot)]</texture>
								<aspectratio>keep</aspectratio>
							</control>
							<control type="gamewindow">
								<left>16</left>
								<top>30</top>
								<width>328</width>
								<height>225</height>
								<pixels>$INFO[ListItem.FileNameAndPath]</pixels>
							</control>
							
							<control type="image">
								<left>3</left>
								<top>3</top>
								<width>354</width>
								<height>317</height>
								<texture background="true" border="23,37,23,75" colordiffuse="FF111111">_added_img/uni_border-label.png</texture>
								<visible>!String.IsEqual(ListItem.Icon,DefaultAddSource.png)</visible>
							</control>
							
							<control type="label">
								<left>13</left>
								<top>278</top>
								<width>333</width>
								<height>23</height>
								<font>Regular17</font>
								<selectedcolor>selected</selectedcolor>
								<align>center</align>
								<aligny>center</aligny>
								<label>$INFO[ListItem.Label]$INFO[ListItem.Label2, ,]</label>
								<textcolor>grey</textcolor>
							</control>
						</control>
					</itemlayout>
					<focusedlayout height="323" width="378">
						<control type="group">
							<left>24</left>
							<control type="image">
								<left>3</left>
								<top>3</top>
								<width>354</width>
								<height>317</height>
								<texture colordiffuse="FF111111" border="12">colors/white_border12.png</texture>
								<visible>String.IsEqual(ListItem.Icon,DefaultAddSource.png)</visible>
							</control>
							<control type="group">
								<control type="image">
									<left>3</left>
									<top>3</top>
									<width>354</width>
									<height>317</height>
									<texture colordiffuse="$VAR[accentColorDiffuseSpecialWindow]" border="12">colors/white_border12.png</texture>
									<!--<include>DimFocusTextureAdditionally</include>-->
									<visible>Control.HasFocus(10811)</visible>
									<visible>String.IsEqual(ListItem.Icon,DefaultAddSource.png)</visible>
								</control>
								<include>FocusAnimationType1</include>
							</control>
							<control type="image">
								<left>16</left>
								<top>30</top>
								<width>328</width>
								<height>225</height>
								<texture>colors/black.png</texture>
								<visible>!String.IsEqual(ListItem.Icon,DefaultAddSource.png)</visible>
							</control>
							<control type="image">
								<left>16</left>
								<top>30</top>
								<width>328</width>
								<height>225</height>
								<texture background="true">$INFO[ListItem.Icon]</texture>
								<aspectratio>keep</aspectratio>
							</control>
							<control type="image">
								<left>16</left>
								<top>30</top>
								<width>328</width>
								<height>225</height>
								<texture background="true">$INFO[ListItem.Art(screenshot)]</texture>
								<aspectratio>keep</aspectratio>
							</control>
							<control type="gamewindow">
								<left>16</left>
								<top>30</top>
								<width>328</width>
								<height>225</height>
								<pixels>$INFO[ListItem.FileNameAndPath]</pixels>
							</control>
							
							<control type="image">
								<left>3</left>
								<top>3</top>
								<width>354</width>
								<height>317</height>
								<texture border="23,37,23,75" colordiffuse="FF111111">_added_img/uni_border-label.png</texture>
								<visible>!String.IsEqual(ListItem.Icon,DefaultAddSource.png)</visible>
							</control>
							
							<control type="group">
								<control type="image">
									<left>3</left>
									<top>3</top>
									<width>354</width>
									<height>317</height>
									<texture border="23,37,23,75" colordiffuse="$VAR[accentColorDiffuseSpecialWindow]">_added_img/uni_border-label.png</texture>
									<visible>Control.HasFocus(10811)</visible>
									<visible>!String.IsEqual(ListItem.Icon,DefaultAddSource.png)</visible>
								</control>
								<include>FocusAnimationType1</include>
							</control>
							
							<control type="label">
								<left>13</left>
								<top>278</top>
								<width>333</width>
								<height>23</height>
								<font>Regular17</font>
								<selectedcolor>selected</selectedcolor>
								<align>center</align>
								<aligny>center</aligny>
								<label>$INFO[ListItem.Label]$INFO[ListItem.Label2, ,]</label>
								<textcolor>grey</textcolor>
								<visible>!Control.HasFocus(10811)</visible>
							</control>
							<control type="label">
								<left>13</left>
								<top>278</top>
								<width>333</width>
								<height>23</height>
								<font>Regular17</font>
								<selectedcolor>selected</selectedcolor>
								<align>center</align>
								<aligny>center</aligny>
								<label>$INFO[ListItem.Label]$INFO[ListItem.Label2, ,]</label>
								<visible>Control.HasFocus(10811)</visible>
							</control>
						</control>
					</focusedlayout>
				</control>
				<control type="scrollbar" id="61">
					<left>27</left>
					<top>450</top>
					<width>1866</width>
					<include>scrollBarStyleDefaultHeight</include>
					
					<onleft></onleft>
					<onright></onright>
					
					<onup>10811</onup>
					
					<showonepage>false</showonepage>
					<animation effect="fade" end="75" time="0" condition="true">Conditional</animation>
					<include>scrollBarStyleDefault</include>
				</control>
			</control>
		</control>
	</include>
	
	
	
</includes>
