<?xml version="1.0" encoding="UTF-8" standalone="yes"?>
<addon id="plugin.audio.mp3streams" name="MP3 Streams" version="25.3.31" provider-name="Tech E. Coyote">
    <requires>
        <import addon="xbmc.python" version="3.0.0"/>
        <import addon="script.module.future"/>
        <import addon="script.module.mutagen"/>
        <import addon="script.module.requests"/>
    </requires>
    <extension point="xbmc.python.pluginsource" library="default.py">
        <provides>audio</provides>
    </extension>
    <extension point="xbmc.service" library="playerMP3.py" start="startup" />
    <extension point="xbmc.addon.metadata">
        <platform>all</platform>
        <summary>A music streaming Collection.</summary>
        <description>MP3 Streams Kodi 19+ conversion by Slamious</description>
        <assets>
            <icon>resources/icon.png</icon>
            <fanart>resources/fanart.jpg</fanart>
        </assets>
    </extension>
</addon>
