{	
	"Suche": "Suche",
	"Suche nach": "Suche nach",
	"Suche Nutzer und ihre Inhalte": "Suche Nutzer und ihre Inhalte",
	"im oeffentlichen Inhalt": "in öffentlichen Inhalten",
	"Fehler": "Fehler",
	"Fotos": "Fotos",
	"Groesse": "Größe",
	"Mehr...":  "Mehr...",
	"Mehr (+ 1)":  "Mehr (+ 1)",
	"Mehr (+ 10)":  "Mehr (+ 10)",
	"Mehr (+ 100)":  "Mehr (+ 100)",
	"Weniger (- 1)":  "Weniger (- 1)",
	"Weniger (- 10)":  "Weniger (- 10)",
	"Weniger (- 100)":  "Weniger (- 100)",
	"Photostream":  "Photostream",
	"Web Gallerien":  "Web Gallerien",
	"Stoerungsmeldungen an Forum oder rols1@gmx.de": "Störungsmeldungen an Forum oder rols1@gmx.de",
	"Zurueck zu MyFlickr": "Zurück zu MyFlickr",
	"Zurueck zu": "Zurück zu",
	"Zurueck zum Hauptmenue": "Zurück zum Hauptmenü",
	"Keine Gallerien gefunden": "Keine Gallerien gefunden",
	"Keine Alben gefunden": "Keine Alben gefunden",
	"User nicht gefunden gefunden": "User not found",
	"kein Treffer": "kein Treffer",
	"Galerien": "Galerien",
	"Album": "Album",
	"Alben": "Alben",
	"Seite": "Seite",
	"Seiten": "Seiten",
	"von": "von",
	"Bildgroesse": "Bildgröße",
	"Flickr Nutzer": "Flickr Nutzer",
	"Beliebiger Suchbegriff fuer Menue Flickr Nutzer, zum Beispiel DaVinci": "Beliebiger Suchbegriff für Menü Flickr Nutzer, zum Beispiel DaVinci",
	"Einstellungen: Suchbegriff für Flickr Nutzer fehlt": "Einstellungen: Suchbegriff für Flickr Nutzer fehlt",
	"keine weiteren Eintraege vorhanden": "keine weiteren Einträge vorhanden",
		
	"neues Update vorhanden": "neues Update vorhanden",
	"jetzt installieren": "jetzt installieren",
	"Update abbrechen": "Update abbrechen",
	"weiter im aktuellen Plugin": "weiter im aktuellen Plugin",
	"ist die neueste Version": "ist die neueste Version",
	"Suche nach neuen Updates starten": "Suche nach neuen Updates starten",
	"Bezugsquelle": "Bezugsquelle",
	"Github ist nicht errreichbar": "Github ist nicht errreichbar",
	"Bitte die Update-Anzeige abschalten": "Bitte die Update-Anzeige abschalten",
	"neues Update beim Start des Plugins anzeigen": "neues Update beim Start des Plugins anzeigen",
	"Username ueberpruefen": "Username ueberprüfen",
	
	 "Einstellungen": "Einstellungen",
	"Sprache Plugin": "Sprache Plugin",
	 "Username, Mailadresse oder User_ID eines Flicker Users. Es wird nur der oeffentliche Inhalt dieses Users gezeigt (kein Login durch das Plugin)": "Username, Mailadresse oder User_ID eines Flicker Users. Es wird nur der öffentliche Inhalt dieses Users gezeigt (kein Login durch das Plugin)",
	"maximale Anzahl Objekte pro Seite": "maximale Anzahl Objekte pro Seite",
	"Sortierung fuer Suche": "Sortierung für Suche",
	"Fotosuche: maximale Bildbreite": "Fotosuche: maximale Bildbreite",
	"Originalbild": "Original Photo",
	"Videos zeigen, falls verfuegbar": "Videos zeigen, falls verfügbar"
	"zeige Videos": "zeige Videos",
	"zeige Fotos": "zeige Fotos",
	"Ermittlung der Seitenzahl gescheitert": "Ermittlung der Seitenzahl gescheitert",
	"Gezeigt wird nur die erste Seite": "Gezeigt wird nur die erste Seite"
	"Cache - delete gewaehlt!": "Cache - delete gewählt!",
	"Sollen saemtliche Bilder wirklich geloescht werden?": "Sollen sämtliche Bilder wirklich gelöscht werden?",
	"Loeschfrist (Tage) wird zurückgestellt auf 100": "Löschfrist (Tage) wird zurückgestellt auf 100",
	"Bilderordner loeschen": "Bilderordner löschen",
	"delete Cache": "delete Cache",
	"Bilder geloescht": "Bilder gelöscht",
	"Bilder LOESCHEN": "Bilder LÖSCHEN",
	"Abbruch": "Abbruch",
	"Der Name für FlickrPeople kann im Setting geändert werden": "Der Name für FlickrPeople kann im Setting geändert werden"
}








