<?xml version="1.0" encoding="utf-8" standalone="yes"?>
<addon id="service.subloader" name="SubLoader" version="0.2.2" provider-name="dEXE, DenimNani">
	<requires>
		<import addon="xbmc.python" version="3.0.0"/>
	</requires>

	<extension point="xbmc.service" library="monitor.py" start="login"></extension>
	
	<extension point="kodi.context.item" name="SubLoader - contextmenu">
		<menu id="kodi.core.main">
			<item library="resources/lib/context_menu.py">
				<label>32048</label>
				<visible>
					String.IsEqual(Window(10000).Property(enable_context_menu),true) + 
					[StringCompare(ListItem.dbtype,movie) | StringCompare(ListItem.dbtype,tvshow) | StringCompare(ListItem.dbtype,season) | StringCompare(ListItem.dbtype,episode) | String.IsEqual(ListItem.dbtype,movie) | String.IsEqual(ListItem.dbtype,tvshow) | String.IsEqual(ListItem.dbtype,season) | String.IsEqual(ListItem.dbtype,episode)]
				</visible>
			</item>
		</menu>
	</extension>

	<extension point="xbmc.addon.metadata">
		<summary lang="en">Auto Search for Subtitles on Play | Automatic subtitles for your content</summary>
		<description lang="en">SubLoader auto trigger Kodi subtitle search dialog if no subtitle (language) with exclusions is found, or auto download the best subtitle automatically from OpenSubtitles.org as soon you start the video for a Movie/TV Show, or reads the embedded subtitle if it is in the excluded list. It also has a feature to add a subtitles dialog contextmenu button to search if subtitle is available for a video.</description>
		<disclaimer lang="en">Special thanks to OpenSubtitles.org for providing a unique UA for Subloader.</disclaimer>
		<platform>all</platform>
		<language>en</language>
		<license>GNU GENERAL PUBLIC LICENSE. Version 3, 29 June 2007</license>
		<website>https://github.com/denimnani</website>
		<source>https://github.com/denimnani/service.subloader</source>
		<forum></forum>
		<email></email>
		<assets>
			<icon>icon.png</icon>
			<fanart>fanart.png</fanart>
			<screenshot>resources/media/screenshots/screenshot1.jpg</screenshot>
			<screenshot>fanart.png</screenshot>
		</assets>
	</extension>

</addon>
