{	
	"Durchstoebern": "Durchstöbern",
	"Meine Favoriten": "Meine Favoriten",
	"Meine Stationen": "Meine Stationen",
	"Suche": "Suche",
	"Suche Station / Titel": "Suche Station / Titel",
	"Suche nach": "Suche nach",
	"Keine Suchergebnisse zu": "Keine Suchergebnisse zu",
	"Fehler": "Fehler",
	"neues Update vorhanden": "neues Update vorhanden",
	"jetzt installieren": "jetzt installieren",
	"Update abbrechen": "Update abbrechen",
	"weiter im aktuellen Plugin": "weiter im aktuellen Plugin",
	"ist die neueste Version": "ist die neueste Version",
	"Suche nach neuen Updates starten": "Suche nach neuen Updates starten",
	"Bezugsquelle": "Bezugsquelle",
	"Github ist nicht errreichbar": "Github ist nicht errreichbar",
	"Bitte die Update-Anzeige abschalten": "Bitte die Update-Anzeige abschalten",
	"Username ueberpruefen": "Username ueberprüfen",
	"keinen Stream gefunden zu": "keinen Stream gefunden zu",
	"nicht gefunden": "nicht gefunden",
	"Mehr...":  "Mehr...",
	"neuer Versuch": "neuer Versuch",	
	"neues Update beim Start des Plugins anzeigen": "neues Update beim Start des Plugins anzeigen",
	"Sprache Plugin": "Sprache Plugin",
	"maximale Anzahl Objekte pro Seite": "maximale Anzahl Objekte pro Seite",
	"Aufnehmen mit Streamripper": "Aufnehmen mit Streamripper",
	"kompletter Pfad zum Programm Streamripper": "kompletter Pfad zum Programm Streamripper",
	"kompletter Pfad zum Download-Verzeichnis": "kompletter Pfad zum Download-Verzeichnis",
	"Laufende Aufnahmen": "Laufende Aufnahmen",
	"Download-Verzeichnis": "Download-Verzeichnis",
	"Aufnahme": "Aufnahme",
	"beenden": "beenden",
	"beendet": "beendet",
	"starten": "starten",
	"gestartet": "gestartet",
	"fehlgeschlagen": "fehlgeschlagen",
	"keine laufende Aufnahme gefunden": "keine laufende Aufnahme gefunden",
	"Ursache unbekannt": "Ursache unbekannt",
	"Favoriten hinzufuegen/entfernen": "Favoriten hinzufuegen/entfernen",
	"Favorit": "Favorit",
	"hinzufuegen": "hinzufügen",
	"hinzugefuegt": "hinzugefügt",
	"entfernen": "entfernen",
	"entfernt": "entfernt",
	"verschieben": "verschieben",
	"verschoben": "verschoben",
	"TuneIn Passwort (nur erforderlich fuer Favoriten hinzufuegen/loeschen)": "TuneIn Passwort (nur erforderlich fuer Favoriten hinzufügen/löschen)",
	"Username und Passwort sind fuer diese Aktion erforderlich": "Username und Passwort sind für diese Aktion erforderlich",
	"Problem mit Username / Passwort": "Problem mit Username / Passwort",
	"Neuer Ordner fuer Favoriten": "Neuer Ordner fuer Favoriten",
	"Name des neuen Ordners": "Name des neuen Ordners",
	"Ordner entfernen": "Ordner entfernen",
	"Ordner zum Entfernen auswaehlen": "Ordner zum Entfernen auswählen",
	"Ordnername fehlt": "Ordnername fehlt",
	"Ordner": "Ordner",
	"Anzahl der Eintraege": "Anzahl der Einträge",
	"ohne Rueckfrage!": "ohne Rückfrage!",
	"Ordner kann nicht entfernt werden": "Ordner kann nicht entfernt werden",
	"hierhin verschieben": "hierhin verschieben",
	"keine Eintraege gefunden": "keine Einträge gefunden",
	"Ordner zum Verschieben auswaehlen": "Ordner zum Verschieben auswählen",
	"Starte Plugin nur mit Favoriten (TuneIn-Account erforderlich)": "Starte Plugin nur mit Favoriten (TuneIn-Account erforderlich)",
	"Custom Url - Url:": "Custom Url - Url:",
	"Custom Url - Name:": "Custom Url - Name:",
	"Minimale Bitrate": "Minimale Bitrate",
	"Starte Plugin nur mit Meine Radiostationen": "Starte Plugin nur mit Meine Radiostationen",
	"kompletter Pfad zu Meine Radiostationen": "kompletter Pfad zu Meine Radiostationen",
	"Meine Radiostationen": "Meine Radiostationen",
	"Datei nicht gefunden": "Datei nicht gefunden",
	"Bitte den Eintrag in Einstellungen ueberpruefen!": "Bitte den Eintrag in Einstellungen ueberprüfen!",
	"fehlerhafte Datei": "fehlerhafte Datei",
	"Eintrag fehlt fuer Url oder Name": "Eintrag fehlt fuer Url oder Name",
	"Custom Url muss mit http beginnen": "Custom Url muss mit http beginnen",
	"maximale Anzahl Streams pro Station (kann Timeouts verhindern)": "maximale Anzahl Streams pro Station (kann Timeouts verhindern)",
	"Im Trend": "Im Trend",
	"Kuerzlich gehoert": "Kuerzlich gehört",
	"Plugin Update": "Plugin Update",
	"Plugin Version:": "Plugin Version",
	"Plugin aktuell": "Plugin ist aktuell",
	"Lokales Radio manuell einstellen (Menue Orte)": "Lokales Radio manuell einstellen (Menue Orte)",
	"neu setzen im Menue Orte": "neu setzen im Menü Orte",
	"setze Lokales Radio auf": "setze Lokales Radio auf",
	"Lokales Radio gesetzt auf": "Lokales Radio gesetzt auf",
	"entferne Lokales Radio": "entferne Lokales Radio",
	"Lokales Radio entfernt": "Lokales Radio entfernt",
	"kompletter Pfad zum System-Zertifikat": "kompletter Pfad zum System-Zertifikat",
	"Suche kompatible Streams fuer": "Suche kompatible Streams für",
    "Home / Refresh": "Home / Refresh",
    "Stream": "Stream",
    "Bitte Suchwort(e) eingeben": "Bitte Suchwort(e) eingeben",
    "Addon Update auf Version": "Addon Update auf Version",
    "Update erfolgreich - weiter zum aktuellen Addon": "Update erfolgreich - weiter zum aktuellen Addon",
    "Lokale Sender": "Lokale Sender"
}








