{
	"Durchstoebern":"Browse TuneIn",
	"Meine Favoriten": "My Favourites",
	"Meine Stationen": "My Stations",
	"Suche": "Search",
	"Suche Station / Titel": "Search Station / Title",
	"Suche nach": "Search for",
	"Keine Suchergebnisse zu": "No results for",
	"Fehler": "Error",
	 "neues Update vorhanden": "new Update available",
	 "jetzt installieren": "install now",
	 "Update abbrechen": "Cancel Update",
	 "weiter im aktuellen Plugin": "continue with present Plugin",
	 "ist die neueste Version":"is the latest version",
	 "Suche nach neuen Updates starten": "Start searching for new Updates",
	 "Bezugsquelle": "source of supply",
	 "Github ist nicht errreichbar": "Github is not available",
	 "Bitte die Update-Anzeige abschalten": "Please deselect the Plugin-Notification",
	 "Username ueberpruefen": "Please check username",
	 "keinen Stream gefunden zu": "no stream found for",
	 "nicht gefunden": "not found",
	 "Mehr...":  "More...",
	 "neuer Versuch": "new try",
	 "neues Update beim Start des Plugins anzeigen": "look for update at plugin-start",
	 "Sprache Plugin": "Language Plugin",
	"maximale Anzahl Objekte pro Seite": "maximum number of items per page",
	"Aufnehmen mit Streamripper": "Recordings by Streamripper",
	"kompletter Pfad zum Programm Streamripper": "complete path to program Streamripper",
	"kompletter Pfad zum Download-Verzeichnis": "complete path to Download-Directory",
	"Laufende Aufnahmen": "Running Recordings",
	"Download-Verzeichnis": "Download-Directory",
	"Aufnahme": "Recording",
	"beenden": "stop",
	"beendet": "terminated",
	"starten": "start",
	"gestartet": "started",
	"fehlgeschlagen": "failed",
	"keine laufende Aufnahme gefunden": "no running recording found",
	"Ursache unbekannt": "unknown cause",
	"Favoriten hinzufuegen/entfernen": "Favourites add/remove",
	"Favorit": "Favourites",
	"hinzufuegen": "add",
	"hinzugefuegt": "added",
	"entfernen": "remove",
	"entfernt": "removed",
	"verschieben": "move",
	"verschoben": "moved",
	"TuneIn Passwort (nur erforderlich fuer Favoriten hinzufuegen/loeschen)": "TuneIn Password (only required for adding and moving favourites)",
	"Username und Passwort sind fuer diese Aktion erforderlich": "username and password are required to perform this action",
	"Problem mit Username / Passwort": "Problem with username / password",
	"Neuer Ordner fuer Favoriten": "new folder for Favourites",
	"Name des neuen Ordners": "Name of the new folder",
	"Ordner entfernen": "remove folder",
	"Ordner zum Entfernen auswaehlen": "choose folder to remove",
	"Ordnername fehlt": "foldername missing",
	"Ordner": "Folder",
	"Anzahl der Eintraege": "number of items",
	"ohne Rueckfrage!": "automatically, without consultation!",
	"Ordner kann nicht entfernt werden": "folder can't be removed",
	"hierhin verschieben": "move  here",
	"keine Eintraege gefunden": "no items found",
	"Ordner zum Verschieben auswaehlen": "choose folder to move",
	"Starte Plugin nur mit Favoriten (TuneIn-Account erforderlich)": "Start of plugin only with Favourites (TuneIn-Account required)",
	"Custom Url - Url": "Custom Url: url of radiostation (example: http://myradio/live/stream.mp3)",
	"Custom Url - Name": "Custom Url: name of radiostation (example: MyRadio)",
	"Minimale Bitrate": "Minimum Bitrate",
	"Starte Plugin nur mit Meine Radiostationen": "Start of plugin only with My Radio Stations",
	"kompletter Pfad zu Meine Radiostationen": "complete path to My Radio Stations",
	"Meine Radiostationen": "My Radio Stations",
	"Datei nicht gefunden": "File not found",
	"Bitte den Eintrag in Einstellungen ueberpruefen!": "Please check the entry in Preferences!",
	"fehlerhafte Datei": "corrupted file",
	"Eintrag fehlt fuer Url oder Name": "Entry missing for url or name",
	"Custom Url muss mit http beginnen": "Custom Url must start with http",
	"maximale Anzahl Streams pro Station (kann Timeouts verhindern)": "maximum number of streams per station (can prevent timeouts)",
	"Im Trend": "Trending",
	"Kuerzlich gehoert": "Recents",
	"Plugin Update": "Plugin Update",
	"Plugin Version:": "Plugin Version",
	"Plugin aktuell": "Plugin up to date",
	"Lokales Radio manuell einstellen (Menue Orte)": "manually setting of Local Radio (menu By Location)",
	"neu setzen im Menue Orte": "new setting in menue By Location",
	"setze Lokales Radio auf": "set Local Radio to",
	"Lokales Radio gesetzt auf": "Local Radio set to",
	"entferne Lokales Radio": "remove Local Radio",
	"Lokales Radio entfernt": "Local Radio removed",
	"kompletter Pfad zum System-Zertifikat": "complete path to System-Certifikate",
	"Suche kompatible Streams fuer": "search compatible streams for",
    "Home / Refresh": "Home / Refresh",
    "Stream": "Stream",
    "Bitte Suchwort(e) eingeben": "Please enter search word(s)",
    "Addon Update auf Version": "Addon update to version",
    "Update erfolgreich - weiter zum aktuellen Addon": "Update successful - continue to current addon",
    "Lokale Sender": "Local Stations"
}










