<?xml version="1.0" encoding="UTF-8"?>
<window>
	<!-- <defaultcontrol>2060</defaultcontrol> -->
	<controls>
		<control type="group">
			<left>280</left>
			<top>50</top>
			<control type="group">
				<width>1360</width>
				<control type="image">
					<height>980</height>
					<texture colordiffuse="FF555555">white.png</texture>
				</control>
				<control type="image">
					<height>100</height>
					<texture colordiffuse="cyan">white.png</texture>
				</control>
				<control type="image">
					<left>15</left>
					<top>15</top>
					<width>70</width>
					<height>70</height>
					<align>left</align>
					<aligny>top</aligny>
					<aspectratio aligny="top">keep</aspectratio>
					<texture colordiffuse="FFCCCCCC">special://home/addons/script.module.gearsscrapers/resources/icon.png</texture>
				</control>
				<control type="label">
					<top>40</top>
					<left>105</left>
					<width max="1115">auto</width>
					<height>20</height>
					<font>font16</font>
					<textcolor>black</textcolor>
					<align>center</align>
					<aligny>center</aligny>
					<label>$INFO[Window().Property(gearsscrapers.heading)]</label>
				</control>
				<control type="textbox" id="2000">
					<left>45</left>
					<top>114</top>
					<width>1254</width>
					<height>830</height>
					<onup>2000</onup>
					<ondown>2000</ondown>
					<scrolltime tween="sine">400</scrolltime>
					<font>font14</font>
					<textcolor>white</textcolor>
					<label>$INFO[Window().Property(gearsscrapers.text)]</label>
					<pagecontrol>2060</pagecontrol>
				</control>
				<control type="scrollbar" id="2060">
					<left>1320</left>
					<top>114</top>
					<width>30</width>
					<height>850</height>
					<texturesliderbackground border="15">scrollbaruni-bg.png</texturesliderbackground>
					<texturesliderbar border="15">scrollbaruni-bar.png</texturesliderbar>
					<texturesliderbarfocus colordiffuse="cyan" border="15">scrollbaruni-bar-focus.png</texturesliderbarfocus>
					<textureslidernib>scrollbaruni-nib.png</textureslidernib>
					<textureslidernibfocus>scrollbaruni-nib.png</textureslidernibfocus>
					<onleft>2060</onleft>
					<onright>2060</onright>
					<onup>2060</onup>
					<ondown>2060</ondown>
					<showonepage>false</showonepage>
					<orientation>vertical</orientation>
				</control>
			</control>
		</control>
	</controls>
</window>
