<?xml version="1.0" encoding="UTF-8" standalone="yes"?>
<addon id="script.elementum.burst" name="Elementum [COLOR FFFF6B00]Burst[/COLOR]" version="0.0.94" provider-name="elgatito">
    <requires>
        <import addon="xbmc.addon" version="16.0.0" />
        <import addon="plugin.video.elementum" optional="true"/>
        <import addon="script.module.kodi-six" />
        <import addon="script.module.requests" />
        <import addon="script.module.future" version="0.16.0.4"/>
        <import addon="script.module.pycryptodome" optional="true" />
    </requires>
    <extension point="xbmc.python.script" library="burst.py">
        <provides>executable</provides>
    </extension>
    <extension point="xbmc.addon.metadata">
        <summary lang="en">Elementum torrents provider</summary>
        <summary lang="hr">Elementum torrent pružatelji usluga</summary>
        <summary lang="es">Proveedor de torrents Elementum</summary>
        <summary lang="ru">Поисковое дополнение Elementum</summary>
        <summary lang="sv">Elementum-torrentleverantör</summary>
        <description lang="en">Elementum Burst is a lean and mean multi-provider for Elementum.</description>
        <description lang="hr">Elementum Burst je višestruki pružatelj usluga za Elementum.</description>
        <description lang="es">Elementum Burst es un multi-proveedor simple y eficiente para Elementum.</description>
        <description lang="ru">Elementum Burst это поисковое дополнение, для поиска торрентов для Elementum.</description>
        <description lang="sv">Elementum Burst är en enkel och effektiv multi-leverantör för Elementum.</description>
        <disclaimer lang="en">The author does not host or distribute any of the content displayed by this addon. The author does not have any affiliation with the content providers.</disclaimer>
        <disclaimer lang="hr">Autor ovog dodatka ne posjeduje i ne distribuira bilo kakav sadržaj koji je pronađen. Autor nije povezan sa bilo kojim izvorom sadržaja.</disclaimer>
        <disclaimer lang="es">El autor no aloja ni distribuye ninguno de los contenidos mostrados por este complemento. El autor no tiene ninguna afiliación con los proveedores de contenido.</disclaimer>
        <disclaimer lang="ru">Автор не несёт ответственности за использование дополнения, не распространяет данные, выводимые дополнением.</disclaimer>
        <disclaimer lang="sv">Skaparen är inte värd eller distribuerar något av innehållet som visas av detta tillägg. Skaparen har ingen anslutning till innehållsleverantörerna.</disclaimer>
        <license>WTFPL, Version 2, December 2004. See included LICENSE.</license>
        <website>https://elementum.surge.sh</website>
        <source>https://github.com/elgatito/script.elementum.burst</source>
        <forum>TODO</forum>
        <assets>
            <icon>icon.png</icon>
            <fanart>fanart.jpg</fanart>
        </assets>
    </extension>
</addon>
