<?xml version="1.0" encoding="UTF-8" standalone="yes"?>
<addon id="script.hideosd" version="2023.01.25" name="Hide Video OSD" provider-name="aenema">
	<requires>
		<import addon="xbmc.python" version="3.0.0" />
	</requires>
	<extension point="xbmc.python.script" library="main.py">
		<provides>executable</provides>
	</extension>
	<extension point="xbmc.service" library="service.py" start="startup" />
	<extension point="xbmc.addon.metadata">
        <description lang="en_GB">A simple script to autohide video OSD after inactivity. Timeout can be set in the addon settings.</description>
		<summary lang="en_GB">Autohide Video OSD</summary>
		<platform>all</platform>
		<license>GPL-3.0-or-later</license>
		<website>-</website>
		<email>-</email>
		<forum>-</forum>
		<source>-</source>
		<news></news>
        <assets>
            <icon>icon.png</icon>
		</assets>
	</extension>
</addon>