<?xml version="1.0" encoding="UTF-8" standalone="yes"?>
<addon id="script.service.argonforty-device" name="ArgonForty Device Configuration" version="0.0.13" provider-name="ArgonForty">
    <requires>
        <import addon="xbmc.python" version="3.0.0"/>
        <import addon="virtual.rpi-tools" version="9.80.11"/>
        <import addon="virtual.system-tools" version="9.80.11"/>
    </requires>
    <extension point="xbmc.python.script" library="default.py">
        <provides>executable</provides>
    </extension>
    <extension point="xbmc.service" library="main.py" start="startup"/>
    <extension point="xbmc.addon.metadata">
        <summary lang="en_GB">ArgonForty Device Configuration</summary>
        <description lang="en_GB">Install services to manage ArgonForty Devices such as power button and fan speed. This will also enable I2C, IR receiver and UART.

        * Disable then Enable Service for settings to take effect (or reboot) 
        </description>
        <language></language>
        <platform>linux</platform>
        <license>MIT</license>
        <forum>https://forum.libreelec.tv/thread/27360-rpi4b-argon-one-case-shutdown/?postID=182477#post182477</forum>
        <website>argon40.com</website>
        <email>cs@argon40.com</email>
        <source>https://github.com/HungerHa/libreelec_package_argonforty-device/tree/libreelec12</source>
        <news>v.0.0.13 (2024-03-21)
- added HDD/SSD/NVMe temperature support

v.0.0.12b (2024-03-19)
- migrated to Matrix addon settings format
- support for temperature in Fahrenheit added

v.0.0.12a (2024-03-15)
- removed lgpio exceptions setting line, which was preventing v.0.0.12 from working at LibreELEC 11

v.0.0.12 (2024-03-02)
- switches from gpiozero to pure lgpio if available (workaround for lgpio GPIO busy error message)

v.0.0.11d (2024-02-29)
- “Handle power button events” is honored without reboot
- remote control shutdown exception fixed
- fan settings now adjustable in 1 degree steps

v.0.0.11c (2024-02-28)
- added debug messages
- freeing of power button detection GPIO pin forced
- code cleanup

v.0.0.11b (2024-02-26)
- rolled back: "use the firmware check during power off"

v.0.0.11a (2024-02-26)
- forgotten function call removed

v.0.0.11 (2024-02-25)
- use the firmware check during power off
- changed to /tmp directory for lgpio workaround due to permission issues with TempDirectory function

v.0.0.10 (2024-02-21)
- switched to event based power button detection
- shutdown process refactored
- workaround for remote control shutdown
- switched from lircd to rc_maps for argon remote control

v.0.0.9a (2024-02-18)
- fixed typo

v.0.0.9 (2024-02-18)
- fixed power button recognition for RPi5 with LE12

v.0.0.8 (2024-02-18)
- fixed fan fluctuation with the new firmware
...
        </news>
        <disclaimer></disclaimer>
        <assets>
            <icon>resources/icon.png</icon>
            <fanart>resources/fanart.jpg</fanart>
        </assets>
    </extension>
</addon>
