<?xml version="1.0" encoding="UTF-8"?>
<window>
	<defaultcontrol always="true">3</defaultcontrol>
	
	<include>dialogeffect</include>
	
	<controls><!-- WRAPPER START --><control type="group"><centerleft>50%</centerleft><centertop>50%</centertop><width>1920</width><height>1080</height><!-- WRAPPER START -->
		
		<control type="group">
			<include>BehindDialogBlackBackground</include>
		</control>
		<control type="group">
			<include content="DialogBackgroundCommonsNoBackgroundFS">
				<param name="DialogHeaderWidth" value="1920" />
				<param name="DialogHeaderLabelWidth" value="1830" />
				<param name="DialogHeaderLabel" value="$VAR[GameDialogsHeaderLabel]" />
				<param name="DialogHeaderId" value="" />
			</include>
		</control>
		
		<include condition="Window.Is(GameControllers)">DialogGameControllers</include>
		<include condition="Window.Is(GamePorts)">DialogGameControllersPorts</include>
		<include condition="Window.Is(GameAgents)">GameDialogAgents</include>
		
	<include condition="Skin.HasSetting(EnableSkinDebugOutput)">DebugOverlay</include><!-- WRAPPER STOP --></control><!-- WRAPPER STOP --></controls>
</window>
