<?xml version="1.0" encoding="UTF-8"?>
<!-- Kodi 20+ MyFavourites.xml aka FavouritesBrowser -->
<window>
	<defaultcontrol always="true">450</defaultcontrol>
	<menucontrol>7000</menucontrol>
	<onload condition="!Skin.HasSetting(FirstTimeRun)">ActivateWindow(1112)</onload>
	<views>450</views>
	
	<controls><!-- WRAPPER START --><control type="group"><centerleft>50%</centerleft><centertop>50%</centertop><width>1920</width><height>1080</height><!-- WRAPPER START -->
		
		<include>BehindDialogDarkBackgroundDarkest</include>
		<control type="group">
			<left>246</left>
			<depth>DepthDialog+</depth>
			<include>Window_OpenClose_Animation</include>
			<control type="label">
				<left>21</left>
				<top>45</top>
				<width>1356</width>
				<height>45</height>
				<font>Light28</font>
				<textcolor>grey</textcolor>
				<align>center</align>
				<aligny>center</aligny>
				<label>$LOCALIZE[1036]</label>
			</control>
			
			<control type="group">
				
				<visible>Integer.IsGreater(Container(450).NumItems,0)</visible>
				
				<include>MyFavoritesLayout</include>
			</control>
			
		</control>
		
		<control type="group">
			
			<left>-429</left>
			
			<include>SideBladeLeft</include>
			
			<control type="grouplist" id="7000">
				<include>SideBladeLeftFadeInAni</include>
				<left>24</left>
				<top>90</top>
				<width>375</width>
				<height>975</height>
				<onleft>7000</onleft>
				<onright>450</onright>
				<onup>7000</onup>
				<ondown>7000</ondown>
				<onback>450</onback>
				<itemgap>0</itemgap>
				
				<control type="label" id="200">
					<width>375</width>
					<height>53</height>
					<font>Light18</font>
					<label>31006</label>
					<textcolor>blue</textcolor>
					<align>center</align>
					<aligny>center</aligny>
				</control>
				<control type="button" id="2">
					<description>View As button</description>
					<textwidth>353</textwidth>
					<include>ButtonCommonValues</include>
					<label></label>
				</control>
				<control type="button" id="3">
					<description>Sort by button</description>
					<include>ButtonCommonValues</include>
					<label>103</label>
				</control>
				<control type="togglebutton" id="4">
					<description>Sort asc</description>
					<include>ButtonCommonValues</include>
					<alttexturefocus border="14" colordiffuse="$VAR[accentColorDiffuseForNeutralTextures]">button-focus-neutral.png</alttexturefocus>
					<alttexturenofocus></alttexturenofocus>
					<label>31051</label>
					<altlabel>31050</altlabel>
					<usealttexture>Container.SortDirection(Ascending)</usealttexture>
				</control>
				<control type="edit" id="19">
					<visible>Container.CanFilter + !Container.CanFilterAdvanced</visible>
					<description>Filter</description>
					<textwidth>345</textwidth>
					<include>ButtonCommonValues</include>
					<label>587</label>
				</control>
				<include>CommonNowPlaying_Controls</include>
			</control>
		</control>
		
		
		
		<include condition="Integer.IsLess(Window(Home).Property(CinemaHelper.GetSettingValue.lookandfeel.skinzoom),0) | !String.IsEqual(Skin.AspectRatio,16:9)">SkinOutOfBoundsMasks</include>
		
		
		
	<include condition="Skin.HasSetting(EnableSkinDebugOutput)">DebugOverlay</include><!-- WRAPPER STOP --></control><!-- WRAPPER STOP --></controls>
</window>
