<?xml version="1.0" encoding="UTF-8"?>
<window>
	<defaultcontrol always="true">50</defaultcontrol>
	<menucontrol>7000</menucontrol>
	<views>50</views>
	
	<controls><!-- WRAPPER START --><control type="group"><centerleft>50%</centerleft><centertop>50%</centertop><width>1920</width><height>1080</height><!-- WRAPPER START -->
		
		<include>CommonBackground</include>
		<include>ContentPanelBackgrounds</include>
		
		
		
		<control type="group">
			<description>Small Media Window</description>
			<left>795</left>
			<top>120</top>
			<include>VisibleFadeEffect</include>
			<include>Window_OpenClose_Animation</include>
			
			
			
		</control>
		<control type="group">
			<include>Window_OpenClose_Animation</include>
			<description>TV Channels group</description>
			<include>VisibleFadeEffect</include>
			
			
			<control type="group">
				<left>825</left>
				<top>176</top>
				<visible>Control.IsVisible(50) + !RDS.HasRDS</visible>
				<control type="image">
					<left>0</left>
					<top>0</top>
					<width>150</width>
					<height>150</height>
					<texture fallback="_added_img/icons/pvr_channellist_fallback.png">$INFO[ListItem.Art(thumb)]</texture>
					<aspectratio aligny="center" align="center">keep</aspectratio>
				</control>
			</control>
			
			
			<control type="group">
				<left>795</left>
				<top>191</top>
				<visible>Control.IsVisible(50) + !RDS.HasRDS</visible>
				
				<control type="group">
					<left>180</left>
					<top>20</top>
					
					<control type="label">
						<left>30</left>
						<top>0</top>
						<width>792</width>
						<height>30</height>
						<font>Regular20</font>
						<textcolor>white</textcolor>
						<scroll>false</scroll>
						<align>left</align>
						<aligny>center</aligny>
						<label>$INFO[Container(50).ListItem.Title]</label>
					</control>
					
					<control type="label">
						<left>29</left>
						<top>55</top>
						<width>90</width>
						<height>30</height>
						<align>left</align>
						<aligny>center</aligny>
						<font>Regular13</font>
						<textcolor>blue</textcolor>
						<visible>Container(50).ListItem.HasEpg</visible>
						<label>$INFO[Container(50).ListItem.StartTime]</label>
					</control>
					
					<control type="image">
						<left>30</left>
						<top>45</top>
						<width>3</width>
						<height>9</height>
						<texture colordiffuse="30FFFFFF">osd/progress/progress-9px-start-end.png</texture>
						<visible>Container(50).ListItem.HasEpg</visible>
					</control>
					<control type="image">
						<left>819</left>
						<top>45</top>
						<width>3</width>
						<height>9</height>
						<texture colordiffuse="30FFFFFF" flipx="true">osd/progress/progress-9px-start-end.png</texture>
						<visible>Container(50).ListItem.HasEpg</visible>
					</control>
					
					<control type="image">
						<left>30</left>
						<top>45</top>
						<width>3</width>
						<height>9</height>
						<texture colordiffuse="EBFFFFFF">osd/progress/progress-9px-start-end.png</texture>
						<visible>Container(50).ListItem.HasEpg</visible>
					</control>
					<control type="image">
						<left>819</left>
						<top>45</top>
						<width>3</width>
						<height>9</height>
						<texture colordiffuse="EBFFFFFF" flipx="true">osd/progress/progress-9px-start-end.png</texture>
						<visible>Container(50).ListItem.HasEpg + Integer.IsGreater(Container(50).ListItem.Progress,99)</visible>
					</control>
					
					<control type="progress">
						<description>Progressbar</description>
						<left>33</left>
						<top>45</top>
						<width>786</width>
						<height>9</height>
						<visible>Container(50).ListItem.HasEpg</visible>
						<info>Container(50).ListItem.Progress</info>
						<include>progressBarStyleDefault</include>
					</control>
					
					<control type="label">
						<left>735</left>
						<top>55</top>
						<width>90</width>
						<height>30</height>
						<align>right</align>
						<aligny>center</aligny>
						<font>Regular13</font>
						<textcolor>blue</textcolor>
						<visible>Container(50).ListItem.HasEpg</visible>
						<label>$INFO[Container(50).ListItem.EndTime]</label>
					</control>
					
					<control type="label">
						<left>180</left>
						<top>90</top>
						<width>642</width>
						<height>30</height>
						<font>Light17</font>
						<textcolor>grey2</textcolor>
						<align>right</align>
						<aligny>center</aligny>
						<scroll>false</scroll>
						<visible>!String.IsEmpty(Container(50).ListItem.NextTitle)</visible>
						<label>$INFO[Container(50).ListItem.NextTitle,$LOCALIZE[19031]:  ]</label>
					</control>
					
				</control>
				
				
				
				<control type="textbox">
					<description>Plot Value for TVShow</description>
					<left>30</left>
					<top>200</top>
					<width>900</width>
					<height>583</height>
					<font>Light18+</font>
					<align>left</align>
					<textcolor>white</textcolor>
					<pagecontrol>77</pagecontrol>
					<label>$VAR[PVRRecordingPlot] </label>
					<!-- trailing space needed for scrollbar to hide correctly when empty -->
				</control>
				
				<control type="scrollbar" id="77">
					<animation effect="fade" end="75" time="0" condition="true">Conditional</animation>
					<left>993</left>
					<top>200</top>
					<include>scrollBarStyleDefaultWidth</include>
					<height>583</height>
					<onleft>50</onleft>
					<onright>77</onright>
					<showonepage>false</showonepage>
					<include>scrollBarStyleDefault</include>
				</control>
				
				
				
			</control>
			<control type="group">
				<control type="list" id="50">
					<left>105</left>
					<top>111</top>
					<width>591</width>
					<height>864</height>
					<onleft>100</onleft>
					<onright>70</onright>
					<onup>50</onup>
					<ondown>50</ondown>
					<viewtype label="535">list</viewtype>
					<pagecontrol>70</pagecontrol>
					<include>SimpleListViewsScrollTime</include>
					
					<itemlayout height="96" width="591">
						<control type="label">
							<left>8</left>
							<top>0</top>
							<width>60</width>
							<height>93</height>
							<font>Regular17</font>
							<align>center</align>
							<aligny>center</aligny>
							<textcolor>blue</textcolor>
							<selectedcolor>selected</selectedcolor>
							<info>ListItem.ChannelNumberLabel</info>
						</control>
						<control type="label">
							<left>162</left>
							<top>3</top>
							<width>405</width>
							<height>38</height>
							<font>Regular20</font>
							<textcolor>white</textcolor>
							<selectedcolor>selected</selectedcolor>
							<align>left</align>
							<aligny>center</aligny>
							<label>$INFO[ListItem.Label]</label>
						</control>
						<control type="label">
							<left>162</left>
							<top>41</top>
							<width>420</width>
							<height>30</height>
							<font>Light17</font>
							<textcolor>grey</textcolor>
							<selectedcolor>grey</selectedcolor>
							<align>left</align>
							<aligny>center</aligny>
							<label>$INFO[ListItem.Title]</label>
						</control>
						
						<!-- semi transparent base bar -->
						<control type="image">
							<left>163</left>
							<top>75</top>
							<width>2</width>
							<height>6</height>
							<texture colordiffuse="1BFFFFFF">osd/progress/progress-6px-start-end.png</texture>
							<visible>ListItem.HasEpg</visible>
						</control>
						<control type="image">
							<left>579</left>
							<top>75</top>
							<width>2</width>
							<height>6</height>
							<texture colordiffuse="1BFFFFFF" flipx="true">osd/progress/progress-6px-start-end.png</texture>
							<visible>ListItem.HasEpg</visible>
						</control>
						<control type="image">
							<left>165</left>
							<top>75</top>
							<width>414</width>
							<height>6</height>
							<texture colordiffuse="1BFFFFFF">osd/progress/progress-bg.png</texture>
							<visible>ListItem.HasEpg</visible>
						</control>
						
						<!-- filled progress bar -->
						<control type="image">
							<left>163</left>
							<top>75</top>
							<width>2</width>
							<height>6</height>
							<texture colordiffuse="6EFFFFFF">osd/progress/progress-6px-start-end.png</texture>
							<visible>ListItem.HasEpg</visible>
						</control>
						<control type="image">
							<left>579</left>
							<top>75</top>
							<width>2</width>
							<height>6</height>
							<texture colordiffuse="6EFFFFFF" flipx="true">osd/progress/progress-6px-start-end.png</texture>
							<visible>ListItem.HasEpg + Integer.IsGreater(ListItem.Progress,99)</visible>
						</control>
						<control type="image">
							<left>165</left>
							<top>75</top>
							<width>414</width>
							<height>6</height>
							<texture colordiffuse="6EFFFFFF">osd/progress/progress-mid-2px.png</texture>
							<include>ListItemProgressScaling</include>
							<visible>ListItem.HasEpg</visible>
						</control>
						<control type="image">
							<left>72</left>
							<top>6</top>
							<width>81</width>
							<height>81</height>
							<texture fallback="DefaultPVRChannels.png">$INFO[ListItem.Art(thumb)]</texture>
							<!-- colors/white.png -->
							<aspectratio>keep</aspectratio>
						</control>
						<control type="image">
							<left>133</left>
							<top>68</top>
							<width>22</width>
							<height>22</height>
							<aspectratio>keep</aspectratio>
							<texture>PVR-IsRecording.png</texture>
							<visible>ListItem.IsRecording</visible>
						</control>
					</itemlayout>
					
					<focusedlayout height="96" width="591">
						<control type="image">
							<left>0</left>
							<top>0</top>
							<width>591</width>
							<height>95</height>
							<texture border="12" colordiffuse="$VAR[accentColorDiffuseForNeutralTextures]">MenuItemFO-rounded-10px-neutral.png</texture>
							<visible>Control.HasFocus(50)</visible>
							<include>VisibleFadeEffect</include>
							<include>FocusAnimationType1</include>
						</control>
						<control type="image">
							<left>0</left>
							<top>0</top>
							<width>166</width>
							<height>95</height>
							<texture border="12" colordiffuse="FF000000">colors/white_border11l_-10r.png</texture>
							<animation effect="fade" end="25" time="0" condition="true">Conditional</animation>
							<visible>Control.HasFocus(50)</visible>
							<include>VisibleFadeEffect</include>
							<include>FocusAnimationType1</include>
						</control>
						
						<control type="label">
							<left>8</left>
							<top>0</top>
							<width>60</width>
							<height>93</height>
							<font>Regular17</font>
							<align>center</align>
							<aligny>center</aligny>
							<textcolor>blue</textcolor>
							<selectedcolor>selected</selectedcolor>
							<info>ListItem.ChannelNumberLabel</info>
						</control>
						<control type="label">
							<left>162</left>
							<top>3</top>
							<width>405</width>
							<height>38</height>
							<font>Regular20</font>
							<textcolor>white</textcolor>
							<selectedcolor>selected</selectedcolor>
							<align>left</align>
							<aligny>center</aligny>
							<label>$INFO[ListItem.Label]</label>
							<scroll>false</scroll>
						</control>
						<control type="label">
							<left>162</left>
							<top>41</top>
							<width>420</width>
							<height>30</height>
							<font>Light17</font>
							<textcolor>grey</textcolor>
							<selectedcolor>grey</selectedcolor>
							<align>left</align>
							<aligny>center</aligny>
							<label>$INFO[ListItem.Title]</label>
							<scroll>false</scroll>
						</control>
						
						<!-- semi transparent base bar -->
						<control type="image">
							<left>163</left>
							<top>75</top>
							<width>2</width>
							<height>6</height>
							<texture colordiffuse="1BFFFFFF">osd/progress/progress-6px-start-end.png</texture>
							<visible>ListItem.HasEpg</visible>
						</control>
						<control type="image">
							<left>579</left>
							<top>75</top>
							<width>2</width>
							<height>6</height>
							<texture colordiffuse="1BFFFFFF" flipx="true">osd/progress/progress-6px-start-end.png</texture>
							<visible>ListItem.HasEpg</visible>
						</control>
						<control type="image">
							<left>165</left>
							<top>75</top>
							<width>414</width>
							<height>6</height>
							<texture colordiffuse="1BFFFFFF">osd/progress/progress-bg.png</texture>
							<visible>ListItem.HasEpg</visible>
						</control>
						
						<!-- filled progress bar -->
						<control type="image">
							<left>163</left>
							<top>75</top>
							<width>2</width>
							<height>6</height>
							<texture colordiffuse="91FFFFFF">osd/progress/progress-6px-start-end.png</texture>
							<visible>ListItem.HasEpg</visible>
						</control>
						<control type="image">
							<left>579</left>
							<top>75</top>
							<width>2</width>
							<height>6</height>
							<texture colordiffuse="91FFFFFF" flipx="true">osd/progress/progress-6px-start-end.png</texture>
							<visible>ListItem.HasEpg + Integer.IsGreater(ListItem.Progress,99)</visible>
						</control>
						<control type="image">
							<left>165</left>
							<top>75</top>
							<width>414</width>
							<height>6</height>
							<texture colordiffuse="91FFFFFF">osd/progress/progress-mid-2px.png</texture>
							<include>ListItemProgressScaling</include>
							<visible>ListItem.HasEpg</visible>
						</control>
						<control type="image">
							<left>72</left>
							<top>6</top>
							<width>81</width>
							<height>81</height>
							<texture fallback="DefaultPVRChannels.png">$INFO[ListItem.Art(thumb)]</texture>
							<aspectratio>keep</aspectratio>
						</control>
						<control type="image">
							<left>133</left>
							<top>68</top>
							<width>22</width>
							<height>22</height>
							<aspectratio>keep</aspectratio>
							<texture>PVR-IsRecording.png</texture>
							<visible>ListItem.IsRecording</visible>
						</control>
					</focusedlayout>
					
				</control>
				<control type="scrollbar" id="70">
					<left>717</left>
					<top>111</top>
					<include>scrollBarStyleDefaultWidth</include>
					<height>863</height>
					<onleft>50</onleft>
					<onright>77</onright>
					<showonepage>false</showonepage>
					<include>scrollBarStyleDefault</include>
				</control>
			</control>
			<control type="group">
				<left>855</left>
				<top>117</top>
				<visible>RDS.HasRDS</visible>
				<control type="image">
					<left>788</left>
					<top>-5</top>
					<width>156</width>
					<height>60</height>
					<visible>!RDS.HasRadioText</visible>
					<texture>flagging/rds/rds-logo.png</texture>
				</control>
				<control type="image">
					<left>788</left>
					<top>-5</top>
					<width>156</width>
					<height>51</height>
					<visible>RDS.HasRadioText + !RDS.HasRadioTextPlus</visible>
					<texture>flagging/rds/rds-radiotext-logo.png</texture>
				</control>
				<control type="image">
					<left>788</left>
					<top>-5</top>
					<width>156</width>
					<height>60</height>
					<visible>RDS.HasRadioTextPlus</visible>
					<texture>flagging/rds/rds-radiotext-plus-logo.png</texture>
				</control>
				
				
				<control type="group">
					<left>78</left>
					<top>120</top>
					
					<control type="label">
						<left>0</left>
						<top>62</top>
						<width>855</width>
						<height>30</height>
						<font>Regular17</font>
						<textcolor>white</textcolor>
						<align>left</align>
						<aligny>center</aligny>
						<scroll>true</scroll>
						<visible>RDS.HasRDS</visible>
						<label>$INFO[RDS.Getline(3)]</label>
					</control>
					<control type="label">
						<left>0</left>
						<top>98</top>
						<width>855</width>
						<height>30</height>
						<font>Regular17</font>
						<textcolor>white</textcolor>
						<align>left</align>
						<aligny>center</aligny>
						<scroll>true</scroll>
						<visible>RDS.HasRDS</visible>
						<label>$INFO[RDS.Getline(2)]</label>
					</control>
					<control type="label">
						<left>0</left>
						<top>135</top>
						<width>855</width>
						<height>30</height>
						<font>Regular17</font>
						<textcolor>white</textcolor>
						<align>left</align>
						<aligny>center</aligny>
						<scroll>true</scroll>
						<visible>RDS.HasRDS</visible>
						<label>$INFO[RDS.Getline(1)]</label>
					</control>
					<control type="label">
						<left>0</left>
						<top>173</top>
						<width>765</width>
						<height>30</height>
						<font>Regular17</font>
						<textcolor>white</textcolor>
						<align>left</align>
						<aligny>center</aligny>
						<scroll>true</scroll>
						<visible>RDS.HasRDS</visible>
						<label>$INFO[RDS.Getline(0)]</label>
					</control>
				</control>
				
				
				
			</control>
		</control>
		
		
		<!--<include>ScrollOffsetLabel</include>-->
		
		<include>PVRHeader</include>
		
		<include>BehindDialogFadeOut</include>
		
		<control type="image">
			<left>0</left>
			<top>0</top>
			<width>1920</width>
			<height>1080</height>
			<texture>colors/black_70.png</texture>
			<animation effect="fade" time="300">Visible</animation>
			<animation effect="fade" time="150">Hidden</animation>
			<!--
			<visible>Window.IsActive(FileBrowser) | Window.IsActive(PVRGuideInfo) | Window.IsActive(PVRRecordingInfo) | Window.IsActive(PVRTimerSetting) | Window.IsActive(PVRGroupManager) | Window.IsActive(PVRGuideSearch) | 
			Window.IsActive(PVRChannelManager)</visible>
			-->
			<visible>Window.IsActive(FileBrowser) | Window.IsActive(PVRTimerSetting) | Window.IsActive(PVRGroupManager) | Window.IsActive(PVRGuideSearch) | 
			Window.IsActive(PVRChannelManager)</visible>
		</control>
		
		<include>PVRSideBlade</include>
		
		
		
		<include condition="Integer.IsLess(Window(Home).Property(CinemaHelper.GetSettingValue.lookandfeel.skinzoom),0) | !String.IsEqual(Skin.AspectRatio,16:9)">SkinOutOfBoundsMasks</include>
		
		
		
	<include condition="Skin.HasSetting(EnableSkinDebugOutput)">DebugOverlay</include><!-- WRAPPER STOP --></control><!-- WRAPPER STOP --></controls>
</window>
