<?xml version="1.0" encoding="UTF-8" standalone="yes"?>
<addon id="repository.streamedez" name="StreamedEZ Repo" version="1.0.0" provider-name="BlazeyMcBlazeFace">
  <requires>
    <import addon="xbmc.addon" version="12.0.0"/>
  </requires>
  <extension point="xbmc.addon.repository">
    <dir>
	 <info>https://blazeymcblaze.github.io/streamedez/addons.xml</info>
	 <checksum>https://blazeymcblaze.github.io/streamedez/addons.xml.md5</checksum>
	 <datadir>https://blazeymcblaze.github.io/streamedez/repo/</datadir>
	</dir>

  </extension>
  <extension point="xbmc.addon.metadata">
    <summary>StreamedEZ Repository</summary>
    <description>Install and update StreamedEZ add-ons from GitHub Pages.</description>
    <platform>all</platform>
  </extension>
</addon>
