<?xml version="1.0" encoding="UTF-8" standalone="yes"?>
<addon id="script.module.myauth" name="myauthact" version="1.0.7" provider-name="Zaxxon709">
    <extension point="xbmc.python.pluginsource" library="default.py">
    <extension point="xbmc.addon.metadata">
    </extension>
        <summary lang="en">View Accounts</summary>
        <description lang="en">Account Manager Dependency</description>
        <platform>all</platform>
        <reuselanguageinvoker>false</reuselanguageinvoker>
        <source>https://</source>
    </extension>
</addon>
