<?xml version="1.0" encoding="UTF-8" standalone="yes"?>
<addon id="repository.gsource" name="[COLOR lime]G-Source Repository[/COLOR]" version="2.0.0" provider-name="G-Man">
<extension point="xbmc.addon.repository" name="G-Source Repository">
    <dir>
        <info compressed="false">https://raw.githubusercontent.com/mrgsi/repository.gsource/master/addons.xml</info>       <checksum>https://raw.githubusercontent.com/mrgsi/repository.gsource/master/addons.xml.md5</checksum>
        <datadir zip="true">https://raw.githubusercontent.com/mrgsi/repository.gsource/master/</datadir>
    </dir>   
    <dir>
        <info compressed="false">https://github.com/mrgsi/repository.freeg/raw/master/addons.xml</info>
        <checksum>https://github.com/mrgsi/repository.freeg/raw/master/addons.xml.md5</checksum>
        <datadir zip="true">https://raw.githubusercontent.com/mrgsi/repository.freeg/master/</datadir>
    </dir>  
    <dir>
        <info compressed="false">https://github.com/mrgsi/repository.wnt2/raw/master/addons.xml</info>
        <checksum>https://github.com/mrgsi/repository.wnt2/raw/master/addons.xml.md5</checksum>
        <datadir zip="true">https://raw.githubusercontent.com/mrgsi/repository.wnt2/master/</datadir>
    </dir>  
    <dir>
		<info>https://raw.github.com/pkscout/repository.skins.pkscout/nexus/addons.xml</info>
		<checksum>https://raw.github.com/pkscout/repository.skins.pkscout/nexus/addons.xml.md5</checksum>
		<datadir zip="true">https://raw.github.com/pkscout/repository.skins.pkscout/nexus/download</datadir>
		<artdir>https://raw.github.com/pkscout/repository.skins.pkscout/nexus/download</artdir>
	</dir>
    <dir>
		<info compressed="false">https://raw.githubusercontent.com/Gujal00/smrzips/master/addons.xml</info>
		<checksum>https://raw.githubusercontent.com/Gujal00/smrzips/master/addons.xml.md5</checksum>
		<datadir zip="true">https://raw.githubusercontent.com/Gujal00/smrzips/master/zips/</datadir>
    </dir>
    <dir>
        <info compressed="true">https://github.com/zach-morris/repository.zachmorris/raw/master/addons.xml</info>
        <checksum>https://github.com/zach-morris/repository.zachmorris/raw/master/addons.xml.md5</checksum>
        <datadir zip="true">https://raw.githubusercontent.com/zach-morris/repository.zachmorris/master/</datadir>
    </dir>
    <dir minversion="18.9.0">
        <info compressed="false">https://raw.github.com/jmooremcc/Repository.jmooremcc/master/addons.xml</info> <checksum>https://raw.github.com/jmooremcc/Repository.jmooremcc/master/addons.xml.md5</checksum>
	    <datadir zip="true">https://raw.github.com/jmooremcc/Repository.jmooremcc/master</datadir>
    </dir>
    <dir>
        <info compressed="false">https://github.com/mrgsi/repository.alpha.yt/raw/master/addons.xml</info>
        <checksum>https://github.com/mrgsi/repository.alpha.yt/raw/master/addons.xml.md5</checksum>
        <datadir zip="true">https://raw.githubusercontent.com/mrgsi/repository.alpha.yt/master/</datadir>
    </dir>  
    <dir>
	    <info compressed="false">https://raw.githubusercontent.com/akeotaseo/World-Repo-Repository/main/addons.xml</info>
		<checksum>https://raw.githubusercontent.com/akeotaseo/World-Repo-Repository/main/addons.xml.md5</checksum>
		<datadir zip="true">https://raw.githubusercontent.com/akeotaseo/World-Repo-Repository/main/</datadir>
    </dir>
</extension>
<extension point="xbmc.addon.metadata">
	<summary>For Kodi 19 and above</summary>
    <description>Find Repos and Add-ons for Kodi 19 and up.[CR]Contains the "Repo Source Installer" program add-on.</description>
    <platform>all</platform>
    <assets>
        <icon>icon.png</icon>
    </assets>
</extension>
</addon>