<?xml version="1.0" encoding="UTF-8" standalone="yes"?>
<addon id="script.elementum.jackett" name="Elementum [COLOR FFFF6B00]Jackett[/COLOR]" version="0.0.1" provider-name="fugkco">
    <requires>
        <import addon="xbmc.python" version="2.1.0"/>
        <import addon="plugin.video.elementum"/>
        <import addon="script.module.urllib3"/>
    </requires>
    <extension point="xbmc.python.script" library="jackett.py">
        <provides>executable</provides>
    </extension>
    <extension point="xbmc.addon.metadata">
        <summary lang="en">Elementum torrents provider</summary>
        <description lang="en">Elementum Jackett is a provider that connects Elementum to Jacket. You need to run your own Jackett server.</description>
        <license>WTFPL, Version 2</license>
        <website>https://github.com/fugkco/script.elementum.jackett</website>
        <source>https://github.com/fugkco/script.elementum.jackett</source>
        <assets>
            <icon>resources/images/icon.png</icon>
        </assets>
    </extension>
</addon>
