<?xml version="1.0" encoding="UTF-8" standalone="yes"?>
<addon
	id="service.languagepreferencemanager"
	name="Language Preference Manager"
	version="1.0.6"
	provider-name="ace20022/scott967/rockrider69"
	>
	<requires>
		<import addon="xbmc.python" version="3.0.0"/>
	</requires>
	<extension point="xbmc.service" library="default.py"/>
	<extension point="xbmc.python.script" library="default.py">
		<provides>executable</provides>
	</extension>
	<extension point="xbmc.addon.metadata">
		<summary lang="en_GB">Language Preference Manager</summary>
		<description lang="en_GB">Sets the audio and subtitle track according to your language preferences</description>
		<disclaimer lang="en_GB">For bugs, requests or general questions visit the Language Preference Manager thread on the Kodi forum.</disclaimer>
		<news>1.0.6     : - New option to store persistent media preferences on a per TVshow/Movie basis, based on user selection.
	These override calculated preferences - See README for more (Thanks to SgtJalau!)
- Consider empty subtitle language code as und/Undefined so it can still be prioritized in rules, not just ignored
- Adding Swedish translastion (Thanks to Yeager)
			
		</news>
		<assets>
			<icon>resources/icon.png</icon>
			<fanart>resources/fanart.jpg</fanart>
		</assets>
	</extension>
</addon>
