<?xml version="1.0" encoding="UTF-8"?>
<window>
	<defaultcontrol>3</defaultcontrol>
	<include>Animation_DialogPopupOpenClose</include>
	<controls>
		<control type="group">
			<centertop>50%</centertop>
			<height>850</height>
			<centerleft>50%</centerleft>
			<width>1820</width>
			<include>Animation_DialogPopupVisible</include>
			<include content="DialogBackgroundCommons">
				<param name="width" value="1820" />
				<param name="height" value="850" />
				<param name="header_label" value="" />
				<param name="header_id" value="2" />
			</include>
			<control type="grouplist" id="3">
				<description>Categories Area</description>
				<left>29</left>
				<top>80</top>
				<width>400</width>
				<height>660</height>
				<itemgap>-25</itemgap>
				<orientation>vertical</orientation>
				<onleft>9000</onleft>
				<onright>5</onright>
				<onup>3</onup>
				<ondown>20</ondown>
			</control>
			<control type="button" id="10">
				<description>Default Category Button</description>
				<height>120</height>
				<width>390</width>
				<textoffsetx>40</textoffsetx>
				<align>center</align>
				<aligny>center</aligny>
				<font>font25_title</font>
				<texturenofocus border="40">buttons/dialogbutton-nofo.png</texturenofocus>
			</control>
			<control type="image">
				<left>410</left>
				<top>80</top>
				<width>1100</width>
				<height>680</height>
				<texture border="40">buttons/dialogbutton-nofo.png</texture>
			</control>
			<control type="grouplist" id="5">
				<description>control area</description>
				<left>429</left>
				<top>100</top>
				<width>1060</width>
				<height>640</height>
				<onleft>3</onleft>
				<onright>60</onright>
				<onup>5</onup>
				<ondown>5</ondown>
				<pagecontrol>60</pagecontrol>
			</control>
			<control type="textbox" id="6">
				<description>item help text area</description>
				<left>434</left>
				<top>742</top>
				<width>1050</width>
				<height>105</height>
				<font>font12</font>
				<align>justify</align>
				<textcolor>$VAR[SkinColorVar]</textcolor>
				<autoscroll time="3000" delay="5000" repeat="5000">true</autoscroll>
			</control>
			<control type="scrollbar" id="60">
				<left>1489</left>
				<top>100</top>
				<width>12</width>
				<height>640</height>
				<orientation>vertical</orientation>
				<onleft>5</onleft>
				<onright>9000</onright>
				<animation effect="fade" start="0" end="100" delay="300" time="320">WindowOpen</animation>
				<animation effect="fade" start="100" end="0" time="150">WindowClose</animation>
			</control>
			<control type="button" id="7">
				<description>Default Button</description>
				<include>DefaultSettingButton</include>
			</control>
			<control type="radiobutton" id="8">
				<description>Default RadioButton</description>
				<include content="DefaultSettingButton">
					<param name="textwidth" value="880" />
				</include>
			</control>
			<control type="spincontrolex" id="9">
				<description>Default SpinControlex</description>
				<include content="DefaultSettingButton">
					<param name="textwidth" value="680" />
				</include>
			</control>
			<control type="image" id="11">
				<description>separator image</description>
				<height>3</height>
				<texture colordiffuse="AAAAAAAA" border="3">dialogs/separator-grey.png</texture>
			</control>
			<control type="edit" id="12">
				<include>DefaultSettingButton</include>
			</control>
			<control type="sliderex" id="13">
				<description>Default Slider</description>
				<include content="DefaultSettingButton">
					<param name="textwidth" value="680" />
				</include>
			</control>
			<control type="label" id="14">
				<description>Default Label</description>
				<include>DefaultSettingLabel</include>
			</control>
			<control type="colorbutton" id="15">
				<description>Default Colorbutton</description>
				<include>DefaultSettingButton</include>
			</control>
			<control type="grouplist" id="9000">
				<left>1510</left>
				<top>80</top>
				<orientation>vertical</orientation>
				<width>300</width>
				<height>300</height>
				<itemgap>-10</itemgap>
				<onleft>60</onleft>
				<onright>3</onright>
				<include content="DefaultDialogButton">
					<param name="id" value="28" />
					<param name="label" value="" />
				</include>
				<include content="DefaultDialogButton">
					<param name="id" value="29" />
					<param name="label" value="" />
				</include>
				<include content="DefaultDialogButton">
					<param name="id" value="30" />
					<param name="label" value="" />
				</include>
			</control>
		</control>
		<control type="radiobutton" id="20">
			<width>350</width>
			<left>100</left>
			<bottom>150</bottom>
			<height>70</height>
			<aligny>center</aligny>
			<onclick>SettingsLevelChange</onclick>
			<textoffsetx>100</textoffsetx>
			<textoffsety>0</textoffsety>
			<textwidth>220</textwidth>
			<texturefocus colordiffuse="$VAR[SkinColorVar]">colors/white.png</texturefocus>
			<texturenofocus />
			<radioposx>40</radioposx>
			<radioposy>0</radioposy>
			<radiowidth>40</radiowidth>
			<radioheight>40</radioheight>
			<onleft>9000</onleft>
			<onright>5</onright>
			<onup>3</onup>
			<ondown>3</ondown>
			<textureradioonfocus>icons/settings.png</textureradioonfocus>
			<textureradioonnofocus>icons/settings.png</textureradioonnofocus>
			<textureradioofffocus>icons/settings.png</textureradioofffocus>
			<textureradiooffnofocus>icons/settings.png</textureradiooffnofocus>
		</control>
</controls>
</window>