<?xml version="1.0" encoding="UTF-8" standalone="yes"?>
<addon id="script.realdebrid" name="RealDebrid" version="0.7" provider-name="ptom, peno">
    <requires>
        <import addon="script.module.requests" version="2.3.0"/>
    </requires>
    <extension point="xbmc.python.pluginsource" library="default.py">
	<provides>video</provides>
    </extension>
    <extension point="kodi.context.item">
        <menu id="kodi.core.main">
          <item library="addon.py">
            <label>Play using RealDebrid</label>
            <visible>Container.Content(episodes) | Container.Content(movies)</visible>
          </item>
        </menu>
    </extension>
    <extension point="xbmc.python.module" library="lib" />
    <extension point="xbmc.addon.metadata">
	<description lang="en">Unofficial RealDebrid client. Manage your torrents, unrestricted links and view host statuses all within Kodi.</description>
        <summary>Unofficial RealDebrid client. Manage your torrents, unrestricted links and view host statuses all within Kodi.</summary>
        <news>v0.6 - Made it Matrix complient + several fixes</news>
	<platform>all</platform>
	<language>en</language>
        <assets>
    		<icon>icon.png</icon>
    		<fanart>fanart.png</fanart>
        </assets>
    </extension>
</addon>
