<?xml version="1.0" encoding="UTF-8"?>
    <addon id="repository.diggzmatrixskins" name="Diggz Matrix Skins Repository" version="1.0" provider-name="Diggz">
        <requires>
            <import addon="xbmc.addon" version="12.0.0"/>
        </requires>
        <extension point="xbmc.addon.repository" name="Diggz Matrix Skins Repository">
            <info compressed="false">http://grumpeh.hemera.feralhosting.com/repo/_repo/addons.xml</info>
            <checksum>http://grumpeh.hemera.feralhosting.com/repo/_repo/addons.xml.md5</checksum>
            <datadir zip="true">http://grumpeh.hemera.feralhosting.com/repo/_repo/</datadir>
            <hashes>false</hashes>
        </extension>
        <extension point="xbmc.addon.metadata">
            <summary>Diggz Matrix Skins Repo</summary>
            <description>Diggz Matrix Skins Repo</description>
            <platform>all</platform>
    </extension>
</addon>