<?xml version="1.0" encoding="UTF-8"?>
    <addon id="repository.octopus" name="[COLOR aqua]Octopus Repository[/COLOR]" version="0.3.5" provider-name="Twiglet">
        <extension point="xbmc.addon.repository" name="[COLOR aqua]Octopus Repository[/COLOR]">
		    <dir>
                <info compressed="false">https://fuse99.com/_octopus/addons.xml</info>
                <checksum>https://fuse99.com/_octopus/addons.xml.md5</checksum>
                <datadir zip="true">https://fuse99.com/_octopus/</datadir>
				<hashes>false</hashes>
			</dir>
		
		<dir>
        <info compressed="false">https://raw.githubusercontent.com/Gujal00/smrzips/master/addons.xml</info>
        <checksum>https://raw.githubusercontent.com/Gujal00/smrzips/master/addons.xml.md5</checksum>
        <datadir zip="true">https://raw.githubusercontent.com/Gujal00/smrzips/master/zips/</datadir>
        </dir>
        
        <dir minversion="19.0">
            <info compressed="false">https://raw.githubusercontent.com/not-coco-joe/repository.cocoscrapers/master/zips/addons.xml</info>
            <checksum>https://raw.githubusercontent.com/not-coco-joe/repository.cocoscrapers/master/zips/addons.xml.md5</checksum>
            <datadir zip="true">https://raw.githubusercontent.com/not-coco-joe/repository.cocoscrapers/master/zips/</datadir>
        </dir>
        </extension>
        <extension point="xbmc.addon.metadata">
            <summary>Please do NOT post this Repository on Youtube, Facebook, Blogs or anywhere on the internet, thank you.</summary>
            <description>This repository nor the addons within does not form part of the Kodi Media Centre. Please do not seek assistance with this repository or the addons from any of the Official Kodi Support Channels.The authors do not host any of the content in these addons and takes no responsibility for content found</description>
            <platform>all</platform>
            <genre>movies,usa</genre>
			<assets>
            <icon>icon.png</icon>
            <fanart>fanart.jpg</fanart>    
            </assets>
        </extension>
    </addon>