<?xml version="1.0" encoding="utf-8" standalone="yes"?>
<window>
	<allowoverlay>no</allowoverlay>
	<coordinates>
		<system>1</system>
		<posx>0</posx>
		<posy>0</posy>
	</coordinates>
	<controls>
	
		<control type="image">
			<depth>DepthBackground</depth>
			<left>0</left>
			<top>0</top>
			<width>1280</width>
		    <height>720</height>
			<aspectratio>scale</aspectratio>
			<texture colordiffuse="$INFO[Skin.String(rcb_background)]">rcb-background.png</texture>
		</control>
	
		<!-- background -->
		<control type="image" id="75">
		    <description>background image</description>
		    <posx>0</posx>
		    <posy>0</posy>
		    <width>1280</width>
		    <height>720</height>
			<!--<aspectratio>scale</aspectratio>-->
			<texture background="true" colordiffuse="$INFO[Skin.String(rcb_background_diffuse)]">$INFO[Container(8200).ListItem.Art(background)]</texture>
		</control>
		
		<control type="label">
			<description>header label</description>
			<posx>0</posx>
			<posy>60</posy>
			<width>100%</width>
			<height>40</height>
			<font>font35_title</font>
			<label>$INFO[Container(8200).ListItem.Label]</label>
			<align>center</align>
			<aligny>center</aligny>
			<textcolor>$INFO[Skin.String(rcb_text_heading)]</textcolor>
			<shadowcolor>$INFO[Skin.String(rcb_text_shadow)]</shadowcolor>
			<animation effect="fade" start="0" end="100" time="400" delay="400" easing="out">WindowOpen</animation>
			<animation effect="fade" start="100" end="0" time="300" easing="out">WindowClose</animation>
		</control>
		
		<control type="group">
			<posx>425</posx>
			<posy>180</posy>
			<animation effect="slide" start="1100,0" end="0,0" time="400" tween="quadratic" easing="out">WindowOpen</animation>
			<animation effect="slide" start="0,0" end="1100,0" time="400" tween="quadratic" easing="out">WindowClose</animation>
			
			<control type="image">
				<texture colordiffuse="$INFO[Skin.String(rcb_panel_info)]">rcb-panel.png</texture>
				<posx>0</posx>
				<posy>-20</posy>	
				<width>400</width>
				<height>400</height>
			</control>
			
			<!-- game description -->
			<control type="textbox" id="8000">
				<description>game desc</description>
				<posx>25</posx>
				<posy>0</posy>
				<width>300</width>
				<height>345</height><!--gameinfo_textbox_height-->
				<font>font12</font>			
				<pagecontrol>8100</pagecontrol>			
				<textcolor>$INFO[Skin.String(rcb_text_value)]</textcolor>
				<align>justify</align>
				<aligny>center</aligny>
				<label>$INFO[Container(8200).ListItem.Property(plot)]</label>
			</control>
			<control type="scrollbar" id="8100">
				<description>GameDesc Scrollbar</description>
				<posx>370</posx>
				<posy>0</posy>
				<width>10</width>
				<height>350</height>
				<visible>Control.IsVisible(8000)</visible>
				<texturesliderbackground colordiffuse="$INFO[Skin.String(rcb_scrollbar_background)]">rcb-scrollbar-background.png</texturesliderbackground>
				<texturesliderbar colordiffuse="$INFO[Skin.String(rcb_scrollbar_nofocus)]">rcb-scrollbar.png</texturesliderbar>
				<texturesliderbarfocus colordiffuse="$INFO[Skin.String(rcb_scrollbar_focus)]">rcb-scrollbar.png</texturesliderbarfocus>
				<textureslidernib></textureslidernib>
				<textureslidernibfocus></textureslidernibfocus>
				<pulseonselect></pulseonselect>
				<orientation>vertical</orientation>
				<showonepage>false</showonepage>
				<onup>8100</onup>
				<ondown>8100</ondown>
				<onleft>3000</onleft>
				<onright>3000</onright>
			</control>
		</control>
		
		
		<control type="group">
			<posx>840</posx>
			<posy>180</posy>
			<animation effect="slide" start="1100,0" end="0,0" time="400" tween="quadratic" easing="out">WindowOpen</animation>
			<animation effect="slide" start="0,0" end="1100,0" time="400" tween="quadratic" easing="out">WindowClose</animation>
			
			<control type="image">
				<texture colordiffuse="$INFO[Skin.String(rcb_panel_info)]">rcb-panel.png</texture>
				<posx>0</posx>
				<posy>-20</posy>	
				<width>400</width>
				<height>400</height>
			</control>
			
			<!-- gameinfoviewgamelist -->
			<control type="group" id="1000">
				<control type="wraplist" id="8200">
					<posx>0</posx>
					<posy>0</posy>
					<width>0</width>
					<height>0</height>
					<onleft>3000</onleft>
					<onright>3000</onright>
					<onup>3000</onup>
					<ondown>3000</ondown>
					<visible>true</visible>
					<viewtype label="Info">wrap</viewtype>
					<scrolltime>200</scrolltime>
					<itemlayout height="0" width="0"/>
					<focusedlayout height="0" width="0">						
					</focusedlayout>
				</control>				
			</control>
			
			<!-- Game info -->
			<control type="label">
				<posx>165</posx>
				<posy>0</posy>
				<width>160</width>
				<height>30</height>
				<align>right</align>
				<aligny>center</aligny>
				<font>font13</font>
				<textcolor>$INFO[Skin.String(rcb_text_label)]</textcolor>
				<label>$ADDON[script.games.rom.collection.browser 32401]:</label>
			</control>
			<control type="label" id="6100">
				<description>Genre value</description>
				<posx>175</posx>
				<posy>0</posy>
				<width>210</width>
				<height>30</height>
				<font>font13</font>
				<scroll>true</scroll>
				<textcolor>$INFO[Skin.String(rcb_text_value)]</textcolor>
				<label>$INFO[Container(8200).ListItem.Property(genre)]</label>
			</control>
			<control type="label">
				<posx>165</posx>
				<posy>30</posy>					
				<width>160</width>
				<height>30</height>
				<align>right</align>
				<aligny>center</aligny>
				<font>font13</font>
				<textcolor>$INFO[Skin.String(rcb_text_label)]</textcolor>
				<label>$ADDON[script.games.rom.collection.browser 32400]:</label>
			</control>
			<control type="label" id="6200">
				<description>Year value</description>
				<posx>175</posx>
				<posy>30</posy>
				<width>300</width>
				<height>30</height>
				<font>font13</font>
				<textcolor>$INFO[Skin.String(rcb_text_value)]</textcolor>
				<label>$INFO[Container(8200).ListItem.Property(year)]</label>
			</control>
			<control type="label">
				<posx>165</posx>
				<posy>60</posy>
				<width>160</width>
				<height>30</height>
				<align>right</align>
				<aligny>center</aligny>
				<font>font13</font>
				<textcolor>$INFO[Skin.String(rcb_text_label)]</textcolor>
				<label>$ADDON[script.games.rom.collection.browser 32402]:</label>
			</control>
			<control type="label" id="6300">
				<description>Publisher value</description>
				<posx>175</posx>
				<posy>60</posy>
				<width>210</width>
				<height>30</height>
				<font>font13</font>
				<scroll>true</scroll>
				<textcolor>$INFO[Skin.String(rcb_text_value)]</textcolor>
				<label>$INFO[Container(8200).ListItem.Property(publisher)]</label>
			</control>
			<control type="label">
				<posx>165</posx>
				<posy>90</posy>
				<width>160</width>
				<height>30</height>
				<align>right</align>
				<aligny>center</aligny>
				<font>font13</font>
				<textcolor>$INFO[Skin.String(rcb_text_label)]</textcolor>
				<label>$ADDON[script.games.rom.collection.browser 32403]:</label>
			</control>
			<control type="label" id="6400">
				<description>Developer value</description>
				<posx>175</posx>
				<posy>90</posy>
				<width>210</width>
				<height>30</height>
				<font>font13</font>
				<scroll>true</scroll>
				<textcolor>$INFO[Skin.String(rcb_text_value)]</textcolor>
				<label>$INFO[Container(8200).ListItem.Property(developer)]</label>
			</control>		
			<control type="label">
				<posx>165</posx>
				<posy>120</posy>
				<width>160</width>
				<height>30</height>
				<align>right</align>
				<aligny>center</aligny>
				<font>font13</font>
				<textcolor>$INFO[Skin.String(rcb_text_label)]</textcolor>
				<label>$ADDON[script.games.rom.collection.browser 32750]:</label>
			</control>
			<control type="label" id="6500">
				<description>Region value</description>
				<posx>175</posx>
				<posy>120</posy>
				<width>300</width>
				<height>30</height>
				<font>font13</font>
				<textcolor>$INFO[Skin.String(rcb_text_value)]</textcolor>
				<label>$INFO[Container(8200).ListItem.Property(region)]</label>
			</control>		
			<control type="label">
				<posx>165</posx>
				<posy>150</posy>
				<width>160</width>
				<height>30</height>
				<align>right</align>
				<aligny>center</aligny>
				<font>font13</font>
				<textcolor>$INFO[Skin.String(rcb_text_label)]</textcolor>
				<label>$ADDON[script.games.rom.collection.browser 32751]:</label>
			</control>
			<control type="label" id="6600">
				<description>Media value</description>
				<posx>175</posx>
				<posy>150</posy>
				<width>300</width>
				<height>30</height>
				<font>font13</font>
				<textcolor>$INFO[Skin.String(rcb_text_value)]</textcolor>
				<label>$INFO[Container(8200).ListItem.Property(media)]</label>
			</control>
			<control type="label">
				<posx>165</posx>
				<posy>180</posy>
				<width>160</width>
				<height>30</height>
				<align>right</align>
				<aligny>center</aligny>
				<font>font13</font>
				<textcolor>$INFO[Skin.String(rcb_text_label)]</textcolor>
				<label>$ADDON[script.games.rom.collection.browser 32752]:</label>
			</control>
			<control type="label" id="6700">
				<description>Controller value</description>
				<posx>175</posx>
				<posy>180</posy>
				<width>300</width>
				<height>30</height>
				<font>font13</font>
				<textcolor>$INFO[Skin.String(rcb_text_value)]</textcolor>
				<label>$INFO[Container(8200).ListItem.Property(controllertype)]</label>
			</control>
			<control type="label">
				<posx>165</posx>
				<posy>210</posy>
				<width>160</width>
				<height>30</height>
				<align>right</align>
				<aligny>center</aligny>
				<font>font13</font>
				<textcolor>$INFO[Skin.String(rcb_text_label)]</textcolor>
				<label>$ADDON[script.games.rom.collection.browser 32753]:</label>
			</control>
			<control type="label" id="6800">
				<description>Rating value</description>
				<posx>175</posx>
				<posy>210</posy>
				<width>300</width>
				<height>30</height>
				<font>font13</font>
				<textcolor>$INFO[Skin.String(rcb_text_value)]</textcolor>
				<label>$INFO[Container(8200).ListItem.Property(rating)]</label>
			</control>
			<control type="label">
				<posx>165</posx>
				<posy>240</posy>
				<width>160</width>
				<height>30</height>
				<align>right</align>
				<aligny>center</aligny>
				<font>font13</font>
				<textcolor>$INFO[Skin.String(rcb_text_label)]</textcolor>
				<label>$ADDON[script.games.rom.collection.browser 32754]:</label>
			</control>
			<control type="label" id="7000">
				<description>Players value</description>
				<posx>175</posx>
				<posy>240</posy>
				<width>300</width>
				<height>30</height>
				<font>font13</font>
				<textcolor>$INFO[Skin.String(rcb_text_value)]</textcolor>
				<label>$INFO[Container(8200).ListItem.Property(maxplayers)]</label>
			</control>
			<control type="label">
				<posx>165</posx>
				<posy>270</posy>
				<width>160</width>
				<height>30</height>
				<align>right</align>
				<aligny>center</aligny>
				<font>font13</font>
				<textcolor>$INFO[Skin.String(rcb_text_label)]</textcolor>
				<label>$ADDON[script.games.rom.collection.browser 32755]:</label>
			</control>
			<control type="label" id="7400">
				<description>Launch count value</description>
				<posx>175</posx>
				<posy>270</posy>
				<width>300</width>
				<height>30</height>
				<font>font13</font>
				<textcolor>$INFO[Skin.String(rcb_text_value)]</textcolor>
				<label>$INFO[Container(8200).ListItem.Property(playcount)]</label>
			</control>			
			<!--<control type="label" id="7300">
				<description>URL value</description>
				<posx>0</posx>
				<posy>300</posy>
				<width>500</width>					
				<font>font13</font>
				<textcolor>$INFO[Skin.String(rcb_text_value)]</textcolor>
				<label>$INFO[Container(8200).ListItem.Property(url)]</label>
			</control>-->
		</control>
			
		<!-- image controls -->
		<!-- gameinfobig -->
		<control type="group">
			<posx>0</posx>
			<posy>70</posy>
			<animation effect="slide" start="-800,0" end="0,0" time="400" tween="quadratic" easing="out">WindowOpen</animation>
			<animation effect="slide" start="0,0" end="-800,0" time="400" tween="quadratic" easing="out">WindowClose</animation>
			<control type="image">
				<description>gameinfo</description>
				<posx>25</posx>
				<posy>25</posy>
				<width>380</width>
				<height>500</height>
				<aspectratio>keep</aspectratio>
				<visible>!Player.HasVideo</visible>
				<texture>$INFO[Container(8200).ListItem.Art(gameinfobig)]</texture>
				<bordersize>2</bordersize>
			</control>
			<!-- videowindowbig -->
			<control type="videowindow">
				<description>video control</description>
				<posx>25</posx>
				<posy>125</posy>
				<width>380</width>
				<height>280</height>												
				<visible>!String.IsEmpty(Container(8200).ListItem.Property(videosizebig))</visible>
			</control>
			<control type="button">
				<description>click absorber</description>
				<posx>25</posx>
				<posy>125</posy>
				<width>380</width>
				<height>280</height>
				<texturefocus></texturefocus>
				<texturenofocus></texturenofocus>
				<visible>!String.IsEmpty(Container(8200).ListItem.Property(videosizebig))</visible>
			</control>
			<!-- gameinfoupperleft -->
			<control type="image" id="2400">
				<description>gameinfoupperleft</description>
				<posx>25</posx>
				<posy>125</posy>
				<width>180</width>
				<height>135</height>						
				<texture>$INFO[Container(8200).ListItem.Art(gameinfoupperleft)]</texture>
				<bordersize>2</bordersize>
			</control>
			<!-- gameinfoupperright -->
			<control type="image" id="2500">
				<description>gameinfoupperright</description>
				<posx>215</posx>
				<posy>125</posy>
				<width>180</width>
				<height>135</height>						
				<texture>$INFO[Container(8200).ListItem.Art(gameinfoupperright)]</texture>
				<bordersize>2</bordersize>
			</control>
			<!-- gameinfolowerleft -->
			<control type="image" id="2600">
				<description>gameinfolowerleft</description>
				<posx>25</posx>
				<posy>270</posy>
				<width>180</width>
				<height>135</height>						
				<texture>$INFO[Container(8200).ListItem.Art(gameinfolowerleft)]</texture>
				<bordersize>2</bordersize>
			</control>
			<!-- gameinfolowerright -->
			<control type="image" id="2700">
				<description>gameinfolowerright</description>
				<posx>215</posx>
				<posy>270</posy>
				<width>180</width>
				<height>135</height>
				<visible>!Player.HasVideo</visible>
				<texture>$INFO[Container(8200).ListItem.Art(gameinfolowerright)]</texture>
				<bordersize>2</bordersize>
			</control>
			
			<!-- gameinfoupper -->
			<control type="image" id="2710">
				<description>gameinfoupper</description>
				<posx>25</posx>
				<posy>125</posy>
				<width>370</width>
				<height>135</height>						
				<texture>$INFO[Container(8200).ListItem.Art(gameinfoupper)]</texture>
				<bordersize>2</bordersize>
			</control>
			<!-- gameinfolower -->
			<control type="image" id="2720">
				<description>gameinfolower</description>
				<posx>25</posx>
				<posy>270</posy>
				<width>370</width>
				<height>135</height>						
				<texture>$INFO[Container(8200).ListItem.Art(gameinfolower)]</texture>
				<bordersize>2</bordersize>
			</control>
			<!-- gameinfoleft -->
			<control type="image" id="2730">
				<description>gameinfoleft</description>
				<posx>25</posx>
				<posy>125</posy>
				<width>180</width>
				<height>280</height>						
				<texture>$INFO[Container(8200).ListItem.Art(gameinfoleft)]</texture>
				<bordersize>2</bordersize>
			</control>
			<!-- gameinforight -->
			<control type="image" id="2740">
				<description>gameinforight</description>
				<posx>215</posx>
				<posy>125</posy>
				<width>180</width>
				<height>300</height>						
				<texture>$INFO[Container(8200).ListItem.Art(gameinforight)]</texture>
				<bordersize>2</bordersize>
			</control>
			
			<!-- videowindowsmall -->
			<control type="videowindow" id="2800">
				<description>video control</description>
				<posx>215</posx>
				<posy>770</posy>
				<width>180</width>
				<height>135</height>
				<visible>!String.IsEmpty(Container(8200).ListItem.Property(videosizesmall))</visible>						
			</control>
			<control type="button">
				<description>click absorber</description>
				<posx>215</posx>
				<posy>270</posy>
				<width>180</width>
				<height>135</height>
				<texturefocus></texturefocus>
				<texturenofocus></texturenofocus>
				<visible>!String.IsEmpty(Container(8200).ListItem.Property(videosizesmall))</visible>
			</control>
		</control>
		
		<control type="button" id="3000">
			<description>Play Game</description>
			<posx>540</posx>
			<posy>640</posy>
			<width>200</width>
			<height>40</height>
			<visible>true</visible>
			<texturefocus colordiffuse="$INFO[Skin.String(rcb_button_focus_dialog)]">rcb-button-focus.png</texturefocus>
			<texturenofocus colordiffuse="$INFO[Skin.String(rcb_button_nofocus_dialog)]">rcb-button-nofocus.png</texturenofocus>
			<label>$ADDON[script.games.rom.collection.browser 32756]</label>
			<font>font13_title</font>
			<textcolor>$INFO[Skin.String(rcb_text_button_nofocus_dialog)]</textcolor>
			<focusedcolor>$INFO[Skin.String(rcb_text_button_focus_dialog)]</focusedcolor>
			<disabledcolor>$INFO[Skin.String(rcb_text_button_disabled)]</disabledcolor>
			<align>center</align>
			<aligny>center</aligny>
			<textoffsetx></textoffsetx>
			<textoffsety></textoffsety>
			<onup>8100</onup>
			<ondown>8100</ondown>
			<onleft>8100</onleft>
			<onright>8100</onright>
		</control>
		
		<control type="label" id="4000">
			<description>Messages</description>
			<posx>10</posx>
			<posy>25r</posy>
			<width>680</width>
			<height>10</height>
			<align>left</align>
			<scroll>true</scroll>
			<textcolor>$INFO[Skin.String(rcb_text_value)]</textcolor>
			<label></label>
			<font>font10</font>
		</control>
	</controls>
</window>
