<?xml version="1.0" encoding="utf-8" standalone="yes"?>
<window id="5400">
	<defaultcontrol>5411</defaultcontrol>
	<include>dialogeffect</include>
	<coordinates>
		<system>1</system>
		<posx>280</posx>
		<posy>210</posy>
	</coordinates>
	<controls>
		<control type="image">
			<description>Background Fade</description>
			<posx>-280</posx>
			<posy>-210</posy>
			<width>1280</width>
			<height>720</height>
			<texture colordiffuse="$INFO[Skin.String(rcb_background_diffuse_dialog_open)]">rcb-white.png</texture>
		</control>
		
		<!-- Window -->
		<control type="image">
			<description>background image</description>
			<posx>0</posx>
			<posy>0</posy>
			<width>720</width>
			<height>200</height>
			<texture border="40" colordiffuse="$INFO[Skin.String(rcb_panel_dialog)]">rcb-dialog-background.png</texture>
		</control>
		<control type="image">
			<description>header image</description>
			<posx>0</posx>
			<posy>20</posy><!--dialog_header_image_posy-->
			<width>720</width>
			<height>40</height>
			<texture colordiffuse="$INFO[Skin.String(rcb_panel_dialog_header)]">rcb-dialog-header.png</texture>
		</control>
		<control type="image">
			<description>kodi logo</description>
			<posx>680</posx>
			<posy>5</posy>
			<width>30</width>
			<height>30</height>
			<texture>rcb-kodilogo.png</texture>
		</control>
		<control type="label">
			<posx>20</posx>
			<posy>25</posy><!--dialog_header_label_posy-->
			<width>720</width>
			<height>30</height>
			<font>font13_title</font>
			<textcolor>$INFO[Skin.String(rcb_text_dialog_header)]</textcolor>
			<shadowcolor>$INFO[Skin.String(rcb_text_shadow)]</shadowcolor>
			<align>center</align><!--dialog_header_label_alignment-->
			<aligny>center</aligny>
			<label>$ADDON[script.games.rom.collection.browser 32999] - $ADDON[script.games.rom.collection.browser 32900]</label>
		</control>
		
		
		<control type="group">
			<posx>0</posx>
			<posy>40</posy>
			<control type="image">
				<description>background black</description>
				<posx>20</posx>
				<posy>20</posy>
				<width>680</width>
				<height>80</height>
				<texture colordiffuse="$INFO[Skin.String(rcb_panel_dialog_text)]">rcb-dialog-text-background.png</texture>
			</control>
			
			<!-- Rom Collection List -->
			<control type="list" id="5410">
				<hitrect x="0" y="0" w="0" h="0" />
				<posx>20</posx>
				<posy>20</posy>
				<width>680</width>
				<height>40</height>
				<onleft>5410</onleft>
				<onright>5410</onright>
				<onup>5410</onup>
				<ondown>5410</ondown>
				<pagecontrol>-</pagecontrol>
				<scrolltime>0</scrolltime>
				<itemlayout height="1" width="750">
				</itemlayout>
				<focusedlayout height="40" width="680">
					<control type="image">
						<posx>0</posx>
						<posy>0</posy>
						<width>680</width>
						<height>40</height>
						<texture colordiffuse="$INFO[Skin.String(rcb_menuitem_focus_dialog)]">rcb-menuitem-focus-dialog.png</texture>
						<visible>[Control.HasFocus(5411) | Control.HasFocus(5412)]</visible>
					</control>
					<control type="label">
						<posx>25</posx>
						<posy>10</posy>
						<width>200</width>
						<height>20</height>
						<font>font13</font>
						<textcolor>$INFO[Skin.String(rcb_text_menuitem_focus_dialog)]</textcolor>
						<align>left</align>
						<aligny>center</aligny>
						<label>$ADDON[script.games.rom.collection.browser 32601]</label>
						<visible>[Control.HasFocus(5411) | Control.HasFocus(5412)]</visible>
					</control>
					<control type="label">
						<posx>25</posx>
						<posy>10</posy>
						<width>200</width>
						<height>20</height>
						<font>font13</font>
						<textcolor>$INFO[Skin.String(rcb_text_menuitem_nofocus_dialog)]</textcolor>
						<align>left</align>
						<aligny>center</aligny>
						<label>$ADDON[script.games.rom.collection.browser 32601]</label>
						<visible>![Control.HasFocus(5411) | Control.HasFocus(5412)]</visible>
					</control>
					<control type="label">
						<posx>250</posx>
						<posy>10</posy>
						<width>330</width>
						<height>20</height>
						<font>font13</font>
						<textcolor>$INFO[Skin.String(rcb_text_menuitem_focus_dialog)]</textcolor>
						<align>right</align>
						<aligny>center</aligny>
						<label>$INFO[ListItem.Label]</label>
						<visible>[Control.HasFocus(5411) | Control.HasFocus(5412)]</visible>
					</control>
					<control type="label">
						<posx>250</posx>
						<posy>10</posy>
						<width>330</width>
						<height>20</height>
						<font>font13</font>
						<textcolor>$INFO[Skin.String(rcb_text_menuitem_nofocus_dialog)]</textcolor>
						<align>right</align>
						<aligny>center</aligny>
						<label>$INFO[ListItem.Label]</label>
						<visible>![Control.HasFocus(5411) | Control.HasFocus(5412)]</visible>
					</control>
				</focusedlayout>
			</control>
			<control type="button" id="5411">
				<description>Menu Item Next Button</description>
				<posx>618</posx><!--scroll_updown_posx_left-->
				<posy>30</posy><!--scroll_updown_posy-->
				<width>30</width><!--scroll_updown_width-->
				<height>20</height><!--scroll_updown_height-->
				<texturenofocus colordiffuse="$INFO[Skin.String(rcb_scroll_up_nofocus)]">rcb-scroll-down.png</texturenofocus>
				<texturefocus colordiffuse="$INFO[Skin.String(rcb_scroll_up_focus)]">rcb-scroll-down.png</texturefocus>
				<onclick>Control.Move(5410,-1)</onclick>
				<onleft>6000</onleft>
				<onright>5412</onright>
				<onup>5101</onup>
				<ondown>5491</ondown>
			</control>
			<control type="button" id="5412">
				<description>Menu Item Prev Button</description>
				<posx>648</posx><!--scroll_updown_posx_right-->
				<posy>30</posy><!--scroll_updown_posy-->
				<width>30</width><!--scroll_updown_width-->
				<height>20</height><!--scroll_updown_height-->
				<texturenofocus colordiffuse="$INFO[Skin.String(rcb_scroll_up_nofocus)]">rcb-scroll-up.png</texturenofocus>
				<texturefocus colordiffuse="$INFO[Skin.String(rcb_scroll_up_focus)]">rcb-scroll-up.png</texturefocus>
				<onclick>Control.Move(5410,1)</onclick>
				<onleft>5411</onleft>
				<onright>6000</onright>
				<onup>5101</onup>
				<ondown>5492</ondown>
			</control>
			
			<!-- Delete Options -->
			<control type="list" id="5490">
				<hitrect x="0" y="0" w="0" h="0" />
				<posx>20</posx>
				<posy>60</posy>
				<width>680</width>
				<height>40</height>
				<onleft>5490</onleft>
				<onright>5490</onright>
				<onup>5490</onup>
				<ondown>5490</ondown>
				<pagecontrol>-</pagecontrol>
				<scrolltime>0</scrolltime>
				<itemlayout height="1" width="750">
				</itemlayout>
				<focusedlayout height="40" width="680">
					<control type="image">
						<posx>0</posx>
						<posy>0</posy>
						<width>680</width>
						<height>40</height>
						<texture colordiffuse="$INFO[Skin.String(rcb_menuitem_focus_dialog)]">rcb-menuitem-focus-dialog.png</texture>
						<visible>[Control.HasFocus(5491) | Control.HasFocus(5492)]</visible>
					</control>
					<control type="label">
						<posx>25</posx>
						<posy>10</posy>
						<width>200</width>
						<height>20</height>
						<font>font13</font>
						<textcolor>$INFO[Skin.String(rcb_text_menuitem_focus_dialog)]</textcolor>
						<align>left</align>
						<aligny>center</aligny>
						<label>$ADDON[script.games.rom.collection.browser 32901]</label>
						<visible>[Control.HasFocus(5491) | Control.HasFocus(5492)]</visible>
					</control>
					<control type="label">
						<posx>25</posx>
						<posy>10</posy>
						<width>200</width>
						<height>20</height>
						<font>font13</font>
						<textcolor>$INFO[Skin.String(rcb_text_menuitem_nofocus_dialog)]</textcolor>
						<align>left</align>
						<aligny>center</aligny>
						<label>$ADDON[script.games.rom.collection.browser 32901]</label>
						<visible>![Control.HasFocus(5491) | Control.HasFocus(5492)]</visible>
					</control>
					<control type="label">
						<posx>250</posx>
						<posy>10</posy>
						<width>330</width>
						<height>20</height>
						<font>font13</font>
						<textcolor>$INFO[Skin.String(rcb_text_menuitem_focus_dialog)]</textcolor>
						<align>right</align>
						<aligny>center</aligny>
						<label>$INFO[ListItem.Label]</label>
						<visible>[Control.HasFocus(5491) | Control.HasFocus(5492)]</visible>
					</control>
					<control type="label">
						<posx>250</posx>
						<posy>10</posy>
						<width>330</width>
						<height>20</height>
						<font>font13</font>
						<textcolor>$INFO[Skin.String(rcb_text_menuitem_nofocus_dialog)]</textcolor>
						<align>right</align>
						<aligny>center</aligny>
						<label>$INFO[ListItem.Label]</label>
						<visible>![Control.HasFocus(5491) | Control.HasFocus(5492)]</visible>
					</control>
				</focusedlayout>
			</control>
			<control type="button" id="5491">
				<description>Menu Item Next Button</description>
				<posx>618</posx><!--scroll_updown_posx_left-->
				<posy>70</posy><!--scroll_updown_posy-->
				<width>30</width><!--scroll_updown_width-->
				<height>20</height><!--scroll_updown_height-->
				<texturenofocus colordiffuse="$INFO[Skin.String(rcb_scroll_up_nofocus)]">rcb-scroll-down.png</texturenofocus>
				<texturefocus colordiffuse="$INFO[Skin.String(rcb_scroll_up_focus)]">rcb-scroll-down.png</texturefocus>
				<onclick>Control.Move(5490,-1)</onclick>
				<onleft>6000</onleft>
				<onright>5492</onright>
				<onup>5411</onup>
				<ondown>6000</ondown>
			</control>
			<control type="button" id="5492">
				<description>Menu Item Prev Button</description>
				<posx>648</posx><!--scroll_updown_posx_right-->
				<posy>70</posy><!--scroll_updown_posy-->
				<width>30</width><!--scroll_updown_width-->
				<height>20</height><!--scroll_updown_height-->
				<texturenofocus colordiffuse="$INFO[Skin.String(rcb_scroll_up_nofocus)]">rcb-scroll-up.png</texturenofocus>
				<texturefocus colordiffuse="$INFO[Skin.String(rcb_scroll_up_focus)]">rcb-scroll-up.png</texturefocus>
				<onclick>Control.Move(5490,1)</onclick>
				<onleft>5491</onleft>
				<onright>6000</onright>
				<onup>5412</onup>
				<ondown>6000</ondown>
			</control>
		</control>
			
		<!-- Save and Cancel -->
			
		<control type="button" id="6000"> 
			<description>Delete</description>
			<posx>150</posx>
			<posy>150</posy><!--dialog_button_posy-->
			<width>200</width>
			<height>30</height>
			<visible>true</visible>
			<font>font13_title</font>
			<colordiffuse>DDFFFFFF</colordiffuse>
			<texturefocus colordiffuse="$INFO[Skin.String(rcb_button_focus_dialog)]">rcb-button-focus.png</texturefocus>
			<texturenofocus colordiffuse="$INFO[Skin.String(rcb_button_nofocus_dialog)]">rcb-button-nofocus.png</texturenofocus>
			<label>$ADDON[script.games.rom.collection.browser 32902]</label>
			<textcolor>$INFO[Skin.String(rcb_text_button_nofocus_dialog)]</textcolor>
			<focusedcolor>$INFO[Skin.String(rcb_text_button_focus_dialog)]</focusedcolor>
			<disabledcolor>$INFO[Skin.String(rcb_text_button_disabled)]</disabledcolor>
			<align>center</align>
			<aligny>center</aligny>
			<textoffsetx></textoffsetx>
			<textoffsety></textoffsety>
			<onup>5491</onup>
			<ondown>5101</ondown>
			<onleft>6010</onleft>
			<onright>6010</onright>
		</control>
		<control type="button" id="6010"> 
			<description>Cancel</description>
			<posx>370</posx>
			<posy>150</posy><!--dialog_button_posy-->
			<width>200</width>
			<height>30</height>
			<visible>true</visible>
			<font>font13_title</font>
			<colordiffuse>DDFFFFFF</colordiffuse>
			<texturefocus colordiffuse="$INFO[Skin.String(rcb_button_focus_dialog)]">rcb-button-focus.png</texturefocus>
			<texturenofocus colordiffuse="$INFO[Skin.String(rcb_button_nofocus_dialog)]">rcb-button-nofocus.png</texturenofocus>
			<label>$ADDON[script.games.rom.collection.browser 32635]</label>
			<textcolor>$INFO[Skin.String(rcb_text_button_nofocus_dialog)]</textcolor>
			<focusedcolor>$INFO[Skin.String(rcb_text_button_focus_dialog)]</focusedcolor>
			<disabledcolor>$INFO[Skin.String(rcb_text_button_disabled)]</disabledcolor>
			<align>center</align>
			<aligny>center</aligny>
			<textoffsetx></textoffsetx>
			<textoffsety></textoffsety>
			<onup>5491</onup>
			<ondown>5101</ondown>
			<onleft>6000</onleft>
			<onright>6000</onright>
		</control>		
	</controls>
</window>