<?xml version="1.0" encoding="UTF-8" standalone="yes"?>

<addon id="repository.dexe" name=" dEXE's Addons Repository" version="1.0.5" provider-name="dEXE">
	<extension point="xbmc.addon.repository" name="dEXE's Addons Repository">
		<dir>
			<info compressed="false">https://raw.githubusercontent.com/deklica/repo.dexe/master/repo/addons.xml</info>
			<checksum>https://raw.githubusercontent.com/deklica/repo.dexe/master/repo/addons.xml.md5</checksum>
			<datadir zip="true">https://raw.githubusercontent.com/deklica/repo.dexe/master/repo/</datadir>
		</dir>
		<dir minversion="19.0.0">
			<info compressed="false">https://raw.githubusercontent.com/deklica/repo.dexe/master/addons.xml</info>
			<checksum>https://raw.githubusercontent.com/deklica/repo.dexe/master/addons.xml.md5</checksum>
			<datadir zip="true">https://raw.githubusercontent.com/deklica/repo.dexe/master/zips/</datadir>
			<hashes>false</hashes>
		</dir>
		<dir minversion="19.0.0">
			<info compressed="false">https://gitfront.io/r/dexe/n7TtSm9NEVFs/dexerepo/raw/addons.xml</info>
			<checksum>https://gitfront.io/r/dexe/n7TtSm9NEVFs/dexerepo/raw/addons.xml.md5</checksum>
			<datadir zip="true">https://gitfront.io/r/dexe/n7TtSm9NEVFs/dexerepo/raw/zips/</datadir>
			<hashes>false</hashes>
		</dir>
		<!--
		<dir minversion="20.0.0">
			<info compressed="false">https://raw.githubusercontent.com/deklica/repo.dexe/master/nexus/addons.xml</info>
			<checksum>https://raw.githubusercontent.com/deklica/repo.dexe/master/nexus/addons.xml.md5</checksum>
			<datadir zip="true">https://raw.githubusercontent.com/deklica/repo.dexe/master/nexus/</datadir>
			<hashes>false</hashes>
		</dir>
		<dir minversion="19.0.0" maxversion="19.5.0">
			<info compressed="false">https://raw.githubusercontent.com/deklica/repo.dexe/master/matrix/addons.xml</info>
			<checksum>https://raw.githubusercontent.com/deklica/repo.dexe/master/matrix/addons.xml.md5</checksum>
			<datadir zip="true">https://raw.githubusercontent.com/deklica/repo.dexe/master/matrix/</datadir>
			<hashes>false</hashes>
		</dir>
		<dir minversion="17.0.0" maxversion="18.9.0">
			<info compressed="false">https://raw.githubusercontent.com/deklica/repo.dexe/master/leia/addons.xml</info>
			<checksum>https://raw.githubusercontent.com/deklica/repo.dexe/master/leia/addons.xml.md5</checksum>
			<datadir zip="true">https://raw.githubusercontent.com/deklica/repo.dexe/master/leia/</datadir>
			<hashes>false</hashes>
		</dir>
		-->
	
<!--  Repositories  -->
	
<!--  Nixgates Repo  -->
		<dir minversion="18.0">
			<info compressed="false">https://raw.githubusercontent.com/nixgates/nixgates/master/repo/zips/addons.xml</info>
			<checksum>https://raw.githubusercontent.com/nixgates/nixgates/master/repo/zips/addons.xml.md5</checksum>
			<datadir zip="true">https://raw.githubusercontent.com/nixgates/nixgates/master/repo/zips/</datadir>
		</dir>
		<dir minversion="18.0" maxversion="18.9.0">
			<info compressed="false">https://raw.githubusercontent.com/nixgates/nixgates/master/leia/zips/addons.xml</info>
			<checksum>https://raw.githubusercontent.com/nixgates/nixgates/master/leia/zips/addons.xml.md5</checksum>
			<datadir zip="true">https://raw.githubusercontent.com/nixgates/nixgates/master/leia/zips/</datadir>
		</dir>
		<dir minversion="18.9.0">
			<info compressed="false">https://raw.githubusercontent.com/nixgates/nixgates/master/matrix/zips/addons.xml</info>
			<checksum>https://raw.githubusercontent.com/nixgates/nixgates/master/matrix/zips/addons.xml.md5</checksum>
			<datadir zip="true">https://raw.githubusercontent.com/nixgates/nixgates/master/matrix/zips/</datadir>
		</dir>

<!--  Umbrella Repository  -->
        <dir minversion="18.9.701" maxversion="19.5">
            <info compressed="false">https://raw.githubusercontent.com/umbrellaplug/umbrellaplug.github.io/master/matrix/zips/addons.xml</info>
            <checksum>https://raw.githubusercontent.com/umbrellaplug/umbrellaplug.github.io/master/matrix/zips/addons.xml.md5</checksum>
            <datadir zip="true">https://raw.githubusercontent.com/umbrellaplug/umbrellaplug.github.io/master/matrix/zips/</datadir>
        </dir>
	    <dir minversion="19.8.0">
            <info compressed="false">https://raw.githubusercontent.com/umbrellaplug/umbrellaplug.github.io/master/nexus/zips/addons.xml</info>
            <checksum>https://raw.githubusercontent.com/umbrellaplug/umbrellaplug.github.io/master/nexus/zips/addons.xml.md5</checksum>
            <datadir zip="true">https://raw.githubusercontent.com/umbrellaplug/umbrellaplug.github.io/master/nexus/zips/</datadir>
        </dir>
	
<!--  CocoScrapers Module  -->
        <dir minversion="19.0">
            <info compressed="false">https://raw.githubusercontent.com/CocoJoe2411/repository.cocoscrapers/master/zips/addons.xml</info>
            <checksum>https://raw.githubusercontent.com/CocoJoe2411/repository.cocoscrapers/master/zips/addons.xml.md5</checksum>
            <datadir zip="true">https://raw.githubusercontent.com/CocoJoe2411/repository.cocoscrapers/master/zips/</datadir>
        </dir>
	
<!--  a4kStreaming Repository  -->
		<dir>
            <info>https://raw.githubusercontent.com/newt-sc/a4kStreaming/master/packages/addons.xml</info>
            <checksum>https://raw.githubusercontent.com/newt-sc/a4kStreaming/master/packages/addons.xml.crc</checksum>
            <datadir>https://github.com/newt-sc/a4kStreaming/archive</datadir>
            <artdir>https://github.com/newt-sc/a4kStreaming/releases/download/v0.1.0</artdir>
		</dir>
	
<!--  a4kSubtitles Repository  -->
		<dir>
			<info>https://raw.githubusercontent.com/newt-sc/a4kSubtitles/master/packages/addons.xml</info>
			<checksum>https://raw.githubusercontent.com/newt-sc/a4kSubtitles/master/packages/addons.xml.crc</checksum>
			<datadir>https://github.com/newt-sc/a4kSubtitles/archive</datadir>
			<artdir>https://github.com/a4k-openproject/a4kSubtitles/releases/download/v0.0.13</artdir>
		</dir>
	
<!--  Dobbelina Repository -->
		<dir>
			<info compressed="false">https://raw.githubusercontent.com/dobbelina/repository.dobbelina/master/addons.xml</info>
			<checksum>https://raw.githubusercontent.com/dobbelina/repository.dobbelina/master/addons.xml.md5</checksum>
			<datadir zip="true">https://raw.githubusercontent.com/dobbelina/repository.dobbelina/master/</datadir>
		</dir>

<!--  ResolveURL Repository  -->
		<dir>
			<info compressed="false">https://raw.githubusercontent.com/Gujal00/smrzips/master/addons.xml</info>
			<checksum>https://raw.githubusercontent.com/Gujal00/smrzips/master/addons.xml.md5</checksum>
			<datadir zip="true">https://raw.githubusercontent.com/Gujal00/smrzips/master/zips/</datadir>
		</dir>

<!--  Orion Repository  -->
		<dir>
			<info compressed="false">https://repo.orionoid.com/addons.xml</info>
			<checksum>https://repo.orionoid.com/addons.xml.md5</checksum>
			<datadir zip="true">https://repo.orionoid.com</datadir>
		</dir>

<!--  Yatse Kodi Add-on repository  -->
		<dir minversion="14.0.0">
			<info compressed="false">https://raw.githubusercontent.com/Tolriq/repository.yatse.kodi/master/zips/addons.xml</info>
			<checksum>https://raw.githubusercontent.com/Tolriq/repository.yatse.kodi/master/zips/addons.xml.md5</checksum>
			<datadir zip="true">https://raw.githubusercontent.com/Tolriq/repository.yatse.kodi/master/zips/</datadir>
			<hashes>false</hashes>
		</dir>
		<dir minversion="18.9.0">
			<info compressed="false">https://raw.githubusercontent.com/Tolriq/repository.yatse.kodi/master/matrix/addons.xml</info>
			<checksum>https://raw.githubusercontent.com/Tolriq/repository.yatse.kodi/master/matrix/addons.xml.md5</checksum>
			<datadir zip="true">https://raw.githubusercontent.com/Tolriq/repository.yatse.kodi/master/matrix/</datadir>
			<hashes>false</hashes>
		</dir>

<!--  pkscout's Skin Modifications  -->
		<dir minversion="20.0.0">
			<info>https://raw.github.com/pkscout/repository.skins.pkscout/nexus/addons.xml</info>
			<checksum>https://raw.github.com/pkscout/repository.skins.pkscout/nexus/addons.xml.md5</checksum>
			<datadir zip="true">https://raw.github.com/pkscout/repository.skins.pkscout/nexus/download</datadir>
			<artdir>https://raw.github.com/pkscout/repository.skins.pkscout/nexus/download</artdir>
			<hashes>false</hashes>
		</dir>
		<dir minversion="19.0.0" maxversion="19.9.0">
			<info compressed="true">https://raw.github.com/pkscout/repository.skins.pkscout/matrix/addons.xml</info>
			<checksum>https://raw.github.com/pkscout/repository.skins.pkscout/matrix/addons.xml.md5</checksum>
			<datadir zip="true">https://raw.github.com/pkscout/repository.skins.pkscout/matrix/download</datadir>
			<hashes>false</hashes>
		</dir>
		<dir minversion="17.0.0" maxversion="18.9.0">
			<info compressed="true">https://raw.github.com/pkscout/repository.skins.pkscout/helix/addons.xml</info>
			<checksum>https://raw.github.com/pkscout/repository.skins.pkscout/helix/addons.xml.md5</checksum>
			<datadir zip="true">https://raw.github.com/pkscout/repository.skins.pkscout/helix/download</datadir>
			<hashes>false</hashes>
		</dir>
		
<!--  ivarbrandt's Repository  -->
        <dir>
            <info compressed="false">https://raw.githubusercontent.com/ivarbrandt/repository.ivarbrandt/master/repo/zips/addons.xml</info>
            <checksum>https://raw.githubusercontent.com/ivarbrandt/repository.ivarbrandt/master/repo/zips/addons.xml.md5</checksum>
            <datadir zip="true">https://raw.githubusercontent.com/ivarbrandt/repository.ivarbrandt/master/repo/zips/</datadir>
        </dir>		

<!--  Zach Morris Add-ons  -->
        <dir minversion="18.0.0">
            <info compressed="false">https://github.com/zach-morris/repository.zachmorris/raw/master/addons.xml</info>
            <checksum>https://github.com/zach-morris/repository.zachmorris/raw/master/addons.xml.md5</checksum>
            <datadir zip="true">https://github.com/zach-morris/repository.zachmorris/raw/master/</datadir>
        </dir>

	</extension>
	<extension point="xbmc.addon.metadata">
		<summary lang="en">Kodi dEXE's Repo</summary>
		<description>A collection of my, fixed/modded, best and latest Kodi add-ons and dependencies. One repo to rule them all ;)[CR][CR][I]Install Roooar! (Repo of all Repositories) as part of this repo.[/I][CR][CR]Please do NOT post this Repository on Youtube, Facebook, Blogs, or anywhere on the internet, thank you.</description>
		<disclaimer lang="en">This repository nor the addons within does not form part of the Kodi Media Centre. Please do not seek assistance with this repository or the addons from any of the Official Kodi Support Channels. The authors do not host any of the content in these add-ons and take no responsibility for the content found.</disclaimer>
		<language>en</language>
		<platform>all</platform>
		<assets>
			<icon>icon.png</icon>
			<fanart>fanart.jpg</fanart>
		</assets>
	</extension>
</addon>