<?xml version="1.0" encoding="UTF-8" standalone="yes"?>
<addon id="repository.kodifitzwell" version="0.0.1" name="kodifitzwell repository" provider-name="kodifitzwell">
    <extension point="xbmc.addon.repository" name="kodifitzwell repository">
        <dir minversion="19.0.0">
            <info compressed="false">https://raw.githubusercontent.com/kodifitzwell/repo/master/addons.xml</info>
            <checksum>https://raw.githubusercontent.com/kodifitzwell/repo/master/addons.xml.md5</checksum>
            <datadir zip="true">https://raw.githubusercontent.com/kodifitzwell/repo/master/</datadir>
        </dir>
    </extension>
    <extension point="xbmc.addon.metadata">
        <platform>all</platform>
        <description>Fen maintenance release</description>
        <disclaimer></disclaimer>
        <assets>
            <icon>icon.png</icon>
            <fanart>fanart.jpg</fanart>
        </assets>
    </extension>
</addon>

