<?xml version="1.0" encoding="utf-8" standalone="yes"?>
<addon id="service.subloader" name="SubLoader" version="0.1.7c" provider-name="DenimNani">
	<requires></requires>
	<extension point="xbmc.service" library="monitor.py" start="login"></extension>  
	<extension point="xbmc.addon.metadata">
		<summary lang="en">Automatic subtitles for your content</summary>
		<description lang="en">Auto download the best subtitle automatically as soon you start the video.[CR]Special thanks to OpenSubtitles.org for providing a unique UA for Subloader.</description>
		<platform>all</platform>
		<language>en</language>
		<license>GPL</license>
		<website>https://github.com/denimnani</website>
		<source>https://github.com/denimnani/service.subloader</source>
		<forum></forum>
		<email></email>
		<assets>
			<icon>icon.png</icon>
			<fanart>fanart.png</fanart>
			<screenshot>resources/media/screenshots/screenshot1subloader.jpg</screenshot>
			<screenshot>fanart.png</screenshot>
		</assets>
<news>
0.1.7     23.11.2022
G-Mod - removed
peno64 fix/extend exclude pvr
helviojr made a patch so the function videosource() returns the stream url if it is a .strm file. That way it can detect the addon used to open the file/url and can use the addons exclusions.
        
0.1.6     05.05.2021
Bug fix on open subtitle dialog.

0.1.5     21.02.2021
Subloader now runs on KODI v19 (Special thanks to peno/64).
Added python 3 compatibility.
Some grammatical corrections (Special thanks to AlexNaga).

0.1.4     23.07.2019
Added Dutch language (Special thanks to Tinuz97).
Clean up project files.
</news>
	</extension>
</addon>
