<?xml version="1.0" encoding="UTF-8" standalone="yes"?>
<addon id="service.subtitles.opensubtitles_plus" name="OpenSubtitles Plus" version="2.0.0"  provider-name="burekas">
    <requires>
        <import addon="xbmc.python" version="3.0.0" />
	    <import addon="script.module.requests" version="2.9.1" />
    </requires>
    <extension point="xbmc.subtitle.module" library="service.py" />
    <extension point="xbmc.addon.metadata">
        <summary>OpenSubtitles by OpenSubtitles.com[CR][CR]Improved add-on by Burekas for OpenSubtitles.com.</summary>
        <description lang="en">[CR]Search and download subtitles for movies and TV-Series from OpenSubtitles.com. Search in 75 languages, 6.000.000+ subtitles, daily updates. [CR][CR]Made by Burekas[CR]Thanks to: amet, opensubtitles.[CR][CR]For news, updates and more info - Visit: https://bit.ly/3DaU7JT[CR][CR]Burekas Repo: https://bit.ly/49mJge3</description>
        <disclaimer>Register/Import your account & API on OpenSubtitles.com before use.</disclaimer>                                               
        <news>
In order to get the API Key:

1. Go to url - https://www.opensubtitles.com
2. Register/Login
3. On the top of the page press on the "User" logo -> API consumers -> New Consumer button
4. Give it a Name, (Recommended) checked both: 'Allow anonymous downloads' and 'Under dev'
5. Save
6. Then you will see your API details, copy the API Key and put it in addon's settings with your Username and Password.</news>
        <platform>all</platform>
        <language></language>
        <license>GNU GENERAL PUBLIC LICENSE. Version 2, June 1991</license>
        <forum></forum>
        <website></website>
        <email></email>
        <source></source>
        <assets>
            <icon>icon.png</icon>
        </assets>
    </extension>
</addon>
