<colors>
	<color name="rcb_background">ff141414</color>
	<color name="rcb_background_diffuse">f2242424</color>
	<color name="rcb_background_diffuse_dialog_open">AA000000</color>
	
	<color name="rcb_panel_slide">ff222222</color>
	<color name="rcb_panel_list">37A0A0A0</color>
	<color name="rcb_panel_list_transp">AA333333</color>
	<color name="rcb_panel_info">AA000000</color>
	<color name="rcb_panel_dialog">FF222222</color>
	<color name="rcb_panel_dialog_text">FF111111</color>
	<color name="rcb_panel_dialog_header">FF222222</color>	
	
	<color name="rcb_scrollbar_background">29FFFFFF</color>
	<color name="rcb_scrollbar_nofocus">FFAAAAAA</color>
	<color name="rcb_scrollbar_focus">FFFFA000</color>
	<color name="rcb_scroll_up_nofocus">ffaaaaaa</color>
	<color name="rcb_scroll_up_focus">FFFFA000</color>
	
	<color name="rcb_button_nofocus">FF111111</color>
	<color name="rcb_button_focus">ff3b3b3b</color>
	<color name="rcb_menuitem_nofocus">FF111111</color>
	<color name="rcb_menuitem_focus">ff3b3b3b</color>
	<color name="rcb_thumb_border">FFFFA000</color>
	<color name="rcb_radiobutton_on_focus">FFFFA000</color>
	<color name="rcb_radiobutton_off_focus">ffaaaaaa</color>
	<color name="rcb_radiobutton_on_nofocus">FFFFA000</color>
	<color name="rcb_radiobutton_off_nofocus">ffaaaaaa</color>
	<color name="rcb_radiobutton_on_focus_dialog">FFFFA000</color>
	<color name="rcb_radiobutton_off_focus_dialog">ffaaaaaa</color>
	<color name="rcb_radiobutton_on_nofocus_dialog">FFFFA000</color>
	<color name="rcb_radiobutton_off_nofocus_dialog">ffaaaaaa</color>
	<color name="rcb_button_highlight">FFFFA000</color>
	<color name="rcb_button_nofocus_dialog">FF111111</color>
	<color name="rcb_button_focus_dialog">FFFFA000</color>
	<color name="rcb_menuitem_nofocus_dialog">FF111111</color>
	<color name="rcb_menuitem_focus_dialog">ff3b3b3b</color>
	<color name="rcb_button_category_nofocus">FF111111</color>
	<color name="rcb_button_category_focus">ff3b3b3b</color>
	
	<color name="rcb_text_menuitem_nofocus">FFFFFFFF</color>
	<color name="rcb_text_menuitem_focus">FFFFFFFF</color>
	<color name="rcb_text_label">FFFFA000</color>
	<color name="rcb_text_value">FFFFFFFF</color>
	<color name="rcb_text_heading">FFFFA000</color>
	<color name="rcb_text_button_nofocus">ffaaaaaa</color>
	<color name="rcb_text_button_focus">ffaaaaaa</color>
	<color name="rcb_text_button_disabled">80FFFFFF</color>
	<color name="rcb_text_shadow">00000000</color>
	<color name="rcb_text_dialog_header">ffaaaaaa</color>
	<color name="rcb_text_menuitem_nofocus_dialog">ffaaaaaa</color>
	<color name="rcb_text_menuitem_focus_dialog">ffaaaaaa</color>
	<color name="rcb_text_button_nofocus_dialog">FFFFFFFF</color>
	<color name="rcb_text_button_focus_dialog">FFFFFFFF</color>
</colors>