<?xml version="1.0" encoding="UTF-8"?>
<window>
	<defaultcontrol always="true">9000</defaultcontrol>
	
	<onload condition="!String.IsEmpty(Window(home).Property(OSDinfodialogButtonActive))">ClearProperty(OSDinfodialogButtonActive,home)</onload>
	
	<!-- KODI 18 defaultcontrol bug fix -->
	<onload condition="String.IsEmpty(Window(home).Property(HomeDefaultControlTempFix)) + Window.IsActive(Home)">SetFocus(9000,0,absolute)</onload>
	<onunload condition="String.IsEmpty(Window(home).Property(HomeDefaultControlTempFix))">AlarmClock(HomeDefaultControlTempFixAlarm,SetProperty(HomeDefaultControlTempFix,done,home),00:00:01,silent)</onunload>
	
	
	<include>CommunityUserTexturesCheck</include>
	<include>ExperimentalOptionsCheck</include>
	
	
	<controls>
		
		<include>CommonBackground</include>
		
		<control type="group">
			<include>idleFadeOutMinimal</include>
			<control type="image">
				<left>0</left>
				<top>0</top>
				<width>1920</width>
				<height>1080</height>
				<texture>colors/black.png</texture>
				<animation effect="fade" end="0" time="0" condition="String.IsEqual(Skin.String(BackgroundDarkenStrength),0)">Conditional</animation>
				
				<animation effect="fade" end="25" time="0" condition="String.IsEqual(Skin.String(BackgroundDarkenStrength),4)">Conditional</animation>
				<animation effect="fade" end="38" time="0" condition="String.IsEqual(Skin.String(BackgroundDarkenStrength),5)">Conditional</animation>
				
				<animation effect="fade" end="50" time="0" condition="String.IsEmpty(Skin.String(BackgroundDarkenStrength)) | String.IsEqual(Skin.String(BackgroundDarkenStrength),1)">Conditional</animation>
				<animation effect="fade" end="62" time="0" condition="String.IsEqual(Skin.String(BackgroundDarkenStrength),2)">Conditional</animation>
				<animation effect="fade" end="75" time="0" condition="String.IsEqual(Skin.String(BackgroundDarkenStrength),3)">Conditional</animation>
			</control>
		</control>
		
		
		<!-- LiveTV TIMER RECORDING INFO BLOCK -->
		<control type="group">
			<depth>DepthMenu</depth>
			<left>735r</left>
			<top>154</top>
			<visible>[PVR.IsRecording | PVR.HasNonRecordingTimer]</visible>
			<include>VisibleFadeEffect</include>
			<include>Window_OpenClose_Animation</include>
			<control type="group">
				<animation effect="slide" start="0,0" end="0,150" time="0" condition="PVR.IsRecording">conditional</animation>
				<visible>PVR.HasNonRecordingTimer</visible>
				<control type="group">
					<control type="image">
						<left>542</left>
						<top>-8</top>
						<width>750</width>
						<height>135</height>
						<texture border="15" colordiffuse="FF000000">colors/white_border15.png</texture>
						<animation effect="slide" start="0,0" end="-542,0" time="500" tween="quadratic" easing="out" condition="Container(9000).HasFocus(12) | Container(9000).HasFocus(13)">Conditional</animation>
					</control>
					<animation effect="fade" start="0" end="40" time="0" condition="true">Conditional</animation>
				</control>
				<control type="image">
					<left>600</left>
					<top>0</top>
					<width>120</width>
					<height>120</height>
					<aspectratio>keep</aspectratio>
					<texture background="true" fallback="DefaultPVRChannels.png">$INFO[PVR.NextRecordingChannelIcon]</texture>
					<bordersize>6</bordersize>
					<fadetime>125</fadetime>
				</control>
				<control type="image">
					<left>558</left>
					<top>11</top>
					<width>24</width>
					<height>24</height>
					<aspectratio>keep</aspectratio>
					<texture>PVR-HasTimer.png</texture>
					<animation effect="slide" start="0,0" end="-542,0" time="500" tween="quadratic" easing="out" condition="Container(9000).HasFocus(12) | Container(9000).HasFocus(13)">Conditional</animation>
				</control>
				<control type="label">
					<description>Next Timer Header label</description>
					<left>49</left>
					<top>2</top>
					<height>38</height>
					<width>538</width>
					<label>$LOCALIZE[19157]</label>
					<align>left</align>
					<aligny>center</aligny>
					<font>Regular18</font>
					<textcolor>selected</textcolor>
					<visible>Container(9000).HasFocus(12) | Container(9000).HasFocus(13)</visible>
					<animation effect="fade" start="0" end="100" time="500" delay="350">Visible</animation>
				</control>
				
				<control type="label">
					<description>NextRecordingTitle Channel</description>
					<left>17</left>
					<top>42</top>
					<height>36</height>
					<width>570</width>
					<label>$INFO[PVR.NextRecordingChannel]$INFO[PVR.NextRecordingTitle,  [LIGHT],[/LIGHT]]</label>
					<align>left</align>
					<aligny>center</aligny>
					<font>Regular17</font>
					<scroll>false</scroll>
					<visible>Container(9000).HasFocus(12) | Container(9000).HasFocus(13)</visible>
					<animation effect="fade" start="0" end="100" time="500" delay="350">Visible</animation>
				</control>
				<control type="label">
					<description>NextRecordingDateTime</description>
					<left>17</left>
					<top>78</top>
					<height>36</height>
					<width>570</width>
					<label>$INFO[PVR.NextRecordingDateTime,$LOCALIZE[19126]:  ]</label>
					<align>left</align>
					<aligny>center</aligny>
					<font>Light17</font>
					<textcolor>grey</textcolor>
					<scroll>false</scroll>
					<visible>Container(9000).HasFocus(12) | Container(9000).HasFocus(13)</visible>
					<animation effect="fade" start="0" end="100" time="500" delay="350">Visible</animation>
				</control>
				
			</control>
			<control type="group">
				<visible>PVR.IsRecording</visible>
				<control type="group">
					<control type="image">
						<left>542</left>
						<top>-8</top>
						<width>750</width>
						<height>135</height>
						<texture border="15" colordiffuse="FF000000">colors/white_border15.png</texture>
						<animation effect="slide" start="0,0" end="-542,0" time="500" tween="quadratic" easing="out" condition="Container(9000).HasFocus(12) | Container(9000).HasFocus(13)">Conditional</animation>
					</control>
					<animation effect="fade" start="0" end="40" time="0" condition="true">Conditional</animation>
				</control>
				<control type="image">
					<left>600</left>
					<top>0</top>
					<width>120</width>
					<height>120</height>
					<aspectratio>keep</aspectratio>
					<texture background="true" fallback="DefaultPVRChannels.png">$INFO[PVR.NowRecordingChannelIcon]</texture>
					<bordersize>6</bordersize>
					<fadetime>125</fadetime>
				</control>
				<control type="image">
					<left>553</left>
					<top>8</top>
					<width>30</width>
					<height>30</height>
					<aspectratio>keep</aspectratio>
					<texture>PVR-IsRecording.png</texture>
					<animation effect="fade" start="0" end="100" time="3000" pulse="true" reversible="true" condition="true" tween="sine" easing="out">conditional</animation>
					<animation effect="slide" start="0,0" end="-542,0" time="500" tween="quadratic" easing="out" condition="Container(9000).HasFocus(12) | Container(9000).HasFocus(13)">Conditional</animation>
				</control>
				<control type="label">
					<description>Is Recording Header label</description>
					<left>48</left>
					<top>2</top>
					<height>38</height>
					<width>539</width>
					<label>$LOCALIZE[19158]</label>
					<align>left</align>
					<aligny>center</aligny>
					<font>Regular18</font>
					<textcolor>selected</textcolor>
					<visible>Container(9000).HasFocus(12) | Container(9000).HasFocus(13)</visible>
					<animation effect="fade" start="0" end="100" time="500" delay="350">Visible</animation>
				</control>
				
				<control type="label">
					<description>NextRecordingTitle Channel</description>
					<left>17</left>
					<top>42</top>
					<height>36</height>
					<width>570</width>
					<label>$INFO[PVR.NowRecordingChannel]$INFO[PVR.NowRecordingTitle,  [LIGHT],[/LIGHT]]</label>
					<align>left</align>
					<aligny>center</aligny>
					<font>Regular17</font>
					<scroll>false</scroll>
					<visible>Container(9000).HasFocus(12) | Container(9000).HasFocus(13)</visible>
					<animation effect="fade" start="0" end="100" time="500" delay="350">Visible</animation>
				</control>
				<control type="label">
					<description>NextRecordingDateTime</description>
					<left>17</left>
					<top>78</top>
					<height>36</height>
					<width>570</width>
					<label>$INFO[PVR.NowRecordingDateTime,$LOCALIZE[19126]:  ]</label>
					<align>left</align>
					<aligny>center</aligny>
					<font>Light17</font>
					<textcolor>grey</textcolor>
					<scroll>false</scroll>
					<visible>Container(9000).HasFocus(12) | Container(9000).HasFocus(13)</visible>
					<animation effect="fade" start="0" end="100" time="500" delay="350">Visible</animation>
				</control>
				
			</control>
		</control>
		
		
		<include condition="!Skin.HasSetting(HomepageHideWidgetFavorites) | !Skin.HasSetting(HomepageHideRecentlyAddedVideo) | !Skin.HasSetting(HomepageHideRecentlyPlayedLiveTV) | !Skin.HasSetting(HomepageHideRecentlyAddedAlbums)">HomeScreenContentWidgets</include>
		
		<!-- Hidden Control -->
		<control type="button" id="9003">
			<description>Hidden Button to pass through navigation when recently added is disabled</description>
			<left>-30</left>
			<top>-30</top>
			<width>1</width>
			<height>1</height>
			<label></label>
			<font></font>
			<texturefocus></texturefocus>
			<texturenofocus></texturenofocus>
			<onleft>9000</onleft>
			<onright>9000</onright>
			<onup>600</onup>
			<ondown>9000</ondown>
			<visible>false</visible>
		</control>
		
		<!-- HOME TOP LEFT AREA -->
		<control type="group" id="600">
			<depth>DepthMenu-</depth>
			<description>Controls for currently playing media</description>
			<left>0</left>
			<top>15</top>
			
			<include>Window_OpenClose_Animation_Full</include>
			
			<defaultcontrol always="true">601</defaultcontrol>
			
			<control type="image">
				<include>idleFadeOutMinimal</include>
				<left>15</left>
				<top>-6</top>
				<width>75</width>
				<height>75</height>
				<aspectratio>keep</aspectratio>
				<texture colordiffuse="$VAR[uiColorVariantKodiLogoColor]">kodi-logo$VAR[isUhdScreenStringSuffix].png</texture>
				<include>VisibleFadeEffect</include>
				<include>Window_OpenClose_Animation</include>
				<visible>String.IsEqual(Skin.String(HomeScreenKodiLogo),1)</visible>
			</control>
			<control type="image">
				<include>idleFadeOutMinimal</include>
				<left>15</left>
				<top>-6</top>
				<width>75</width>
				<height>75</height>
				<aspectratio>keep</aspectratio>
				<texture>_added_img/madvr-logo$VAR[isUhdScreenStringSuffix].png</texture>
				<include>VisibleFadeEffect</include>
				<include>Window_OpenClose_Animation</include>
				<visible>String.IsEqual(Skin.String(HomeScreenKodiLogo),2)</visible>
			</control>
			
			<control type="group">
				<include>idleFadeOutFull</include>
				
				<control type="radiobutton" id="601">
					<animation effect="slide" start="0,0" end="-69,0" time="0" condition="String.IsEmpty(Skin.String(HomeScreenKodiLogo)) | String.IsEqual(Skin.String(HomeScreenKodiLogo),0)">conditional</animation>
					<left>102</left>
					<top>0</top>
					<height>60</height>
					<width>60</width>
					<textwidth>138</textwidth>
					<radioposx>14</radioposx>
					<radioposy>14</radioposy>
					<textoffsetx>63</textoffsetx>
					<align>left</align>
					<aligny>center</aligny>
					<font>Regular19</font>
					<textcolor>grey2</textcolor>
					<focusedcolor>white</focusedcolor>
					
					<include>radiobuttonQuadraticWidth</include>
					
					<texturefocus colordiffuse="$VAR[accentColorDiffuse]">osd/buttons/_FO-neutral.png</texturefocus>
					<texturenofocus></texturenofocus>
					<label></label>
					
					<onclick condition="String.IsEmpty(Skin.String(HomeScreenSearchButton)) | String.IsEqual(Skin.String(HomeScreenSearchButton),0)">ActivateWindow(1107)</onclick>
					
					<onclick condition="String.IsEqual(Skin.String(HomeScreenSearchButton),2)">Dialog.Close(all)</onclick>
					<onclick condition="String.IsEqual(Skin.String(HomeScreenSearchButton),2)">ActivateWindow(Videos,return)</onclick>
					<onclick condition="String.IsEqual(Skin.String(HomeScreenSearchButton),2)">VideoLibrary.Search</onclick>
					
					<onclick condition="String.IsEqual(Skin.String(HomeScreenSearchButton),3) + !System.hasAddon(script.globalsearch)">InstallAddon(script.globalsearch)</onclick>
					<onclick condition="String.IsEqual(Skin.String(HomeScreenSearchButton),3) + System.hasAddon(script.globalsearch)">RunScript(script.globalsearch)</onclick>
					
					<include>IconSearchRadioTextures</include>
					
					<onleft>605</onleft>
					<onright>602</onright>
					<onup>noop</onup>
					<ondown>9003</ondown>
					<visible>String.IsEmpty(Skin.String(HomeScreenSearchButton)) | String.IsEqual(Skin.String(HomeScreenSearchButton),0) | String.IsEqual(Skin.String(HomeScreenSearchButton),2) | String.IsEqual(Skin.String(HomeScreenSearchButton),3)</visible>
				</control>
				
				<control type="label">
					<animation effect="slide" start="0,0" end="-66,0" time="0" condition="String.IsEqual(Skin.String(HomeScreenSearchButton),1)">conditional</animation>
					<animation effect="slide" start="0,0" end="-69,0" time="0" condition="String.IsEmpty(Skin.String(HomeScreenKodiLogo)) | String.IsEqual(Skin.String(HomeScreenKodiLogo),0)">conditional</animation>
					<left>69</left>
					<top>63</top>
					<height>36</height>
					<width>126</width>
					<label>137</label>
					<align>center</align>
					<aligny>top</aligny>
					<font>Regular16</font>
					<textcolor>white</textcolor>
					<visible>Control.HasFocus(601)</visible>
					<include>VisibleFadeEffect2</include>
				</control>
				
				
				
				<control type="radiobutton" id="602">
					<animation effect="slide" start="0,0" end="-66,0" time="0" condition="String.IsEqual(Skin.String(HomeScreenSearchButton),1)">conditional</animation>
					<animation effect="slide" start="0,0" end="-69,0" time="0" condition="String.IsEmpty(Skin.String(HomeScreenKodiLogo)) | String.IsEqual(Skin.String(HomeScreenKodiLogo),0)">conditional</animation>
					<left>168</left>
					<top>0</top>
					<height>60</height>
					<width>60</width>
					<textwidth>138</textwidth>
					
					<include>radiobuttonQuadraticWidth</include>
					
					<radioposx>12</radioposx>
					<radioposy>13</radioposy>
					<textoffsetx>63</textoffsetx>
					<align>left</align>
					<aligny>center</aligny>
					<font>Regular19</font>
					<textcolor>grey2</textcolor>
					<focusedcolor>white</focusedcolor>
					<texturefocus colordiffuse="$VAR[accentColorDiffuse]">osd/buttons/_FO-neutral.png</texturefocus>
					<texturenofocus></texturenofocus>
					<label></label>
					<onclick>ActivateWindow(ShutdownMenu)</onclick>
					
					<include>IconPowerRadioTextures</include>
					
					<onleft>601</onleft>
					<onright>603</onright>
					<onup>noop</onup>
					<ondown>9003</ondown>
				</control>
				
				<control type="label">
					<animation effect="slide" start="0,0" end="-66,0" time="0" condition="String.IsEqual(Skin.String(HomeScreenSearchButton),1)">conditional</animation>
					<animation effect="slide" start="0,0" end="-69,0" time="0" condition="String.IsEmpty(Skin.String(HomeScreenKodiLogo)) | String.IsEqual(Skin.String(HomeScreenKodiLogo),0)">conditional</animation>
					<left>135</left>
					<top>63</top>
					<height>36</height>
					<width>126</width>
					<label>33060</label>
					<align>center</align>
					<aligny>top</aligny>
					<font>Regular16</font>
					<textcolor>white</textcolor>
					<visible>Control.HasFocus(602)</visible>
					<include>VisibleFadeEffect2</include>
				</control>
				
				
				
				
				
				
				<control type="togglebutton" id="603">
					<animation effect="slide" start="0,0" end="-66,0" time="0" condition="String.IsEqual(Skin.String(HomeScreenSearchButton),1)">conditional</animation>
					<animation effect="slide" start="0,0" end="-69,0" time="0" condition="String.IsEmpty(Skin.String(HomeScreenKodiLogo)) | String.IsEqual(Skin.String(HomeScreenKodiLogo),0)">conditional</animation>
					<left>255</left>
					<top>0</top>
					<height>60</height>
					<width>60</width>
					<textoffsetx>63</textoffsetx>
					<align>left</align>
					<aligny>center</aligny>
					<texturefocus>osd/buttons/OSDPauseFO-full.png</texturefocus>
					<texturenofocus>osd/buttons/OSDPauseNF-full.png</texturenofocus>
					<usealttexture>Player.Paused | Player.Forwarding | Player.Rewinding</usealttexture>
					<alttexturefocus>osd/buttons/OSDPlayFO-full.png</alttexturefocus>
					<alttexturenofocus>osd/buttons/OSDPlayNF-full.png</alttexturenofocus>
					<onleft>602</onleft>
					<onright>604</onright>
					<onup>noop</onup>
					<ondown>9003</ondown>
					<onclick>PlayerControl(Play)</onclick>
					<label></label>
					<visible>[Player.HasMedia + [Player.HasVideo | Player.HasAudio]] + !VideoPlayer.Content(LiveTV)</visible>
				</control>
				
				<control type="togglebutton" id="604">
					<animation effect="slide" start="0,0" end="-60,0" time="0" condition="VideoPlayer.Content(LiveTV)">conditional</animation>
					<animation effect="slide" start="0,0" end="-66,0" time="0" condition="String.IsEqual(Skin.String(HomeScreenSearchButton),1)">conditional</animation>
					<animation effect="slide" start="0,0" end="-69,0" time="0" condition="String.IsEmpty(Skin.String(HomeScreenKodiLogo)) | String.IsEqual(Skin.String(HomeScreenKodiLogo),0)">conditional</animation>
					<left>315</left>
					<top>0</top>
					<height>60</height>
					<width>60</width>
					<textoffsetx>63</textoffsetx>
					<align>left</align>
					<aligny>center</aligny>
					<texturefocus>osd/buttons/OSDStopFO-full.png</texturefocus>
					<texturenofocus>osd/buttons/OSDStopNF-full.png</texturenofocus>
					<usealttexture>false</usealttexture>
					<alttexturefocus>osd/buttons/OSDStopFO-full.png</alttexturefocus>
					<alttexturenofocus>osd/buttons/OSDStopNF-full.png</alttexturenofocus>
					<onleft>603</onleft>
					<onright>605</onright>
					<onup>noop</onup>
					<ondown>9003</ondown>
					<onclick>PlayerControl(Stop)</onclick>
					<label></label>
					<visible>[Player.HasMedia + [Player.HasVideo | Player.HasAudio]]</visible>
				</control>
				
				<control type="togglebutton" id="605">
					<animation effect="slide" start="0,0" end="-60,0" time="0" condition="VideoPlayer.Content(LiveTV)">conditional</animation>
					<animation effect="slide" start="0,0" end="-66,0" time="0" condition="String.IsEqual(Skin.String(HomeScreenSearchButton),1)">conditional</animation>
					<animation effect="slide" start="0,0" end="-69,0" time="0" condition="String.IsEmpty(Skin.String(HomeScreenKodiLogo)) | String.IsEqual(Skin.String(HomeScreenKodiLogo),0)">conditional</animation>
					<left>375</left>
					<top>0</top>
					<height>60</height>
					<width>60</width>
					<texturefocus>osd/buttons/OSDRecordOffFO-full.png</texturefocus>
					<texturenofocus>osd/buttons/OSDRecordOffNF.png</texturenofocus>
					<usealttexture>PVR.IsRecordingPlayingChannel</usealttexture>
					<alttexturefocus>osd/buttons/OSDRecordOnFO-full.png</alttexturefocus>
					<alttexturenofocus>osd/buttons/OSDRecordOnNF.png</alttexturenofocus>
					<onleft>604</onleft>
					<onright>601</onright>
					<onup>noop</onup>
					<ondown>9003</ondown>
					<onclick>PVR.ToggleRecordPlayingChannel</onclick>
					<label></label>
					<visible>[Player.HasMedia + [Player.HasVideo | Player.HasAudio]] + VideoPlayer.Content(LiveTV) + PVR.CanRecordPlayingChannel</visible>
				</control>
			</control>
			
		</control>
		
		
		
		<!-- CENTER BAR AREA (MAIN + SUB MENU) -->
		<control type="group">
			
			<include>idleFadeOutFull</include>
			
			<depth>DepthMenu</depth>
			<top>570</top>
			<include>Window_OpenClose_Animation_Full</include>
			
			<!-- SUB MENUS -->
			<control type="group" id="9001">
				<depth>DepthMenu-</depth>
				<left>0</left>
				<top>140</top>
				<onup>9000</onup>
				<ondown>9002</ondown>
				
				<visible>!Skin.HasSetting(KioskModeEnabled)</visible>
				
				<control type="group">
					<control type="grouplist" id="9019">
						<include>HomeSubMenuCommonValues</include>
						<onleft>9019</onleft>
						<onright>9019</onright>
						<visible>Container(9000).HasFocus(19) | Container(9000).HasFocus(199)</visible>
						<include>HomeSubMenuFavorites</include>
					</control>
				</control>
				
				<control type="group">
					<control type="grouplist" id="9016">
						<include>HomeSubMenuCommonValues</include>
						<onleft>9016</onleft>
						<onright>9016</onright>
						<visible>Container(9000).HasFocus(10)</visible>
						<include>HomeSubMenuMovies</include>
					</control>
				</control>
				
				<control type="group">
					<control type="grouplist" id="9017">
						<include>HomeSubMenuCommonValues</include>
						<onleft>9017</onleft>
						<onright>9017</onright>
						<visible>Container(9000).HasFocus(11)</visible>
						<include>HomeSubMenuTVShows</include>
					</control>
				</control>
				
				<control type="group">
					<control type="grouplist" id="9010">
						<include>HomeSubMenuCommonValues</include>
						<onleft>9010</onleft>
						<onright>9010</onright>
						<visible>Container(9000).HasFocus(2)</visible>
						<include>HomeSubMenuVideos</include>
					</control>
				</control>
				
				
				<control type="group">
					<control type="grouplist" id="9014">
						<include>HomeSubMenuCommonValues</include>
						<onleft>9014</onleft>
						<onright>9014</onright>
						<visible>Container(9000).HasFocus(12)</visible>
						<include>HomeSubMenuTV</include>
					</control>
				</control>
				
				<control type="group">

					<control type="grouplist" id="9024">
						<include>HomeSubMenuCommonValues</include>
						<onleft>9024</onleft>
						<onright>9024</onright>
						<visible>Container(9000).HasFocus(13)</visible>
						<include>HomeSubMenuRadio</include>
					</control>
				</control>
				
				<control type="group">

					<control type="grouplist" id="9011">
						<include>HomeSubMenuCommonValues</include>
						<onleft>9011</onleft>
						<onright>9011</onright>
						<visible>Container(9000).HasFocus(3)</visible>
						<include>HomeSubMenuMusic</include>
					</control>
				</control>
				
				<control type="group">
					<control type="grouplist" id="9015">
						<include>HomeSubMenuCommonValues</include>
						<onleft>9015</onleft>
						<onright>9015</onright>
						<visible>Container(9000).HasFocus(4)</visible>
						<include>HomeSubMenuPictures</include>
					</control>
				</control>
				
				<control type="group">

					<control type="grouplist" id="9019">
						<include>HomeSubMenuCommonValues</include>
						<onleft>9019</onleft>
						<onright>9019</onright>
						<visible>Container(9000).HasFocus(7)</visible>
						<include>HomeSubMenuWeather</include>
					</control>
				</control>
				
				<control type="group">
					<control type="grouplist" id="9018">
						<include>HomeSubMenuCommonValues</include>
						<onleft>9018</onleft>
						<onright>9018</onright>
						<visible>Container(9000).HasFocus(1)</visible>
						<include>HomeSubMenuAddons</include>
					</control>
				</control>
				
				<control type="group">
					<control type="grouplist" id="9013">
						<include>HomeSubMenuCommonValues</include>
						<onleft>9013</onleft>
						<onright>9013</onright>
						<visible>Container(9000).HasFocus(6)</visible>
						<include>HomeSubMenuPlayDisc</include>
					</control>
				</control>
				
				<control type="group">
					<control type="grouplist" id="9012">
						<include>HomeSubMenuCommonValues</include>
						<onleft>9012</onleft>
						<onright>9012</onright>
						<visible>Container(9000).HasFocus(5)</visible>
						<include>HomeSubMenuSystem</include>
					</control>
				</control>
				
				<control type="group">
					<control type="grouplist" id="9020">
						<include>HomeSubMenuCommonValues</include>
						<onleft>9020</onleft>
						<onright>9020</onright>
						<visible>Container(9000).HasFocus(14)</visible>
						<include>HomeSubMenuGames</include>
					</control>
				</control>
				
			</control>
			
			
			
			<!-- MAIN MENU DARK BG -->
			<control type="image">
				<left>0</left>
				<top>-70</top>
				<width>1920</width>
				<height>200</height>
				<texture colordiffuse="FF0a0a0a">colors/white.png</texture>
				
				<animation effect="fade" start="50" end="80" time="500" condition="![![String.IsEqual(Skin.String(BackgroundType),99) + [String.IsEqual(Skin.String(UseCustomBackground),0) | String.IsEmpty(Skin.String(UseCustomBackground))]] | [Player.HasVideo + !Skin.HasSetting(ShowBackgroundVideo)] | [!Skin.HasSetting(HideBackGroundFanart) + !String.IsEmpty(Control.GetLabel(234235))] | [!Player.HasVideo + Player.HasAudio + !Skin.HasSetting(ShowBackgroundVis) + !Slideshow.IsActive + !String.IsEmpty(Visualisation.Name) + String.IsEmpty(Window(Videos).Property(PlayingBackgroundMedia))]]">Conditional</animation>
				
				<animation effect="fade" start="80" end="50" time="500" condition="![String.IsEqual(Skin.String(BackgroundType),99) + [String.IsEqual(Skin.String(UseCustomBackground),0) | String.IsEmpty(Skin.String(UseCustomBackground))]] | [Player.HasVideo + !Skin.HasSetting(ShowBackgroundVideo)] | [!Skin.HasSetting(HideBackGroundFanart) + !String.IsEmpty(Control.GetLabel(234235))] | [!Player.HasVideo + Player.HasAudio + !Skin.HasSetting(ShowBackgroundVis) + !Slideshow.IsActive + !String.IsEmpty(Visualisation.Name) + String.IsEmpty(Window(Videos).Property(PlayingBackgroundMedia))]">Conditional</animation>
				
			</control>
			
			
			
			
			
			<!-- MAIN MENU FIXEDLIST -->
			<control type="fixedlist" id="9000">
				<left>3</left>
				<top>-60</top>
				<width>1913</width>
				<height>180</height>
				<onleft>9000</onleft>
				<onright>9000</onright>
				
				<onup>9003</onup>
				
				<ondown condition="Container(9000).Hasfocus(10)">9016</ondown>
				<ondown condition="Container(9000).Hasfocus(11)">9017</ondown>
				<ondown condition="Container(9000).Hasfocus(2)">9010</ondown>
				<ondown condition="Container(9000).Hasfocus(12)">9014</ondown>
				<ondown condition="Container(9000).Hasfocus(13)">9024</ondown>
				<ondown condition="Container(9000).Hasfocus(3)">9011</ondown>
				<ondown condition="Container(9000).Hasfocus(4)">9015</ondown>
				<ondown condition="Container(9000).Hasfocus(7)">9019</ondown>
				<ondown condition="Container(9000).Hasfocus(1)">9018</ondown>
				<ondown condition="Container(9000).Hasfocus(6)">9013</ondown>
				<ondown condition="Container(9000).Hasfocus(5)">9012</ondown>
				<ondown condition="Container(9000).Hasfocus(14)">9020</ondown>
				
				<!-- Favorites (Can be first or secondToLast main menu item) -->
				<ondown condition="Container(9000).Hasfocus(19) | Container(9000).Hasfocus(199)">9019</ondown>
				
				<ondown>9001</ondown>
				
				<pagecontrol></pagecontrol>
				<scrolltime tween="sine" easing="inout">250</scrolltime>
				<focusposition>5</focusposition>
				<movement>99</movement>
				
				<!--
				Home screen main menu default focus code
				Needed for Kodi 17 (not above)
				
				<include condition="[!Skin.HasSetting(HomeMenuNoFavoritesButton) + Skin.HasSetting(HomeMenuFavoritesButtonMakeFirstItem)]" 
						content="setDefaultControl">
					<param name="uid" value="19" />
				</include>
				<include condition="![!Skin.HasSetting(HomeMenuNoFavoritesButton) + Skin.HasSetting(HomeMenuFavoritesButtonMakeFirstItem)] + 
									[!Skin.HasSetting(HomeMenuNoMovieButton) + Library.HasContent(Movies)]" 
						content="setDefaultControl">
					<param name="uid" value="10" />
				</include>
				<include condition="![!Skin.HasSetting(HomeMenuNoFavoritesButton) + Skin.HasSetting(HomeMenuFavoritesButtonMakeFirstItem)] + 
									![!Skin.HasSetting(HomeMenuNoMovieButton) + Library.HasContent(Movies)] + 
									[!Skin.HasSetting(HomeMenuNoTVShowButton) + Library.HasContent(TVShows)]" 
						content="setDefaultControl">
					<param name="uid" value="11" />
				</include>
				<include condition="![!Skin.HasSetting(HomeMenuNoFavoritesButton) + Skin.HasSetting(HomeMenuFavoritesButtonMakeFirstItem)] + 
									![!Skin.HasSetting(HomeMenuNoMovieButton) + Library.HasContent(Movies)] + 
									![!Skin.HasSetting(HomeMenuNoTVShowButton) + Library.HasContent(TVShows)] + 
									[!Skin.HasSetting(HomeMenuNoVideosButton)]" 
						content="setDefaultControl">
					<param name="uid" value="2" />
				</include>
				<include condition="![!Skin.HasSetting(HomeMenuNoFavoritesButton) + Skin.HasSetting(HomeMenuFavoritesButtonMakeFirstItem)] + 
									![!Skin.HasSetting(HomeMenuNoMovieButton) + Library.HasContent(Movies)] + 
									![!Skin.HasSetting(HomeMenuNoTVShowButton) + Library.HasContent(TVShows)] + 
									![!Skin.HasSetting(HomeMenuNoVideosButton)] + 
									[!Skin.HasSetting(HomeMenuNoPVRTVButton) + System.HasPVRAddon]" 
						content="setDefaultControl">
					<param name="uid" value="12" />
				</include>
				<include condition="![!Skin.HasSetting(HomeMenuNoFavoritesButton) + Skin.HasSetting(HomeMenuFavoritesButtonMakeFirstItem)] + 
									![!Skin.HasSetting(HomeMenuNoMovieButton) + Library.HasContent(Movies)] + 
									![!Skin.HasSetting(HomeMenuNoTVShowButton) + Library.HasContent(TVShows)] + 
									![!Skin.HasSetting(HomeMenuNoVideosButton)] + 
									![!Skin.HasSetting(HomeMenuNoPVRTVButton) + System.HasPVRAddon] + 
									[!Skin.HasSetting(HomeMenuNoPVRRadioButton) + System.HasPVRAddon]" 
						content="setDefaultControl">
					<param name="uid" value="13" />
				</include>
				<include condition="![!Skin.HasSetting(HomeMenuNoFavoritesButton) + Skin.HasSetting(HomeMenuFavoritesButtonMakeFirstItem)] + 
									![!Skin.HasSetting(HomeMenuNoMovieButton) + Library.HasContent(Movies)] + 
									![!Skin.HasSetting(HomeMenuNoTVShowButton) + Library.HasContent(TVShows)] + 
									![!Skin.HasSetting(HomeMenuNoVideosButton)] + 
									![!Skin.HasSetting(HomeMenuNoPVRTVButton) + System.HasPVRAddon] + 
									![!Skin.HasSetting(HomeMenuNoPVRRadioButton) + System.HasPVRAddon] + 
									[!Skin.HasSetting(HomeMenuNoMusicButton)]" 
						content="setDefaultControl">
					<param name="uid" value="3" />
				</include>
				<include condition="![!Skin.HasSetting(HomeMenuNoFavoritesButton) + Skin.HasSetting(HomeMenuFavoritesButtonMakeFirstItem)] + 
									![!Skin.HasSetting(HomeMenuNoMovieButton) + Library.HasContent(Movies)] + 
									![!Skin.HasSetting(HomeMenuNoTVShowButton) + Library.HasContent(TVShows)] + 
									![!Skin.HasSetting(HomeMenuNoVideosButton)] + 
									![!Skin.HasSetting(HomeMenuNoPVRTVButton) + System.HasPVRAddon] + 
									![!Skin.HasSetting(HomeMenuNoPVRRadioButton) + System.HasPVRAddon] + 
									![!Skin.HasSetting(HomeMenuNoMusicButton)] + 
									[!Skin.HasSetting(HomeMenuNoPicturesButton)]" 
						content="setDefaultControl">
					<param name="uid" value="4" />
				</include>
				<include condition="![!Skin.HasSetting(HomeMenuNoFavoritesButton) + Skin.HasSetting(HomeMenuFavoritesButtonMakeFirstItem)] + 
									![!Skin.HasSetting(HomeMenuNoMovieButton) + Library.HasContent(Movies)] + 
									![!Skin.HasSetting(HomeMenuNoTVShowButton) + Library.HasContent(TVShows)] + 
									![!Skin.HasSetting(HomeMenuNoVideosButton)] + 
									![!Skin.HasSetting(HomeMenuNoPVRTVButton) + System.HasPVRAddon] + 
									![!Skin.HasSetting(HomeMenuNoPVRRadioButton) + System.HasPVRAddon] + 
									![!Skin.HasSetting(HomeMenuNoMusicButton)] + 
									![!Skin.HasSetting(HomeMenuNoPicturesButton)] + 
									[!Skin.HasSetting(HomeMenuNoWeatherButton)]" 
						content="setDefaultControl">
					<param name="uid" value="7" />
				</include>
				<include condition="![!Skin.HasSetting(HomeMenuNoFavoritesButton) + Skin.HasSetting(HomeMenuFavoritesButtonMakeFirstItem)] + 
									![!Skin.HasSetting(HomeMenuNoMovieButton) + Library.HasContent(Movies)] + 
									![!Skin.HasSetting(HomeMenuNoTVShowButton) + Library.HasContent(TVShows)] + 
									![!Skin.HasSetting(HomeMenuNoVideosButton)] + 
									![!Skin.HasSetting(HomeMenuNoPVRTVButton) + System.HasPVRAddon] + 
									![!Skin.HasSetting(HomeMenuNoPVRRadioButton) + System.HasPVRAddon] + 
									![!Skin.HasSetting(HomeMenuNoMusicButton)] + 
									![!Skin.HasSetting(HomeMenuNoPicturesButton)] + 
									![!Skin.HasSetting(HomeMenuNoWeatherButton)] + 
									[!Skin.HasSetting(HomeMenuNoProgramsButton)]" 
						content="setDefaultControl">
					<param name="uid" value="1" />
				</include>
				<include condition="![!Skin.HasSetting(HomeMenuNoFavoritesButton) + Skin.HasSetting(HomeMenuFavoritesButtonMakeFirstItem)] + 
									![!Skin.HasSetting(HomeMenuNoMovieButton) + Library.HasContent(Movies)] + 
									![!Skin.HasSetting(HomeMenuNoTVShowButton) + Library.HasContent(TVShows)] + 
									![!Skin.HasSetting(HomeMenuNoVideosButton)] + 
									![!Skin.HasSetting(HomeMenuNoPVRTVButton) + System.HasPVRAddon] + 
									![!Skin.HasSetting(HomeMenuNoPVRRadioButton) + System.HasPVRAddon] + 
									![!Skin.HasSetting(HomeMenuNoMusicButton)] + 
									![!Skin.HasSetting(HomeMenuNoPicturesButton)] + 
									![!Skin.HasSetting(HomeMenuNoWeatherButton)] + 
									![!Skin.HasSetting(HomeMenuNoProgramsButton)] + 
									[!Skin.HasSetting(HomeMenuNoPlayDiscButton) + System.HasMediaDVD]" 
						content="setDefaultControl">
					<param name="uid" value="6" />
				</include>
				<include condition="![!Skin.HasSetting(HomeMenuNoFavoritesButton) + Skin.HasSetting(HomeMenuFavoritesButtonMakeFirstItem)] + 
									![!Skin.HasSetting(HomeMenuNoMovieButton) + Library.HasContent(Movies)] + 
									![!Skin.HasSetting(HomeMenuNoTVShowButton) + Library.HasContent(TVShows)] + 
									![!Skin.HasSetting(HomeMenuNoVideosButton)] + 
									![!Skin.HasSetting(HomeMenuNoPVRTVButton) + System.HasPVRAddon] + 
									![!Skin.HasSetting(HomeMenuNoPVRRadioButton) + System.HasPVRAddon] + 
									![!Skin.HasSetting(HomeMenuNoMusicButton)] + 
									![!Skin.HasSetting(HomeMenuNoPicturesButton)] + 
									![!Skin.HasSetting(HomeMenuNoWeatherButton)] + 
									![!Skin.HasSetting(HomeMenuNoProgramsButton)] + 
									![!Skin.HasSetting(HomeMenuNoPlayDiscButton) + System.HasMediaDVD]" 
						content="setDefaultControl">
					<param name="uid" value="5" />
				</include>
				-->
				
				<orientation>Horizontal</orientation>
				<animation effect="slide" start="0,0" end="-87,0" time="0" condition="Integer.IsEqual(Container(9000).NumItems,10) | Integer.IsEqual(Container(9000).NumItems,8) | Integer.IsEqual(Container(9000).NumItems,6) | Integer.IsEqual(Container(9000).NumItems,4) | Integer.IsEqual(Container(9000).NumItems,2)">conditional</animation>
				
				<!-- MAIN MENU itemlayout -->
				<itemlayout height="180" width="174">
					<control type="image">
						<left>17</left>
						<top>44</top>
						<width>140</width>
						<height>92</height>
						<aspectratio>scale</aspectratio>
						<texture background="true" colordiffuse="b9848484">$INFO[ListItem.Icon]</texture>
					</control>
				</itemlayout>
				
				<!-- MAIN MENU focusedlayout -->
				<focusedlayout height="180" width="174">
					
					<control type="group">
						<control type="image">
							<left>0</left>
							<top>0</top>
							<width>174</width>
							<height>180</height>
							<texture colordiffuse="$VAR[mainMenuColorDiffuseInActive]" diffuse="colors/diffuse/174x180-rounded.png">_added_img/main_menu-inactive.png</texture>
							<aspectratio scalediffuse="false">stretch</aspectratio>
							<visible>!Control.HasFocus(9000)</visible>
						</control>
						
					</control>
					
					<control type="image">
						<left>0</left>
						<top>0</top>
						<width>174</width>
						<height>180</height>
						<texture colordiffuse="$VAR[mainMenuColorDiffuseActive]" diffuse="colors/diffuse/174x180-rounded.png">_added_img/main_menu.png</texture>
						<aspectratio scalediffuse="false">stretch</aspectratio>
						<visible>Control.HasFocus(9000)</visible>
						<animation effect="fade" end="100" time="0">Visible</animation>
						<animation effect="fade" end="0" time="500">Hidden</animation>
						<animation effect="zoom" start="90" end="100" time="500" tween="sine" center="87,90">Focus</animation>
					</control>
					
					<control type="image">
						<left>9</left>
						<top>39</top>
						<width>156</width>
						<height>102</height>
						<aspectratio>scale</aspectratio>
						<texture>$INFO[ListItem.Icon]</texture>
						<animation effect="slide" start="0,0" end="0,-21" time="500" tween="quadratic" easing="out">Focus</animation>
						<animation effect="slide" start="0,-21" end="0,0" time="200" tween="quadratic" easing="out">UnFocus</animation>
						<animation effect="fade" start="100" end="85" time="500" condition="!Control.HasFocus(9000)">Conditional</animation>
					</control>
					
					<control type="label">
						<left>0</left>
						<top>96</top>
						<width>174</width>
						<height>75</height>
						<font>Regular23</font>
						<textcolor>white</textcolor>
						<align>center</align>
						<aligny>center</aligny>
						<label>$INFO[ListItem.Label]</label>
						<visible>Control.HasFocus(9000)</visible>
						
						<animation effect="fade" end="100" time="500">Visible</animation>
						<animation effect="fade" end="0" time="200">Hidden</animation>
						
						<animation effect="fade" end="100" time="500">Focus</animation>
						<animation effect="fade" end="0" time="200">UnFocus</animation>
					</control>
					
				</focusedlayout>
				
				<!-- MAIN MENU CONTENT -->
				<content>
					
					
					<item id="19">
						<label>$LOCALIZE[1036]</label>
						<onclick condition="[String.StartsWith(System.BuildVersion,22.) | String.StartsWith(System.BuildVersion,21.)]">ActivateWindow(FavouritesBrowser)</onclick>
						<onclick condition="![String.StartsWith(System.BuildVersion,22.) | String.StartsWith(System.BuildVersion,21.)]">ActivateWindow(Favourites)</onclick>
						<icon>home_icons/uhd/_home_icon_favorites.png</icon>
						<visible>!Skin.HasSetting(HomeMenuNoFavoritesButton) + Skin.HasSetting(HomeMenuFavoritesButtonMakeFirstItem)</visible>
					</item>
					<item id="10">
						<label>342</label>
						<onclick>ActivateWindow(Videos,MovieTitles,return)</onclick>
						<icon>home_icons/uhd/_home_icon_movies.png</icon>
						<visible>!Skin.HasSetting(HomeMenuNoMovieButton) + Library.HasContent(Movies)</visible>
					</item>
					<item id="11">
						<label>20343</label>
						<onclick>ActivateWindow(Videos,TVShowTitles,return)</onclick>
						<icon>home_icons/uhd/_home_icon_tvshows.png</icon>
						<visible>!Skin.HasSetting(HomeMenuNoTVShowButton) + Library.HasContent(TVShows)</visible>
					</item>
					<item id="2">
						<label>3</label>
						<onclick>ActivateWindow(Videos,root)</onclick>
						<icon>home_icons/uhd/_home_icon_videos$VAR[VideosIconAlternativeSuffix].png</icon>
						<visible>!Skin.HasSetting(HomeMenuNoVideosButton)</visible>
					</item>
					<item id="12">
						<label>19020</label>
						<onclick condition="PVR.HasTVChannels">ActivateWindow(TVChannels)</onclick>
						<include>PVRTVNoChannelsOnClickNotify</include>
						<icon>home_icons/uhd/_home_icon_tv.png</icon>
						<visible>!Skin.HasSetting(HomeMenuNoPVRTVButton) + System.HasPVRAddon</visible>
					</item>
					<item id="13">
						<label>19021</label>
						<onclick condition="PVR.HasRadioChannels">ActivateWindow(RadioChannels)</onclick>
						<include>PVRRadioNoChannelsOnClickNotify</include>
						<icon>home_icons/uhd/_home_icon_radio.png</icon>
						<visible>!Skin.HasSetting(HomeMenuNoPVRRadioButton) + System.HasPVRAddon</visible>
					</item>
					<item id="3">
						<label>2</label>
						<onclick>ActivateWindow(Music,root)</onclick>
						<icon>home_icons/uhd/_home_icon_music.png</icon>
						<visible>!Skin.HasSetting(HomeMenuNoMusicButton)</visible>
					</item>
					<item id="4">
						<label>1</label>
						<onclick>ActivateWindow(Pictures)</onclick>
						<icon>home_icons/uhd/_home_icon_pictures.png</icon>
						<visible>!Skin.HasSetting(HomeMenuNoPicturesButton)</visible>
					</item>
					<item id="7">
						<label>8</label>
						<onclick condition="!String.IsEmpty(Weather.Plugin)">ActivateWindow(Weather)</onclick>
						<onclick condition="String.IsEmpty(Weather.Plugin)">ActivateWindow(servicesettings,weather)</onclick>
						<icon>home_icons/uhd/_home_icon_weather.png</icon>
						<visible>!Skin.HasSetting(HomeMenuNoWeatherButton)</visible>
					</item>
					<item id="1">
						<label>24001</label>
						<onclick>ActivateWindow(AddonBrowser)</onclick>
						<icon>home_icons/uhd/_home_icon_addons.png</icon>
						<visible>!Skin.HasSetting(HomeMenuNoProgramsButton)</visible>
					</item>
					<item id="6">
						<label>341</label>
						<onclick>PlayDVD()</onclick>
						<icon>home_icons/uhd/_home_icon_playdvd.png</icon>
						<visible>!Skin.HasSetting(HomeMenuNoPlayDiscButton) + System.HasMediaDVD</visible>
					</item>
					<!-- Kodi 18+ Games -->
					<item id="14">
						<label>15016</label>
						<onclick>ActivateWindow(Games)</onclick>
						<icon>home_icons/uhd/_home_icon_games.png</icon>
						<visible>Skin.HasSetting(HomeMenuHasGamesButton)</visible>
					</item>
					<item id="199">
						<label>$LOCALIZE[1036]</label>
						<onclick condition="[String.StartsWith(System.BuildVersion,22.) | String.StartsWith(System.BuildVersion,21.)]">ActivateWindow(FavouritesBrowser)</onclick>
						<onclick condition="![String.StartsWith(System.BuildVersion,22.) | String.StartsWith(System.BuildVersion,21.)]">ActivateWindow(Favourites)</onclick>
						<icon>home_icons/uhd/_home_icon_favorites.png</icon>
						<visible>!Skin.HasSetting(HomeMenuNoFavoritesButton) + !Skin.HasSetting(HomeMenuFavoritesButtonMakeFirstItem)</visible>
					</item>
					<item id="5">
						<label>13000</label>
						<onclick>ActivateWindow(Settings)</onclick>
						<icon>home_icons/uhd/_home_icon_settings.png</icon>
					</item>
				</content>
				
				
			</control>
			
			<!-- main menu scrollable items available indicator LEFT -->
			<control type="image">
				<left>0</left>
				<top>-60</top>
				<width>10</width>
				<height>180</height>
				<texture colordiffuse="FF333333" border="5">colors/white_border5.png</texture>
				<visible>Integer.IsGreater(Container(9000).NumItems,11) + 
						[ Integer.IsGreater(Container(9000).CurrentItem,6) ]</visible>
			</control>
			<!-- main menu scrollable items available indicator RIGHT -->
			<control type="image">
				<left>1910</left>
				<top>-60</top>
				<width>10</width>
				<height>180</height>
				<texture colordiffuse="FF333333" border="5">colors/white_border5.png</texture>
				<visible>Integer.IsGreater(Container(9000).NumItems,11) + 
						[
						[ Integer.IsEqual(Container(9000).NumItems,12) + Integer.IsLess(Container(9000).Currentitem,7) ] | 
						[ Integer.IsEqual(Container(9000).NumItems,13) + Integer.IsLess(Container(9000).Currentitem,8) ]
						]</visible>
			</control>
			
		</control>
		
		<!-- HOME WIDGETS -->
		<control type="group" id="9002">
			<include>idleFadeOutFull</include>
			<depth>DepthMenu</depth>
			
			<onup condition="Container(9000).Hasfocus(2)">9010</onup>
			<onup condition="Container(9000).Hasfocus(10)">9016</onup>
			<onup condition="Container(9000).Hasfocus(11)">9017</onup>
			
			<onup condition="Container(9000).Hasfocus(12)">9014</onup>
			<onup condition="Container(9000).Hasfocus(13)">9024</onup>
			
			<onup condition="Container(9000).Hasfocus(3)">9011</onup>
			<onup condition="Container(9000).Hasfocus(4)">9015</onup>
			
			<onup condition="Container(9000).Hasfocus(1)">9018</onup>
			
			<onup>9001</onup>
			
			<ondown>20</ondown>
			
			<!-- Kodi 18+ Games -->
			<!-- GAMES addons -->
			<control type="fixedlist" id="710">
				<animation effect="slide" start="0,0" end="-137,0" time="0" condition="String.IsEqual(Container(710).NumItems,2) | String.IsEqual(Container(710).NumItems,4) | String.IsEqual(Container(710).NumItems,6)">conditional</animation>
				<visible>Container(9000).HasFocus(14)</visible>
				<onleft>710</onleft>
				<onright>710</onright>
				<onup condition="Container(9000).Hasfocus(14)">9020</onup>
				<onup>9001</onup>
				<ondown>20</ondown>
				<include condition="[!String.IsEmpty(Skin.String(HomeGamesButton1))]" content="setDefaultControlAlways">
					<param name="uid" value="900271" />
				</include>
				<include condition="![!String.IsEmpty(Skin.String(HomeGamesButton1))] + [!String.IsEmpty(Skin.String(HomeGamesButton2))]" content="setDefaultControlAlways">
					<param name="uid" value="900272" />
				</include>
				<include condition="![!String.IsEmpty(Skin.String(HomeGamesButton1))] + ![!String.IsEmpty(Skin.String(HomeGamesButton2))] + [!String.IsEmpty(Skin.String(HomeGamesButton3))]" content="setDefaultControlAlways">
					<param name="uid" value="900273" />
				</include>
				<include condition="![!String.IsEmpty(Skin.String(HomeGamesButton1))] + ![!String.IsEmpty(Skin.String(HomeGamesButton2))] + ![!String.IsEmpty(Skin.String(HomeGamesButton3))] + [!String.IsEmpty(Skin.String(HomeGamesButton4))]" content="setDefaultControlAlways">
					<param name="uid" value="900274" />
				</include>
				<include condition="![!String.IsEmpty(Skin.String(HomeGamesButton1))] + ![!String.IsEmpty(Skin.String(HomeGamesButton2))] + ![!String.IsEmpty(Skin.String(HomeGamesButton3))] + ![!String.IsEmpty(Skin.String(HomeGamesButton4))] + [!String.IsEmpty(Skin.String(HomeGamesButton5))]" content="setDefaultControlAlways">
					<param name="uid" value="900275" />
				</include>
				<include condition="![!String.IsEmpty(Skin.String(HomeGamesButton1))] + ![!String.IsEmpty(Skin.String(HomeGamesButton2))] + ![!String.IsEmpty(Skin.String(HomeGamesButton3))] + ![!String.IsEmpty(Skin.String(HomeGamesButton4))] + ![!String.IsEmpty(Skin.String(HomeGamesButton5))] + [!String.IsEmpty(Skin.String(HomeGamesButton6))]" content="setDefaultControlAlways">
					<param name="uid" value="900276" />
				</include>
				<include condition="![!String.IsEmpty(Skin.String(HomeGamesButton1))] + ![!String.IsEmpty(Skin.String(HomeGamesButton2))] + ![!String.IsEmpty(Skin.String(HomeGamesButton3))] + ![!String.IsEmpty(Skin.String(HomeGamesButton4))] + ![!String.IsEmpty(Skin.String(HomeGamesButton5))] + ![!String.IsEmpty(Skin.String(HomeGamesButton6))] + [!String.IsEmpty(Skin.String(HomeGamesButton7))]" content="setDefaultControlAlways">
					<param name="uid" value="900277" />
				</include>
				<include>HomeAddonsCommonLayout</include>
				<content>
					<include condition="!Skin.HasSetting(HomeScreenHideAddonShortcuts)">HomeAddonItemsGames</include>
				</content>
			</control>
			
			
			<!-- FAVORITES -->
			<control type="fixedlist" id="709">
				<animation effect="slide" start="0,0" end="-137,0" time="0" condition="Integer.IsEqual(Container(709).NumItems,2) | Integer.IsEqual(Container(709).NumItems,4) | Integer.IsEqual(Container(709).NumItems,6)">conditional</animation>
				<visible>Container(9000).HasFocus(19) | Container(9000).HasFocus(199)</visible>
				<onleft>709</onleft>
				<onright>709</onright>
				<onup condition="Container(9000).Hasfocus(12)">9014</onup>
				<onup condition="Container(9000).Hasfocus(13)">9024</onup>
				<onup>9001</onup>
				<ondown>20</ondown>
				<include condition="[!String.IsEmpty(Skin.String(HomeFavoritesButton1))]" 
						content="setDefaultControlAlways">
					<param name="uid" value="900201" />
				</include>
				<include condition="![!String.IsEmpty(Skin.String(HomeFavoritesButton1))] + 
									[!String.IsEmpty(Skin.String(HomeFavoritesButton2))]" 
						content="setDefaultControlAlways">
					<param name="uid" value="900202" />
				</include>
				<include condition="![!String.IsEmpty(Skin.String(HomeFavoritesButton1))] + 
									![!String.IsEmpty(Skin.String(HomeFavoritesButton2))] + 
									[!String.IsEmpty(Skin.String(HomeFavoritesButton3))]" 
						content="setDefaultControlAlways">
					<param name="uid" value="900203" />
				</include>
				<include condition="![!String.IsEmpty(Skin.String(HomeFavoritesButton1))] + 
									![!String.IsEmpty(Skin.String(HomeFavoritesButton2))] + 
									![!String.IsEmpty(Skin.String(HomeFavoritesButton3))] + 
									[!String.IsEmpty(Skin.String(HomeFavoritesButton4))]" 
						content="setDefaultControlAlways">
					<param name="uid" value="900204" />
				</include>
				<include condition="![!String.IsEmpty(Skin.String(HomeFavoritesButton1))] + 
									![!String.IsEmpty(Skin.String(HomeFavoritesButton2))] + 
									![!String.IsEmpty(Skin.String(HomeFavoritesButton3))] + 
									![!String.IsEmpty(Skin.String(HomeFavoritesButton4))] + 
									[!String.IsEmpty(Skin.String(HomeFavoritesButton5))]" 
						content="setDefaultControlAlways">
					<param name="uid" value="900205" />
				</include>
				<include condition="![!String.IsEmpty(Skin.String(HomeFavoritesButton1))] + 
									![!String.IsEmpty(Skin.String(HomeFavoritesButton2))] + 
									![!String.IsEmpty(Skin.String(HomeFavoritesButton3))] + 
									![!String.IsEmpty(Skin.String(HomeFavoritesButton4))] + 
									![!String.IsEmpty(Skin.String(HomeFavoritesButton5))] + 
									[!String.IsEmpty(Skin.String(HomeFavoritesButton6))]" 
						content="setDefaultControlAlways">
					<param name="uid" value="900206" />
				</include>
				<include condition="![!String.IsEmpty(Skin.String(HomeFavoritesButton1))] + 
									![!String.IsEmpty(Skin.String(HomeFavoritesButton2))] + 
									![!String.IsEmpty(Skin.String(HomeFavoritesButton3))] + 
									![!String.IsEmpty(Skin.String(HomeFavoritesButton4))] + 
									![!String.IsEmpty(Skin.String(HomeFavoritesButton5))] + 
									![!String.IsEmpty(Skin.String(HomeFavoritesButton6))] + 
									[!String.IsEmpty(Skin.String(HomeFavoritesButton7))]" 
						content="setDefaultControlAlways">
					<param name="uid" value="900207" />
				</include>
				<include>HomeAddonsCommonLayout</include>
				<content>
					<include condition="!Skin.HasSetting(HomeScreenHideAddonShortcuts)">HomeAddonItemsFavorites</include>
				</content>
			</control>
			
			
			<!-- MOVIES, TV SHOWS, VIDEOS -->
			<control type="fixedlist" id="700">
				<animation effect="slide" start="0,0" end="-137,0" time="0" condition="Integer.IsEqual(Container(700).NumItems,2) | Integer.IsEqual(Container(700).NumItems,4) | Integer.IsEqual(Container(700).NumItems,6)">conditional</animation>
				<visible>Container(9000).HasFocus(2) | Container(9000).HasFocus(10) | Container(9000).HasFocus(11)</visible>
				<onleft>700</onleft>
				<onright>700</onright>
				<onup condition="Container(9000).Hasfocus(2)">9010</onup>
				<onup condition="Container(9000).Hasfocus(10)">9016</onup>
				<onup condition="Container(9000).Hasfocus(11)">9017</onup>
				<onup>9001</onup>
				<ondown>20</ondown>
				<include condition="[Skin.HasSetting(HomeVideosButtonSuperFolder1) + Skin.HasSetting(HomeVideosButtonSuperFolder1StartWith)]" 
						content="setDefaultControlAlways">
					<param name="uid" value="900211" />
				</include>
				<include condition="![Skin.HasSetting(HomeVideosButtonSuperFolder1) + Skin.HasSetting(HomeVideosButtonSuperFolder1StartWith)] + 
									[!String.IsEmpty(Skin.String(HomeVideosButton1))]" 
						content="setDefaultControlAlways">
					<param name="uid" value="900212" />
				</include>
				<include condition="![Skin.HasSetting(HomeVideosButtonSuperFolder1) + Skin.HasSetting(HomeVideosButtonSuperFolder1StartWith)] + 
									![!String.IsEmpty(Skin.String(HomeVideosButton1))] + 
									[!String.IsEmpty(Skin.String(HomeVideosButton2))]" 
						content="setDefaultControlAlways">
					<param name="uid" value="900213" />
				</include>
				<include condition="![Skin.HasSetting(HomeVideosButtonSuperFolder1) + Skin.HasSetting(HomeVideosButtonSuperFolder1StartWith)] + 
									![!String.IsEmpty(Skin.String(HomeVideosButton1))] + 
									![!String.IsEmpty(Skin.String(HomeVideosButton2))] + 
									[!String.IsEmpty(Skin.String(HomeVideosButton3))]" 
						content="setDefaultControlAlways">
					<param name="uid" value="900214" />
				</include>
				<include condition="![Skin.HasSetting(HomeVideosButtonSuperFolder1) + Skin.HasSetting(HomeVideosButtonSuperFolder1StartWith)] + 
									![!String.IsEmpty(Skin.String(HomeVideosButton1))] + 
									![!String.IsEmpty(Skin.String(HomeVideosButton2))] + 
									![!String.IsEmpty(Skin.String(HomeVideosButton3))] + 
									[!String.IsEmpty(Skin.String(HomeVideosButton4))]" 
						content="setDefaultControlAlways">
					<param name="uid" value="900215" />
				</include>
				<include condition="![Skin.HasSetting(HomeVideosButtonSuperFolder1) + Skin.HasSetting(HomeVideosButtonSuperFolder1StartWith)] + 
									![!String.IsEmpty(Skin.String(HomeVideosButton1))] + 
									![!String.IsEmpty(Skin.String(HomeVideosButton2))] + 
									![!String.IsEmpty(Skin.String(HomeVideosButton3))] + 
									![!String.IsEmpty(Skin.String(HomeVideosButton4))] + 
									[!String.IsEmpty(Skin.String(HomeVideosButton5))]" 
						content="setDefaultControlAlways">
					<param name="uid" value="900216" />
				</include>
				<include condition="![Skin.HasSetting(HomeVideosButtonSuperFolder1) + Skin.HasSetting(HomeVideosButtonSuperFolder1StartWith)] + 
									![!String.IsEmpty(Skin.String(HomeVideosButton1))] + 
									![!String.IsEmpty(Skin.String(HomeVideosButton2))] + 
									![!String.IsEmpty(Skin.String(HomeVideosButton3))] + 
									![!String.IsEmpty(Skin.String(HomeVideosButton4))] + 
									![!String.IsEmpty(Skin.String(HomeVideosButton5))] + 
									[!String.IsEmpty(Skin.String(HomeVideosButton6))]" 
						content="setDefaultControlAlways">
					<param name="uid" value="900217" />
				</include>
				<include condition="![Skin.HasSetting(HomeVideosButtonSuperFolder1) + Skin.HasSetting(HomeVideosButtonSuperFolder1StartWith)] + 
									![!String.IsEmpty(Skin.String(HomeVideosButton1))] + 
									![!String.IsEmpty(Skin.String(HomeVideosButton2))] + 
									![!String.IsEmpty(Skin.String(HomeVideosButton3))] + 
									![!String.IsEmpty(Skin.String(HomeVideosButton4))] + 
									![!String.IsEmpty(Skin.String(HomeVideosButton5))] + 
									![!String.IsEmpty(Skin.String(HomeVideosButton6))] + 
									[!String.IsEmpty(Skin.String(HomeVideosButton7))]" 
						content="setDefaultControlAlways">
					<param name="uid" value="900218" />
				</include>
				<include condition="![Skin.HasSetting(HomeVideosButtonSuperFolder1) + Skin.HasSetting(HomeVideosButtonSuperFolder1StartWith)] + 
									![!String.IsEmpty(Skin.String(HomeVideosButton1))] + 
									![!String.IsEmpty(Skin.String(HomeVideosButton2))] + 
									![!String.IsEmpty(Skin.String(HomeVideosButton3))] + 
									![!String.IsEmpty(Skin.String(HomeVideosButton4))] + 
									![!String.IsEmpty(Skin.String(HomeVideosButton5))] + 
									![!String.IsEmpty(Skin.String(HomeVideosButton6))] + 
									![!String.IsEmpty(Skin.String(HomeVideosButton7))] + 
									[Skin.HasSetting(HomeVideosButtonSuperFolder1) + !Skin.HasSetting(HomeVideosButtonSuperFolder1StartWith)]" 
						content="setDefaultControlAlways">
					<param name="uid" value="900219" />
				</include>
				<include>HomeAddonsCommonLayout</include>
				<content>
					<include condition="!Skin.HasSetting(HomeScreenHideAddonShortcuts)">HomeAddonItemsVideos</include>
				</content>
			</control>
			
			
			<!-- PVR -->
			<control type="fixedlist" id="706">
				<animation effect="slide" start="0,0" end="-137,0" time="0" condition="Integer.IsEqual(Container(706).NumItems,2) | Integer.IsEqual(Container(706).NumItems,4) | Integer.IsEqual(Container(706).NumItems,6)">conditional</animation>
				<visible>Container(9000).HasFocus(12) | Container(9000).HasFocus(13)</visible>
				<onleft>706</onleft>
				<onright>706</onright>
				<onup condition="Container(9000).Hasfocus(12)">9014</onup>
				<onup condition="Container(9000).Hasfocus(13)">9024</onup>
				<onup>9001</onup>
				<ondown>20</ondown>
				<include condition="[!String.IsEmpty(Skin.String(HomePVRButton1))]" 
						content="setDefaultControlAlways">
					<param name="uid" value="900221" />
				</include>
				<include condition="![!String.IsEmpty(Skin.String(HomePVRButton1))] + 
									[!String.IsEmpty(Skin.String(HomePVRButton2))]" 
						content="setDefaultControlAlways">
					<param name="uid" value="900222" />
				</include>
				<include condition="![!String.IsEmpty(Skin.String(HomePVRButton1))] + 
									![!String.IsEmpty(Skin.String(HomePVRButton2))] + 
									[!String.IsEmpty(Skin.String(HomePVRButton3))]" 
						content="setDefaultControlAlways">
					<param name="uid" value="900223" />
				</include>
				<include condition="![!String.IsEmpty(Skin.String(HomePVRButton1))] + 
									![!String.IsEmpty(Skin.String(HomePVRButton2))] + 
									![!String.IsEmpty(Skin.String(HomePVRButton3))] + 
									[!String.IsEmpty(Skin.String(HomePVRButton4))]" 
						content="setDefaultControlAlways">
					<param name="uid" value="900224" />
				</include>
				<include condition="![!String.IsEmpty(Skin.String(HomePVRButton1))] + 
									![!String.IsEmpty(Skin.String(HomePVRButton2))] + 
									![!String.IsEmpty(Skin.String(HomePVRButton3))] + 
									![!String.IsEmpty(Skin.String(HomePVRButton4))] + 
									[!String.IsEmpty(Skin.String(HomePVRButton5))]" 
						content="setDefaultControlAlways">
					<param name="uid" value="900225" />
				</include>
				<include condition="![!String.IsEmpty(Skin.String(HomePVRButton1))] + 
									![!String.IsEmpty(Skin.String(HomePVRButton2))] + 
									![!String.IsEmpty(Skin.String(HomePVRButton3))] + 
									![!String.IsEmpty(Skin.String(HomePVRButton4))] + 
									![!String.IsEmpty(Skin.String(HomePVRButton5))] + 
									[!String.IsEmpty(Skin.String(HomePVRButton6))]" 
						content="setDefaultControlAlways">
					<param name="uid" value="900226" />
				</include>
				<include condition="![!String.IsEmpty(Skin.String(HomePVRButton1))] + 
									![!String.IsEmpty(Skin.String(HomePVRButton2))] + 
									![!String.IsEmpty(Skin.String(HomePVRButton3))] + 
									![!String.IsEmpty(Skin.String(HomePVRButton4))] + 
									![!String.IsEmpty(Skin.String(HomePVRButton5))] + 
									![!String.IsEmpty(Skin.String(HomePVRButton6))] + 
									[!String.IsEmpty(Skin.String(HomePVRButton7))]" 
						content="setDefaultControlAlways">
					<param name="uid" value="900227" />
				</include>
				<include>HomeAddonsCommonLayout</include>
				<content>
					<include condition="!Skin.HasSetting(HomeScreenHideAddonShortcuts)">HomeAddonItemsPVR</include>
				</content>
			</control>
			
			
			<!-- MUSIC -->
			<control type="fixedlist" id="703">
				<animation effect="slide" start="0,0" end="-137,0" time="0" condition="Integer.IsEqual(Container(703).NumItems,2) | Integer.IsEqual(Container(703).NumItems,4) | Integer.IsEqual(Container(703).NumItems,6)">conditional</animation>
				<visible>Container(9000).HasFocus(3)</visible>
				<onleft>703</onleft>
				<onright>703</onright>
				<onup condition="Container(9000).Hasfocus(3)">9011</onup>
				<onup>9001</onup>
				<ondown>20</ondown>
				<include condition="[!String.IsEmpty(Skin.String(HomeMusicButton1))]" 
						content="setDefaultControlAlways">
					<param name="uid" value="900231" />
				</include>
				<include condition="![!String.IsEmpty(Skin.String(HomeMusicButton1))] + 
									[!String.IsEmpty(Skin.String(HomeMusicButton2))]" 
						content="setDefaultControlAlways">
					<param name="uid" value="900232" />
				</include>
				<include condition="![!String.IsEmpty(Skin.String(HomeMusicButton1))] + 
									![!String.IsEmpty(Skin.String(HomeMusicButton2))] + 
									[!String.IsEmpty(Skin.String(HomeMusicButton3))]" 
						content="setDefaultControlAlways">
					<param name="uid" value="900233" />
				</include>
				<include condition="![!String.IsEmpty(Skin.String(HomeMusicButton1))] + 
									![!String.IsEmpty(Skin.String(HomeMusicButton2))] + 
									![!String.IsEmpty(Skin.String(HomeMusicButton3))] + 
									[!String.IsEmpty(Skin.String(HomeMusicButton4))]" 
						content="setDefaultControlAlways">
					<param name="uid" value="900234" />
				</include>
				<include condition="![!String.IsEmpty(Skin.String(HomeMusicButton1))] + 
									![!String.IsEmpty(Skin.String(HomeMusicButton2))] + 
									![!String.IsEmpty(Skin.String(HomeMusicButton3))] + 
									![!String.IsEmpty(Skin.String(HomeMusicButton4))] + 
									[!String.IsEmpty(Skin.String(HomeMusicButton5))]" 
						content="setDefaultControlAlways">
					<param name="uid" value="900235" />
				</include>
				<include condition="![!String.IsEmpty(Skin.String(HomeMusicButton1))] + 
									![!String.IsEmpty(Skin.String(HomeMusicButton2))] + 
									![!String.IsEmpty(Skin.String(HomeMusicButton3))] + 
									![!String.IsEmpty(Skin.String(HomeMusicButton4))] + 
									![!String.IsEmpty(Skin.String(HomeMusicButton5))] + 
									[!String.IsEmpty(Skin.String(HomeMusicButton6))]" 
						content="setDefaultControlAlways">
					<param name="uid" value="900236" />
				</include>
				<include condition="![!String.IsEmpty(Skin.String(HomeMusicButton1))] + 
									![!String.IsEmpty(Skin.String(HomeMusicButton2))] + 
									![!String.IsEmpty(Skin.String(HomeMusicButton3))] + 
									![!String.IsEmpty(Skin.String(HomeMusicButton4))] + 
									![!String.IsEmpty(Skin.String(HomeMusicButton5))] + 
									![!String.IsEmpty(Skin.String(HomeMusicButton6))] + 
									[!String.IsEmpty(Skin.String(HomeMusicButton7))]" 
						content="setDefaultControlAlways">
					<param name="uid" value="900237" />
				</include>
				<include>HomeAddonsCommonLayout</include>
				<content>
					<include condition="!Skin.HasSetting(HomeScreenHideAddonShortcuts)">HomeAddonItemsMusic</include>
				</content>
			</control>
			
			<!-- PICTURES -->
			<control type="fixedlist" id="704">
				<animation effect="slide" start="0,0" end="-137,0" time="0" condition="Integer.IsEqual(Container(704).NumItems,2) | Integer.IsEqual(Container(704).NumItems,4) | Integer.IsEqual(Container(704).NumItems,6)">conditional</animation>
				<visible>Container(9000).HasFocus(4)</visible>
				<onleft>704</onleft>
				<onright>704</onright>
				<onup condition="Container(9000).Hasfocus(4)">9015</onup>
				<onup>9001</onup>
				<ondown>20</ondown>
				<include condition="[!String.IsEmpty(Skin.String(HomePictureButton1))]" 
						content="setDefaultControlAlways">
					<param name="uid" value="900241" />
				</include>
				<include condition="![!String.IsEmpty(Skin.String(HomePictureButton1))] + 
									[!String.IsEmpty(Skin.String(HomePictureButton2))]" 
						content="setDefaultControlAlways">
					<param name="uid" value="900242" />
				</include>
				<include condition="![!String.IsEmpty(Skin.String(HomePictureButton1))] + 
									![!String.IsEmpty(Skin.String(HomePictureButton2))] + 
									[!String.IsEmpty(Skin.String(HomePictureButton3))]" 
						content="setDefaultControlAlways">
					<param name="uid" value="900243" />
				</include>
				<include condition="![!String.IsEmpty(Skin.String(HomePictureButton1))] + 
									![!String.IsEmpty(Skin.String(HomePictureButton2))] + 
									![!String.IsEmpty(Skin.String(HomePictureButton3))] + 
									[!String.IsEmpty(Skin.String(HomePictureButton4))]" 
						content="setDefaultControlAlways">
					<param name="uid" value="900244" />
				</include>
				<include condition="![!String.IsEmpty(Skin.String(HomePictureButton1))] + 
									![!String.IsEmpty(Skin.String(HomePictureButton2))] + 
									![!String.IsEmpty(Skin.String(HomePictureButton3))] + 
									![!String.IsEmpty(Skin.String(HomePictureButton4))] + 
									[!String.IsEmpty(Skin.String(HomePictureButton5))]" 
						content="setDefaultControlAlways">
					<param name="uid" value="900245" />
				</include>
				<include condition="![!String.IsEmpty(Skin.String(HomePictureButton1))] + 
									![!String.IsEmpty(Skin.String(HomePictureButton2))] + 
									![!String.IsEmpty(Skin.String(HomePictureButton3))] + 
									![!String.IsEmpty(Skin.String(HomePictureButton4))] + 
									![!String.IsEmpty(Skin.String(HomePictureButton5))] + 
									[!String.IsEmpty(Skin.String(HomePictureButton6))]" 
						content="setDefaultControlAlways">
					<param name="uid" value="900246" />
				</include>
				<include condition="![!String.IsEmpty(Skin.String(HomePictureButton1))] + 
									![!String.IsEmpty(Skin.String(HomePictureButton2))] + 
									![!String.IsEmpty(Skin.String(HomePictureButton3))] + 
									![!String.IsEmpty(Skin.String(HomePictureButton4))] + 
									![!String.IsEmpty(Skin.String(HomePictureButton5))] + 
									![!String.IsEmpty(Skin.String(HomePictureButton6))] + 
									[!String.IsEmpty(Skin.String(HomePictureButton7))]" 
						content="setDefaultControlAlways">
					<param name="uid" value="900247" />
				</include>
				<include>HomeAddonsCommonLayout</include>
				<content>
					<include condition="!Skin.HasSetting(HomeScreenHideAddonShortcuts)">HomeAddonItemsPictures</include>
				</content>
			</control>
			
			<!-- ADDONS -->
			<control type="fixedlist" id="705">
				<animation effect="slide" start="0,0" end="-137,0" time="0" condition="Integer.IsEqual(Container(705).NumItems,2) | Integer.IsEqual(Container(705).NumItems,4) | Integer.IsEqual(Container(705).NumItems,6)">conditional</animation>
				<visible>Container(9000).HasFocus(1)</visible>
				<onleft>705</onleft>
				<onright>705</onright>
				<onup condition="Container(9000).Hasfocus(1)">9018</onup>
				<onup>9001</onup>
				<ondown>20</ondown>
				<include condition="[!String.IsEmpty(Skin.String(HomeProgramButton1))]" 
						content="setDefaultControlAlways">
					<param name="uid" value="900251" />
				</include>
				<include condition="![!String.IsEmpty(Skin.String(HomeProgramButton1))] + 
									[!String.IsEmpty(Skin.String(HomeProgramButton2))]" 
						content="setDefaultControlAlways">
					<param name="uid" value="900252" />
				</include>
				<include condition="![!String.IsEmpty(Skin.String(HomeProgramButton1))] + 
									![!String.IsEmpty(Skin.String(HomeProgramButton2))] + 
									[!String.IsEmpty(Skin.String(HomeProgramButton3))]" 
						content="setDefaultControlAlways">
					<param name="uid" value="900253" />
				</include>
				<include condition="![!String.IsEmpty(Skin.String(HomeProgramButton1))] + 
									![!String.IsEmpty(Skin.String(HomeProgramButton2))] + 
									![!String.IsEmpty(Skin.String(HomeProgramButton3))] + 
									[!String.IsEmpty(Skin.String(HomeProgramButton4))]" 
						content="setDefaultControlAlways">
					<param name="uid" value="900254" />
				</include>
				<include condition="![!String.IsEmpty(Skin.String(HomeProgramButton1))] + 
									![!String.IsEmpty(Skin.String(HomeProgramButton2))] + 
									![!String.IsEmpty(Skin.String(HomeProgramButton3))] + 
									![!String.IsEmpty(Skin.String(HomeProgramButton4))] + 
									[!String.IsEmpty(Skin.String(HomeProgramButton5))]" 
						content="setDefaultControlAlways">
					<param name="uid" value="900255" />
				</include>
				<include condition="![!String.IsEmpty(Skin.String(HomeProgramButton1))] + 
									![!String.IsEmpty(Skin.String(HomeProgramButton2))] + 
									![!String.IsEmpty(Skin.String(HomeProgramButton3))] + 
									![!String.IsEmpty(Skin.String(HomeProgramButton4))] + 
									![!String.IsEmpty(Skin.String(HomeProgramButton5))] + 
									[!String.IsEmpty(Skin.String(HomeProgramButton6))]" 
						content="setDefaultControlAlways">
					<param name="uid" value="900256" />
				</include>
				<include condition="![!String.IsEmpty(Skin.String(HomeProgramButton1))] + 
									![!String.IsEmpty(Skin.String(HomeProgramButton2))] + 
									![!String.IsEmpty(Skin.String(HomeProgramButton3))] + 
									![!String.IsEmpty(Skin.String(HomeProgramButton4))] + 
									![!String.IsEmpty(Skin.String(HomeProgramButton5))] + 
									![!String.IsEmpty(Skin.String(HomeProgramButton6))] + 
									[!String.IsEmpty(Skin.String(HomeProgramButton7))]" 
						content="setDefaultControlAlways">
					<param name="uid" value="900257" />
				</include>
				<include>HomeAddonsCommonLayout</include>
				<content>
					<include condition="!Skin.HasSetting(HomeScreenHideAddonShortcuts)">HomeAddonItemsPrograms</include>
				</content>
			</control>
			
			
			<control type="label">
				<left>108r</left>
				<top>40r</top>
				<height>36</height>
				<width>100</width>
				<label>24p</label>
				<align>right</align>
				<aligny>top</aligny>
				<font>Regular16</font>
				<textcolor>firebrick</textcolor>
				<visible>Skin.HasSetting(ExperimentalShow24pWarning) + String.IsEmpty(Window(home).Property(CinemaHelper.23hz))</visible>
				<include>VisibleFadeEffect2</include>
			</control>
			
		</control>
		
		
		<!-- RSS -->
		<control type="group">
			<depth>DepthMenu-</depth>
			<left>0</left>
			<top>48r</top>
			<visible>System.GetBool(lookandfeel.enablerssfeeds)</visible>
			<include>Window_OpenClose_Animation</include>
			<control type="rss">
				<description>RSS feed</description>
				<left>930</left>
				<top>0</top>
				<height>45</height>
				<width>990</width>
				<font>Regular17</font>
				<urlset>1</urlset>
				<textcolor>blue</textcolor>
				<titlecolor>blue</titlecolor>
				<headlinecolor>white</headlinecolor>
				<visible>[Player.HasMedia + [Player.HasVideo | Player.HasAudio]]</visible>
				<include>VisibleFadeEffect</include>
				<animation effect="fade" end="75" time="0" condition="true">Conditional</animation>
			</control>
			<control type="rss">
				<description>RSS feed</description>
				<left>48</left>
				<top>0</top>
				<height>45</height>
				<width>1872</width>
				<font>Regular17</font>
				<urlset>1</urlset>
				<textcolor>blue</textcolor>
				<titlecolor>blue</titlecolor>
				<headlinecolor>white</headlinecolor>
				<visible>![Player.HasMedia + [Player.HasVideo | Player.HasAudio]]</visible>
				<include>VisibleFadeEffect</include>
				<animation effect="fade" end="75" time="0" condition="true">Conditional</animation>
			</control>
			<control type="image">
				<description>RSS icon</description>
				<left>12</left>
				<top>0</top>
				<width>36</width>
				<height>36</height>
				<texture>icon-rss.png</texture>
				<visible>![Player.HasMedia + [Player.HasVideo | Player.HasAudio]]</visible>
				<include>VisibleFadeEffect</include>
			</control>
			<control type="image">
				<description>RSS icon</description>
				<left>894</left>
				<top>0</top>
				<width>36</width>
				<height>36</height>
				<texture>icon-rss.png</texture>
				<visible>[Player.HasMedia + [Player.HasVideo | Player.HasAudio]]</visible>
				<include>VisibleFadeEffect</include>
			</control>
		</control>
		
		
		<!-- GLOBAL NOW PLAYING -->
		<control type="group">
			<include>idleFadeOutMinimal</include>
			<depth>DepthFooter</depth>
			<include>CommonNowPlaying</include>
		</control>
		
		
		<!-- HOME TOP RIGHT AREA -->
		<control type="group">
			<include>idleFadeOutMinimal</include>
			<depth>DepthHeader</depth>
			
			<include>Window_OpenClose_Animation</include>
			
			<control type="grouplist">
				<orientation>horizontal</orientation>
				<align>right</align>
				<top>3</top>
				<right>30</right>
				
				<itemgap>0</itemgap>
				
				<!-- WEATHER WIDGET -->
				<control type="group">
					<width>50</width>
					<height>73</height>
					<control type="image">
						<description>Weather image</description>
						<width>50</width>
						<height>73</height>
						<aspectratio>keep</aspectratio>
						<texture>$VAR[CurrentWeatherIconHome]</texture>
						<fadetime>IconCrossfadeTime</fadetime>
					</control>
					<animation effect="fade" start="100" end="0" time="1000" 
								condition="![ Skin.HasSetting(HomepageWeatherinfo) + !String.IsEmpty(Weather.Plugin) 
											+ !String.IsEmpty(Window(Weather).Property(Current.Temperature)) 
											+ !String.IsEmpty(Weather.ConditionsIcon) 
											+ !String.IsEmpty(Weather.Conditions) 
											+ !String.IsEqual(Weather.Conditions,N/A) 
											+ !String.IsEmpty(Window(Weather).Property(Current.Condition)) 
											+ !String.IsEqual(Window(Weather).Property(Current.Condition),N/A) 
											+ !String.EndsWith(Weather.ConditionsIcon,/na.png) ]">Conditional</animation>
				</control>
				<control type="label">
					<description>dummy space</description>
					<width>6</width>
					<height>30</height>
				</control>
				<control type="label">
					<description>Temp label</description>
					<width>auto</width>
					<height>73</height>
					<align>left</align>
					<aligny>center</aligny>
					<font>Light21</font>
					<textcolor>white</textcolor>
					<label>$INFO[Window(Weather).Property(Current.Temperature)]</label>
					<animation effect="fade" start="100" end="0" time="1000" 
								condition="![ Skin.HasSetting(HomepageWeatherinfo) + !String.IsEmpty(Weather.Plugin) 
											+ !String.IsEmpty(Window(Weather).Property(Current.Temperature)) 
											+ !String.IsEmpty(Weather.ConditionsIcon) 
											+ !String.IsEmpty(Weather.Conditions) 
											+ !String.IsEqual(Weather.Conditions,N/A) 
											+ !String.IsEmpty(Window(Weather).Property(Current.Condition)) 
											+ !String.IsEqual(Window(Weather).Property(Current.Condition),N/A) 
											+ !String.EndsWith(Weather.ConditionsIcon,/na.png) ]">Conditional</animation>
				</control>
				<control type="label">
					<description>Temp Units</description>
					<width>auto</width>
					<height>66</height>
					<font>Regular12</font>
					<align>left</align>
					<aligny>center</aligny>
					<label>$INFO[System.TemperatureUnits]</label>
					<textcolor>white</textcolor>
					<animation effect="fade" start="100" end="0" time="1000" 
								condition="![ Skin.HasSetting(HomepageWeatherinfo) + !String.IsEmpty(Weather.Plugin) 
											+ !String.IsEmpty(Window(Weather).Property(Current.Temperature)) 
											+ !String.IsEmpty(Weather.ConditionsIcon) 
											+ !String.IsEmpty(Weather.Conditions) 
											+ !String.IsEqual(Weather.Conditions,N/A) 
											+ !String.IsEmpty(Window(Weather).Property(Current.Condition)) 
											+ !String.IsEqual(Window(Weather).Property(Current.Condition),N/A) 
											+ !String.EndsWith(Weather.ConditionsIcon,/na.png) ]">Conditional</animation>
				</control>
				
				
				<!-- DUMMY SPACE -->
				<control type="label">
					<description>dummy space</description>
					<width>39</width>
					<height>30</height>
					<visible>!String.IsEqual(Skin.String(HomeDateTimeType),2)</visible>
				</control>
				<!-- DATE -->
				<control type="label">
					<description>Date label</description>
					<width>auto</width>
					<height>77</height>
					<align>right</align>
					<aligny>center</aligny>
					<font>Light15</font>
					<textcolor>white</textcolor>
					<label>$INFO[System.Date]</label>
					<visible>String.IsEqual(Skin.String(HomeDateTimeType),1)</visible>
				</control>
				<!-- DUMMY SPACE -->
				<control type="label">
					<description>dummy space</description>
					<width>21</width>
					<height>30</height>
					<visible>!String.IsEqual(Skin.String(HomeDateTimeType),2)</visible>
				</control>
				<!-- TIME -->
				<include>ClockHome</include>
				<include>ActiveProfile</include>
				
			</control>
		</control>
		
		
		
	</controls>
</window>
