<?xml version="1.0" encoding="UTF-8" standalone="yes"?>

<addon id="repository.dexe" name=" dEXE's Addons Repository" version="1.0.0" provider-name="dEXE">
	<extension point="xbmc.addon.repository" name="dEXE's Addons Repository">
	<dir minversion="19.0.0">
		<info compressed="false">https://gitfront.io/r/dexe/U1bBgF5SXUd8/repo.dexe/raw/addons.xml</info>
		<checksum>https://gitfront.io/r/dexe/U1bBgF5SXUd8/repo.dexe/raw/addons.xml.md5</checksum>
		<datadir zip="true">https://gitfront.io/r/dexe/U1bBgF5SXUd8/repo.dexe/raw/zips/</datadir>
	</dir>
	<dir minversion="20.0.0">
		<info compressed="false">https://gitfront.io/r/dexe/U1bBgF5SXUd8/repo.dexe/raw/nexus/addons.xml</info>
		<checksum>https://gitfront.io/r/dexe/U1bBgF5SXUd8/repo.dexe/raw/nexus/addons.xml.md5</checksum>
		<datadir zip="true">https://gitfront.io/r/dexe/U1bBgF5SXUd8/repo.dexe/raw/nexus/</datadir>
		<hashes>false</hashes>
	</dir>
	<dir minversion="19.0.0" maxversion="19.5.0">
		<info compressed="false">https://gitfront.io/r/dexe/U1bBgF5SXUd8/repo.dexe/raw/matrix/addons.xml</info>
		<checksum>https://gitfront.io/r/dexe/U1bBgF5SXUd8/repo.dexe/raw/matrix/addons.xml.md5</checksum>
		<datadir zip="true">https://gitfront.io/r/dexe/U1bBgF5SXUd8/repo.dexe/raw/matrix/</datadir>
		<hashes>false</hashes>
	</dir>
	<dir minversion="17.0.0" maxversion="18.9.0">
		<info compressed="false">https://gitfront.io/r/dexe/U1bBgF5SXUd8/repo.dexe/raw/leia/addons.xml</info>
		<checksum>https://gitfront.io/r/dexe/U1bBgF5SXUd8/repo.dexe/raw/leia/addons.xml.md5</checksum>
		<datadir zip="true">https://gitfront.io/r/dexe/U1bBgF5SXUd8/repo.dexe/raw/leia/</datadir>
		<hashes>false</hashes>
	</dir>
	<dir>
		<info compressed="false">https://gitfront.io/r/dexe/U1bBgF5SXUd8/repo.dexe/raw/repos/addons.xml</info>
		<checksum>https://gitfront.io/r/dexe/U1bBgF5SXUd8/repo.dexe/raw/repos/addons.xml.md5</checksum>
		<datadir zip="true">https://gitfront.io/r/dexe/U1bBgF5SXUd8/repo.dexe/raw/repos/</datadir>
		<hashes>false</hashes>
	</dir>
	</extension>
	<extension point="xbmc.addon.metadata">
		<summary>dEXE's Repo</summary>
		<description>This is just a repo...</description>
		<platform>all</platform>
		<assets>
			<icon>icon.png</icon>
			<fanart>fanart.jpg</fanart>
		</assets>
	</extension>
</addon>
