<?xml version="1.0" encoding="UTF-8" standalone="yes"?>
<addon id="resource.images.moviegenrefanart.xonfluence" name="Movie Genre Fanart - Xonfluence" version="0.0.1" provider-name="Helly">
	<extension point="kodi.resource.images" compile="false" type="moviegenrefanart" />
	<requires>
		<import addon="kodi.resource" version="1.0.0"/>
	</requires>
	<extension point="xbmc.addon.metadata">
		<summary lang="en">Xonfluence style movie genre fanart backgrounds</summary>
		<description lang="en">Xonfluence style movie genre fanart backgrounds</description>
		<platform>all</platform>
	</extension>
</addon>
