<?xml version="1.0" encoding="UTF-8" standalone="yes"?>
<addon id="script.module.inputstreamhelper" name="InputStream Helper (Slyguy Wrapper)" version="99.0.5" provider-name="SlyGuy">
  <extension point="xbmc.service" library="service.py" />
  <extension point="xbmc.python.module" library="resources/modules" />
  <extension point="xbmc.addon.metadata">
    <description lang="en">Replaces Inputstream Helper with Slyguy DRM Helper</description>
    <reuselanguageinvoker>true</reuselanguageinvoker>
    <news></news>
    <assets>
      <icon>icon.png</icon>
    </assets>
  </extension>
</addon>
