{	
	"Suche": "Suche",
	"Suche nach": "Suche nach",
	"Suche Nutzer und ihre Inhalte": "Suche Nutzer und ihre Inhalte",
	"im oeffentlichen Inhalt": "in öffentlichen Inhalten",
	"Fehler": "Fehler",
	"Fotos": "Fotos",
	"Groesse": "Größe",
	"Mehr...":  "Mehr...",
	"Mehr (+ 1)":  "Mehr (+ 1)",
	"Mehr (+ 10)":  "Mehr (+ 10)",
	"Mehr (+ 100)":  "Mehr (+ 100)",
	"Weniger (- 1)":  "Weniger (- 1)",
	"Weniger (- 10)":  "Weniger (- 10)",
	"Weniger (- 100)":  "Weniger (- 100)",
	"Photostream":  "Photostream",
	"Web Gallerien":  "Web Gallerien",
	"Störungsmeldungen an Forum, Github oder rols1@gmx.de": "",
	"Zurueck zu MyFlickr": "Zurück zu MyFlickr",
	"Zurueck zu": "Zurück zu",
	"Zurueck zum Hauptmenue": "Zurück zum Hauptmenü",
	"Keine Gallerien gefunden": "Keine Gallerien gefunden",
	"Keine Alben gefunden": "Keine Alben gefunden",
	"User nicht gefunden": "User not found",
	"kein Treffer": "kein Treffer",
	"Galerien": "Galerien",
	"Album": "Album",
	"Alben": "Alben",
	"Seite": "Seite",
	"Seiten": "Seiten",
	"von": "von",
	"oder": "oder",
	"Bildgroesse": "Bildgröße",
	"Flickr Nutzer": "Flickr Nutzer",
	"Beliebiger Suchbegriff fuer Menue Flickr Nutzer, zum Beispiel DaVinci": "",
	"Einstellungen: Suchbegriff für Flickr Nutzer fehlt": "",
	"keine weiteren Eintraege vorhanden": "",
		
	"neues Update vorhanden": "",
	"jetzt installieren": "",
	"Update abbrechen": "",
	"weiter im aktuellen Plugin": "",
	"ist die neueste Version": "ist die neueste Version",
	"Suche nach neuen Updates starten": "",
	"Bezugsquelle": "",
	"Github ist nicht errreichbar": "",
	"Bitte die Update-Anzeige abschalten": "",
	"neues Update beim Start des Plugins anzeigen": "",
	"Username ueberpruefen": "",
	
	 "Einstellungen": "",
	"Sprache Plugin": "",
	 "Username, Mailadresse oder User_ID eines Flicker Users. Es wird nur der oeffentliche Inhalt dieses Users gezeigt (kein Login durch das Plugin)": "",
	"maximale Anzahl Objekte pro Seite": "",
	"Sortierung fuer Suche": "",
	"Fotosuche: maximale Bildbreite": "",
	"Originalbild": "",
	"Videos zeigen, falls verfuegbar": "",
	"Zeige Videos": "",
	"Zeige Fotos": "",
	"Ermittlung der Seitenzahl gescheitert": "",
	"Gezeigt wird nur die erste Seite": "",
	"Alle Fotos löschen gewählt!": "",
	"Sollen alle Fotos wirklich gelöscht werden?": "",
	"Löschfrist (Tage) wird zurückgestellt auf 100": "",
	"Fotoordner löschen": "",
	"Fotospeicher bereinigen": "",
	"Info Fotospeicher": "",
	"Fotospeicher ist leer": "",
	"Fotos löschen, die älter sind als": "",
	"lösche alle Fotos": "",
	"Fotos gelöscht": "",
	"Fotos LÖSCHEN": "",
	"Abbruch": "Abbruch",
	"Der Name für FlickrPeople kann im Setting geändert werden": "",
	"Bild": "Bild",
	"Modul fehlt oder kann nicht geladen werden": "",
	"Funktion wurde nicht gefunden": "",
	"Kontext nicht gefunden": "",
	"Zeige Beschreibung": "",
	"Zeige Photostream des Autors": "",
	"Zeige Alben des Autors": "",
	"Zeige Galerien des Autors": "",
	"Für weitere Infos klicken": "",
	"Warnung Fotospeicher": "",
	"überschritten": "",
	"Ordner": "",
	"bereinigt": ""
}








