<?xml version="1.0" encoding="UTF-8" standalone="yes"?>
<addon id="context.subtitlesdialog.contextmenu" name="Subtitles Dialog - Contextmenu" version="1.1.1" provider-name="burekas">
    <requires>
        <import addon="xbmc.python" version="3.0.0"/>
    </requires>
    <extension point="kodi.context.item" library="addon.py">
        <item>
            <label>32000</label>
            <visible>true</visible>
        </item>
    </extension>
    <extension point="xbmc.addon.metadata">
        <summary lang="en">Adds a subtitles dialog contextmenu button</summary>
        <description lang="en">Adds a subtitles dialog contextmenu button to context menu, so you can use the subtitles dialog also when kodi is not playing.[CR]You can use when focusing on an item and it will automatically check it for you without typing or just using the manual search button to check if subtitles exist.[CR][CR]Only supported by [B]OpenSubtitles Plus[/B] addon.</description>
        <platform>all</platform>
        <language></language>
        <license>GNU GENERAL PUBLIC LICENSE. Version 3, 29 June 2007</license>
        <forum></forum>
        <source></source>
        <assets>
            <icon>icon.png</icon>
        </assets> 
    </extension>
</addon>
