<convert>
    <fonts>
		<font name="font10">font10</font> <!-- message line -->
		<font name="font12">font12</font> <!-- plot -->
		<font name="font13">font13</font> <!-- labels -->
		<font name="font25_title">font13_title</font> <!-- buttons -->
		<font name="font30_title">font24_title</font> <!-- titles -->
		<font name="font32_title">font13_title</font> <!-- dialog headers -->
		<font name="font45_title">font35_title</font> <!-- large titles -->
	</fonts>
	<controls>
		<radiobutton>
			<radioposx>20</radioposx>
			<radiowidth>-16</radiowidth>
			<radioheight>-16</radioheight>
		</radiobutton>
		<scrollbar>
			<scrollbar_h_posy>20</scrollbar_h_posy>
			<scrollbar_h_height>20</scrollbar_h_height>
			<scrollbar_v_posx>20</scrollbar_v_posx>
			<scrollbar_v_width>20</scrollbar_v_width>
		</scrollbar>
		<scroll_updown>
			<scroll_updown_width>10</scroll_updown_width>
			<scroll_updown_height>10</scroll_updown_height>
			<scroll_updown_posx_left>-12</scroll_updown_posx_left>
			<scroll_updown_posx_right>-2</scroll_updown_posx_right>
			<scroll_updown_posy>-5</scroll_updown_posy>
		</scroll_updown>
		<textbox>
			<view_50_textbox_height>2</view_50_textbox_height>
			<view_52_textbox_height>0</view_52_textbox_height>
			<view_53_textbox_height>-5</view_53_textbox_height>
			<view_57_textbox_height>-11</view_57_textbox_height>
			<view_58_textbox_height>-5</view_58_textbox_height>
			<view_59_textbox_height>-5</view_59_textbox_height>
			<gameinfo_textbox_height>-5</gameinfo_textbox_height>
		</textbox>
		<border>
			<bordersize>5</bordersize>
			<border>5</border>
		</border>
	</controls>
	<contentpanels>
		<view_50_panelcontent_posx>50</view_50_panelcontent_posx>
		<view_50_panelcontent_width>-100</view_50_panelcontent_width>
		<view_50_image_focus_posy>0</view_50_image_focus_posy>
		<view_52_panellist_posx>10</view_52_panellist_posx>
		<view_52_panellist_posy>10</view_52_panellist_posy>
		<view_52_panellist_width>-40</view_52_panellist_width>
		<view_52_panellist_height>-40</view_52_panellist_height>
		<view_52_panelcontent_posx>30</view_52_panelcontent_posx>
		<view_52_panelcontent_posy>10</view_52_panelcontent_posy>
		<view_52_panelcontent_width>-40</view_52_panelcontent_width>
		<view_52_panelcontent_height>-40</view_52_panelcontent_height>
		<view_52_list_posx>20</view_52_list_posx>
		<view_52_listitem_nofocus_width>-40</view_52_listitem_nofocus_width>
		<view_52_listitem_focus_width>-50</view_52_listitem_focus_width>
		<view_52_labelconsole_posy>10</view_52_labelconsole_posy>
		<view_52_labeltitle_posy>10</view_52_labeltitle_posy>
		<view_52_clearlogo_posy>10</view_52_clearlogo_posy>
		<view_58_image_focus_posy>0</view_58_image_focus_posy>
	</contentpanels>
	<dialogs>
		<dialog_header_image_posy>20</dialog_header_image_posy>
		<dialog_header_label_posy>20</dialog_header_label_posy>
		<dialog_button_posy>-10</dialog_button_posy>
		<dialog_menuitem_height>-2</dialog_menuitem_height>
		<dialog_header_label_alignment>center</dialog_header_label_alignment>
	</dialogs>
</convert>