<?xml version="1.0" encoding="UTF-8" standalone="yes"?>
<addon
	id="service.languagepreferencemanager"
	name="Language Preference Manager"
	version="1.0.5"
	provider-name="ace20022/scott967/rockrider69"
	>
	<requires>
		<import addon="xbmc.python" version="3.0.0"/>
	</requires>
	<extension point="xbmc.service" library="default.py"/>
	<extension point="xbmc.python.script" library="default.py">
		<provides>executable</provides>
	</extension>
	<extension point="xbmc.addon.metadata">
		<summary lang="en_GB">Language Preference Manager</summary>
		<description lang="en_GB">Sets the audio and subtitle track according to your language preferences</description>
		<disclaimer lang="en_GB">For bugs, requests or general questions visit the Language Preference Manager thread on the Kodi forum.</disclaimer>
		<platform>all</platform>
		<news>1.0.0     : Mandatory clean-up to propose as candidate version for Kodi.tv addons repository.
1.0.1     : Initial version for main Kodi.tv addons repository
1.0.2     : Fix 10sec latency on subs display and possible few lines lost - at video start or when switching audio.
            Forced sub tracks : check also subtitle field "isforced" in case field "name" is empty or misspelled.
1.0.3	  : Improve 10sec subs latency workaround: new option to disable it (default), or enable it at 'start only' or 'start+resume'.
            Option to prioritize 'SignsSongs' tracks via custom conditional sub preferences. Syntax is ...>Eng:Eng-ss>...
            New Keywords Blacklist for Audio tracks. Same principle as for Subtitles, based on track name, to skip some (ex. Commentary, ...)
            Fix Greek and Serbian language codes according to iso639-2/T. Fix some typos.
            Fix multiple 3 digit codes per language (ex. German ger,deu). Now OK also for Conditional Subtitles preferences.
1.0.4     : Fix and simplify SignsSongs subtagging (was colliding with language codes subtagging ie. pt-br). Thanks to BrutuZ!
1.0.5     : Add Norwegian Bokmal (nb,nob), New Nowegian (nn,nno) and English Middle (enm) language codes according to ISO639-2.
            Clean-up some info/log message.
			
		</news>
		<assets>
			<icon>resources/icon.png</icon>
			<fanart>resources/fanart.jpg</fanart>
		</assets>
	</extension>
</addon>
