{
"Durchstoebern": "Przeglądaj TuneIn",
"Meine Favoriten": "Moje ulubione",
"Meine Stationen": "Moje stacje",
"Suche": "Szukaj",
"Suche Station / Titel": "Szukaj stacji / tytułu",
"Suche nach": "Szukaj,",
"Keine Suchergebnisse zu": "Brak wyników dla",
"Fehler": "Błąd",
"neues Update vorhanden": "Aktualizacja gotowa",
"jetzt installieren": "zainstaluj teraz",
"Update abbrechen": "Anuluj aktualizację",
"weiter im aktuellen Plugin": "kontynuuj z obecną wtyczką",
"ist die neueste Version": "jest najnowszą wersją",
"Suche nach neuen Updates starten": "Wyszukaj nowej aktualizacji",
"Bezugsquelle": "źródło,",
"Github ist nicht errreichbar": "Github nie jest dostępny",
"Bitte die Update-Anzeige abschalten": "Proszę, odznacz Plugin-Notification",
"Username ueberpruefen": "Sprawdź nazwę użytkownika",
"keinen Stream gefunden zu": "brak źródła dla",
"nicht gefunden": "nie znaleziono",
"Mehr...": "Więcej...",
"neuer Versuch": "spróbuj ponownie",
"neues Update beim Start des Plugins anzeigen": "Sprawdź aktualizacje podczas uruchomienia wtyczki",
"Sprache Plugin": "wersja językowa wtyczki",
"maximale Anzahl Objekte pro Seite": "maksymalna ilość przedmiotów na stronie",
"Aufnehmen mit Streamripper": "Nagrane przez Streamripper",
"kompletter Pfad zum Programm Streamripper": "ścieżka do programu Streamripper",
"kompletter Pfad zum Download-Verzeichnis": "ścieżka do katalogu pobrań",
"Laufende Aufnahmen": "Aktywne nagrania",
"Download-Verzeichnis": "Katalog pobrań",
"Aufnahme": "Nagrywam",
"beenden": "zatrzymaj",
"beendet": "zakończone",
"starten": "zacznij",
"gestartet": "rozpoczęte",
"fehlgeschlagen": "nie udało się",
"keine laufende Aufnahme gefunden": "brak aktywnych nagrań",
"Ursache unbekannt": "nieznanych przyczyn",
"Favoriten hinzufuegen/entfernen": "Ulubione dodawanie/usuwanie",
"Favorit": "Ulubione",
"hinzufuegen": "dodawać",
"hinzugefuegt": "dodawany",
"entfernen": "wyeliminować",
"entfernt": "wycięty",
"verschieben": "przeprowadzać się",
"verschoben": "przetransportowany",
"TuneIn Passwort (nur erforderlich fuer Favoriten hinzufuegen/loeschen)": "TuneIn hasło (wymagane tylko do dodawania i przesuwania ulubionych).",
"Username und Passwort sind fuer diese Aktion erforderlich": "do wykonania tej czynności wymagana jest nazwa użytkownika i hasło.",
"Problem mit Username / Passwort": "Problem z nazwą użytkownika / hasłem",
"Neuer Ordner fuer Favoriten": "nowy folder dla Ulubionych",
"Name des neuen Ordners": "Nazwa nowego folderu",
"Ordner entfernen": "skasować folder",
"Ordner zum Entfernen auswaehlen": "wybrać folder, który ma zostać usunięty",
"Ordnername fehlt": "brakująca nazwa folderu",
"Ordner": "Folder",
"Anzahl der Eintraege": "liczba pozycji",
"ohne Rueckfrage!": "automatycznie, bez potwierdzenia!",
"Ordner kann nicht entfernt werden": "nie można usunąć folderu",
"hierhin verschieben": "przeprowadzka,Button-Label (title) combined with title. Complete: General: move here",
"keine Eintraege gefunden": "nie znaleziono żadnych pozycji",
"Ordner zum Verschieben auswaehlen": "wybrać folder, który ma zostać przeniesiony",
"Starte Plugin nur mit Favoriten (TuneIn-Account erforderlich)": "Początek wtyczki tylko z Ulubionymi (wymagane konto TuneIn)",
"Custom Url: Url der Radiostation (Beispiel: http://myradio/live/stream.mp3)": "Własny adres Url: url stacji radiowej (przykład: http://myradio/live/stream.mp3)",
"Custom Url: Name der Radiostation (Beispiel: MyRadio)": "Własny adres URL: nazwa stacji radiowej (przykład: MyRadio)",
"Minimale Bitrate": "Minimalny bitrate",
"Starte Plugin nur mit Meine Radiostationen": "Uruchom wtyczkę tylko w stacjach radiowych.",
"kompletter Pfad zu Meine Radiostationen": "pełna trasa do My Radio Stations",
"Meine Radiostationen": "Moje stacje radiowe",
"Datei nicht gefunden": "Nie znaleziono pliku",
"Bitte den Eintrag in Einstellungen ueberpruefen!": "Sprawdź wpis w Preferencjach!",
"fehlerhafte Datei": "Daktyle kapusty",
"Eintrag fehlt fuer Url oder Name": "Wpis brakujący dla adresu url lub nazwy",
"Custom Url muss mit http beginnen": "Niestandardowy adres Url musi zaczynać się od http.",
"maximale Anzahl Streams pro Station (kann Timeouts verhindern)": "maksymalna liczba strumieni na stację (może zapobiegać timeoutom)",
"Im Trend": "Trend",
"Kuerzlich gehoert": "Niedawno usłyszany",
"Plugin Update": "Plugin Update",
"Plugin Version:": "Plugin Version",
"Plugin aktuell": "Plugin up to date",
"Suche kompatible Streams fuer": "Wyszukaj zgodne strumienie dla",
"Home / Refresh": "Home / Refresh",
"Stream": "Stream",
"Bitte Suchwort(e) eingeben": "Please enter search word(s)",
"Addon Update auf Version": "Addon update to version",
"Update erfolgreich - weiter zum aktuellen Addon": "Update successful - continue to current addon",
"Lokale Sender": "Lokalne stacje radiowe"
}
