<?xml version="1.0" encoding="UTF-8" standalone="yes"?>
<addon id="script.service.argonforty-device" name="ArgonForty Device Configuration" version="1.1.3" provider-name="ArgonForty">
    <requires>
        <import addon="xbmc.python" version="3.0.0"/>
        <import addon="virtual.rpi-tools" version="9.80.11"/>
        <import addon="virtual.system-tools" version="9.80.11"/>
    </requires>
    <extension point="xbmc.python.script" library="default.py">
        <provides>executable</provides>
    </extension>
    <extension point="xbmc.service" library="main.py" start="startup"/>
    <extension point="xbmc.addon.metadata">
        <summary lang="en_GB">ArgonForty Device Configuration</summary>
        <summary lang="de_DE">ArgonForty-Gerätekonfiguration</summary>
        <summary lang="it_IT">Configurazione del dispositivo ArgonForty</summary>
        <description lang="en_GB">Installs services to manage ArgonForty devices such as power button, fan speed and Argon REMOTE.[CR][CR]This will also enable I2C, IR receiver and UART.</description>
        <description lang="de_DE">Installiert Dienste zum Verwalten der ArgonForty Geräte z.B. Power-Taste, Lüfter und Argon REMOTE.[CR][CR]Es aktiviert den I2C-Bus, den IR-Empfänger und UART.</description>
        <description lang="it_IT">Installa i servizi per gestire ArgonForty : Pulsante di accensione, velocità ventola e Argon REMOTE.[CR][CR]Verranno abilitati I2C, IR e UART.</description>
        <language></language>
        <platform>linux</platform>
        <license>MIT</license>
        <forum>https://forum.libreelec.tv/thread/27360-rpi4b-argon-one-case-shutdown/?postID=182477#post182477</forum>
        <website>argon40.com</website>
        <email>cs@argon40.com</email>
        <source>https://github.com/HungerHa/libreelec_package_argonforty-device/</source>
        <news>v1.1.3 (2024-11-15)
- prevention of unnecessary I2C messages for updating the fan speed
- localization for Dutch added (thanks to emv-nl)

v1.1.2 (2024-08-18)
- regression: library search path included to late
- restriction of the triggering of lgpio exceptions only during the GPIO initialisation phase
- added option to use double tap for shutdown

v1.1.1 (2024-05-22)
- some typos and translation errors fixed

v1.1.0 (2024-05-21)
- add-on icon changed to follow LE style (thanks chewitt for providing this)
- issue #5: fan art modified to be more generic
- issue #4: localization for Italian added
- localization for German added

v1.0.0 (2024-05-19)
- renumbering to better follow semantic versioning

v0.0.15 (2024-05-19)
- menu structure reorganized
- regression: fan always-on setting and emergency fan (90°) doesn't worked (again)

v0.0.14~beta3 (2024-05-14)
- added fan curve for GPU and PMIC temperature
        
v0.0.14~beta2 (2024-05-11)
- avoid overwriting the existing rc_maps configuration, just add Argon REMOTE

v0.0.14~beta1 (2024-05-11)
- automatically switch between Celsius/Fahrenheit, depending on regional/temperature setting
- language file refactored
- regression: fan always-on setting and emergency fan (90°) doesn't worked
- switched to official add-on versioning

v0.0.13 (2024-03-21)
- added HDD/SSD/NVMe temperature support

v0.0.12b (2024-03-19)
- migrated to Matrix addon settings format
- support for temperature in Fahrenheit added

v0.0.12a (2024-03-15)
- removed lgpio exceptions setting line, which was preventing v0.0.12 from working at LibreELEC 11

v0.0.12 (2024-03-02)
- switches from gpiozero to pure lgpio if available (workaround for lgpio GPIO busy error message)

v0.0.11d (2024-02-29)
- “Handle power button events” is honored without reboot
- remote control shutdown exception fixed
- fan settings now adjustable in 1 degree steps

v0.0.11c (2024-02-28)
- added debug messages
- freeing of power button detection GPIO pin forced
- code cleanup

v0.0.11b (2024-02-26)
- rolled back: "use the firmware check during power off"

v0.0.11a (2024-02-26)
- forgotten function call removed

v0.0.11 (2024-02-25)
- use the firmware check during power off
- changed to /tmp directory for lgpio workaround due to permission issues with TempDirectory function

v0.0.10 (2024-02-21)
- switched to event based power button detection
- shutdown process refactored
- workaround for remote control shutdown
- switched from lircd to rc_maps for argon remote control

v0.0.9a (2024-02-18)
- fixed typo

v0.0.9 (2024-02-18)
- fixed power button recognition for RPi5 with LE12

v0.0.8 (2024-02-18)
- fixed fan fluctuation with the new firmware
...
        </news>
        <disclaimer>This add-on is based on version 0.0.1 of Argon40, but is currently maintained by HarryH only. If there are some issues with that, please leave a comment in the LibreELEC forum.</disclaimer>
        <assets>
            <icon>resources/icon.png</icon>
            <fanart>resources/fanart.jpg</fanart>
        </assets>
    </extension>
</addon>
