<?xml version="1.0" encoding="UTF-8" standalone="yes"?>
<addon id="script.fenstruary.helper" name="Fenstruary Helper" provider-name="Tikipeter" version="0.7.14">
    <requires>
        <import addon="xbmc.python" version="3.0.0"/>
    </requires>
    <extension point="xbmc.python.library" library="resources/lib/default.py"/>
    <extension point="xbmc.service" library="resources/lib/service.py" start="startup" />
    <extension point="xbmc.addon.metadata">
        <news />
        <platform>all</platform>
        <license>GPL-2.0-only</license>
        <forum />
        <source />
        <assets>
            <icon>resources/media/icon.png</icon>
            <fanart>resources/media/fanart.jpg</fanart>
        </assets>
        <description lang="en_GB">Fenstruary Helper for the Fenstruary Skin.</description>
        <description lang="en_NZ">Fenstruary Helper for the Fenstruary Skin.</description>
        <description lang="en_US">Fenstruary Helper for the Fenstruary Skin.</description>
    </extension>
</addon>
