<?xml version="1.0" encoding="UTF-8"?>
<window type="dialog" id="1122">
  <defaultcontrol always="true">3000</defaultcontrol>
  <include>Animation_DialogPopupOpenClose</include>
  <controls>
  
    
    <!-- Main dialog group -->
    <control type="group">
      <visible>String.IsEmpty(Window(home).Property(ViewSwitchLabel))</visible>
      <include>Animation_DialogPopupVisible</include>
      <centerleft>50%</centerleft>
      <centertop>50%</centertop>
      <width>1740</width>
      <height>800</height>
      
      <!-- Dialog background -->
      <!-- <control type="image">
        <bordersize>1</bordersize>
        <texture colordiffuse="FF1A1A1A">colors/commons.png</texture>
        <bordertexture colordiffuse="FF131313">masks/bordertexture.png</bordertexture>
      </control> -->

      <include content="DialogBackgroundCommons">
				<param name="header_label" value="[COLOR unfocused_text]Set view$VAR[ContentTypeLabel][/COLOR] [B]|[/B] [COLOR unfocused_text]Current view: $INFO[Container.ViewMode][/COLOR]" />
				<param name="header_id" value="1" />
				<param name="width" value="1740" />
				<param name="divider_left" value="1740" />
				<param name="shade_visible" value="false" />
				<param name="darken_bg" value="false" />
			</include>
        
      <!-- Dialog header -->
      <!-- <control type="label">
        <left>30</left>
        <right>30</right>
        <top>30</top>
        <height>40</height>
        <font>font13</font>
        <label>[COLOR unfocused_text]Set view$VAR[ContentTypeLabel][/COLOR] [B]|[/B] [COLOR unfocused_text]Current view: $INFO[Container.ViewMode][/COLOR]</label>
        <textcolor>$VAR[FocusColorTheme]</textcolor>
        <align>center</align>
      </control> -->
        
      <!-- View list -->
      <control type="list" id="3000">
        <top>97</top>
        <left>0</left>
        <width>490</width>
        <height>600</height>
        <scrolltime>200</scrolltime>
        <include content="List">
          <param name="id" value="3000" />
          <param name="align" value="left" />
          <param name="left_right_text" value="45" />
        </include>
      </control>
      
      <!-- Preview image -->
      <control type="image" id="3001">
        <right>0</right>
        <centertop>56%</centertop>
        <width>1250</width>
        <!-- <height>618</height> -->
        <aspectratio>keep</aspectratio>
        <fadetime>300</fadetime>
        <texture background="true">$VAR[ViewSelectorTexture]</texture>
        <!-- <bordertexture colordiffuse="FF2E2E2E">masks/bordertexture.png</bordertexture> -->
      </control>
    </control>
    
  </controls>
</window>