<?xml version="1.0" encoding="UTF-8"?>
<window type="window" id="1121">
	<defaultcontrol>9000</defaultcontrol>
	<backgroundcolor>background</backgroundcolor>
	<controls>
		<include>DefaultBackground</include>
		<control type="group">
			<animation effect="fade" start="100" end="0" time="200" tween="sine" condition="$EXP[infodialog_active]">Conditional</animation>
			<!-- WIDGETS GROUP -->
			<control type="group" id="2000">
				<left>500</left>
				<animation condition="Skin.HasSetting(Enable.MainMenuWidgetDimming) + String.IsEqual(Skin.String(BackgroundSetting),1) + !ControlGroup(2000).HasFocus" reversible="true">
					<effect type="fadediffuse" start="FFE9E9E9" end="FF777777" time="300" />
				</animation>
				<animation condition="Skin.HasSetting(Enable.MainMenuWidgetDimming) + [String.IsEqual(Skin.String(BackgroundSetting),0) | String.IsEqual(Skin.String(BackgroundSetting),2)] + !ControlGroup(2000).HasFocus" reversible="true">
					<effect type="fade" start="100" end="60" time="300" tween="sine" easing="inout" />
					<effect type="fadediffuse" start="FFE9E9E9" end="FF777777" time="300" />
				</animation>
				<include>OpenClose_Right</include>
				<!-- SEARCH RESULTS -->
				<control type="group" id="26000">
					<include content="Visible_Right_Delayed">
						<param name="id" value="movies"/>
					</include>
					<control type="grouplist" id="26001">
						<visible>!String.IsEmpty(Window(home).Property(altus.search.input)) + !String.IsEqual(Window(home).Property(altus.search.history.count),0)</visible>
						<include>WidgetGroupListCommon</include>
						<pagecontrol>26099</pagecontrol>
						<include content="SearchWidgets"/>
					</control>
					<include content="WidgetScrollbar" condition="Skin.HasSetting(touchmode)">
						<param name="scrollbar_id" value="26099"/>
					</include>
				</control>
			</control>
			<include content="TopBar">
				<param name="breadcrumbs_label" value="" />
			</include>
			<include>BottomBar</include>
			<control type="label">
				<!-- <include>SearchMenuAnimations</include> -->
				<visible>!String.IsEmpty(Window(home).Property(altus.search.input)) + Control.HasFocus(26011) + !String.IsEqual(Window(home).Property(altus.search.history.count),0) + [$EXP[isMovie] | $EXP[isTVShow] | $EXP[isSeason] | $EXP[isEpisode]]</visible>
				<top>35</top>
				<left>540</left>
				<width>1400</width>
				<aligny>center</aligny>
				<height>40</height>
				<font>font37</font>
				<textcolor>unfocused_text</textcolor>
				<label>Search results for: [B]$INFO[Window(home).Property(altus.search.input)][/B]</label>
				<scroll>true</scroll>
				<scrollspeed>160</scrollspeed>
				<animation effect="fade" time="300">VisibleChange</animation>
			</control>
			<control type="group">
				<depth>DepthContentPanel</depth>
				<include>OpenClose_Left</include>
				<!-- <include>osd_darkenBG</include> -->
				<!-- <include content="ImageWidget" condition="String.IsEqual(Window(home).Property(altus.search.history.count),0)">
					<param name="left">50</param>
					<param name="text_label" value="Your search history is currently empty. Would you like to perform a new search or return to the home screen?" />
					<param name="button_label" value="New search" />
					<param name="button_onclick" value="RunScript(script.altus.helper,mode=re_search)"/>
					<param name="button3_onclick" value="ActivateWindow(home)"/>
					<param name="button_id" value="26400"/>
				</include> -->
				<include content="MenuContentPanel">
					<param name="bg_left" value="0"/>
					<param name="width" value="498"/>
					<param name="dividerleft" value="498"/>
				</include>
				<control type="group">
					<visible allowhiddenfocus="true">!$EXP[isContent]</visible>
					<animation effect="fade" condition="!$EXP[isContent]" time="300" end="100" tween="sine" easing="inout">Conditional</animation>
				<!-- <animation effect="slide" condition="ControlGroup(2000).HasFocus" time="500" start="0,0" end="-500,0" tween="cubic" easing="inout">Conditional</animation> -->
					<!-- <left>-610</left> -->
					<!-- <animation type="Conditional" condition="!ControlGroup(2000).HasFocus" reversible="true">
						<effect type="slide" start="0" end="610" time="500" tween="cubic" easing="inout" />
					</animation> -->
					<!-- <include content="MenuContentPanel">
						<param name="width" value="611"/>
						<param name="width" value="600"/>
					</include> -->
					<!-- <visible allowhiddenfocus="true">true</visible> -->
					
					<control type="textbox">
						<top>145</top>
						<left>40</left>
						<width>418</width>
						<aligny>center</aligny>
						<align>center</align>
						<height>200</height>
						<font>font27</font>
						<label>$INFO[Window(home).Property(altus.search.history.empty)]</label>
						<textcolor>unfocused_text</textcolor>
						<visible>String.IsEqual(Window(home).Property(altus.search.history.count),0)</visible>
					</control>
					
					<control type="fixedlist" id="9000">
						<visible>!String.IsEqual(Window(home).Property(altus.search.history.count),0)</visible>
						<left>0</left>
						<top>185</top>
						<width>498</width>
						<height>824</height>
						<movement>10</movement>
						<focusposition>0</focusposition>
						<onfocus>ClearProperty(listposition,home)</onfocus>
						<onfocus>ClearProperty(altus_saved_list_id,Home)</onfocus>
						<onfocus>ClearProperty(altus_stacked_linked_list_id,Home)</onfocus>
						<!-- <onright>SetFocus($INFO[Container(9000).ListItem.Property(menu_id)])</onright> -->
						<onleft>9000</onleft>
						<onright condition="!String.IsEmpty(Window(home).Property(altus.search.input))">SetFocus(2000)</onright>
						<onup>700</onup>
						<ondown>9000</ondown>
						<scrolltime tween="cubic" easing="out">500</scrolltime>
						<include content="List">
              <param name="id" value="9000" />
            </include>
						<content>
							<!-- SEARCH HISTORY -->
							<include content="SearchHistory" />
						</content>
					</control>
					<control type="group">
						<left>75</left>
						<top>70</top>
						<width>343</width>
						<height>140</height>
						<control type="grouplist" id="700">
							<orientation>horizontal</orientation>
							<itemgap>-19</itemgap>
							<width>343</width>
							<height>100</height>
							<onup condition="!String.IsEqual(Window(home).Property(altus.search.history.count),0)">SetFocus(9000,99,absolute)</onup>
							<onup condition="String.IsEqual(Window(home).Property(altus.search.history.count),0)">700</onup>
							<ondown condition="!String.IsEqual(Window(home).Property(altus.search.history.count),0)">SetFocus(9000,0,absolute)</ondown>
							<ondown condition="String.IsEqual(Window(home).Property(altus.search.history.count),0)">700</ondown>
							<onright condition="String.IsEmpty(Window(home).Property(altus.search.input))">801</onright>
							<onright condition="!String.IsEmpty(Window(home).Property(altus.search.input))">2000</onright>
							<onback>9000</onback>
							<align>center</align>
							<include content="IconButton">
								<param name="control_id" value="801" />
								<param name="onclick" value="RunScript(script.altus.helper,mode=toggle_search_provider)" />
								<param name="icon" value="icons/submenu/cycleproviders.png" />
							</include>
							<include content="IconButton">
								<param name="control_id" value="802" />
								<param name="onclick" value="RunScript(script.altus.helper,mode=search_input)" />
								<param name="icon" value="icons/submenu/search.png" />
							</include>
							<include content="IconButton">
								<param name="control_id" value="803" />
								<param name="onclick" value="$VAR[TRAKTButtonActionsVar]" />
								<param name="icon" value="icons/submenu/trakt.png" />
							</include>
							<include content="IconButton">
								<param name="control_id" value="804" />
								<param name="onclick" value="RunScript(script.altus.helper,mode=remove_all_spaths)" />
								<param name="icon" value="icons/submenu/trash.png" />
							</include>
							<include content="IconButton">
								<param name="control_id" value="805" />
								<param name="onclick" value="Fullscreen" />
								<param name="icon" value="icons/submenu/fullscreen.png" />
								<param name="visible" value="Player.HasMedia" />
							</include>
						</control>
						<control type="label">
							<left>0</left>
							<top>-30</top>
							<width>340</width>
							<height>30</height>
							<font>font12</font>
							<align>center</align>
							<aligny>center</aligny>
							<textcolor>lightgrey</textcolor>
							<label>$VAR[SearchSubmenuButtonLabelsVar]</label>
						</control>
						<!-- <control type="label">
							<left>0</left>
							<top>100</top>
							<width>340</width>
							<height>30</height>
							<font>font12</font>
							<align>center</align>
							<aligny>center</aligny>
							<textcolor>grey</textcolor>
							<label>Click to cycle providers</label>
							<visible>Control.HasFocus(801)</visible>
						</control> -->
					</control>
				</control>
				<include>VerticalInfoPanel</include>
			</control>
			<control type="group">
				<depth>DepthBars</depth>
				<bottom>0</bottom>
				<height>70</height>
				<animation effect="fade" start="0" end="100" time="300" delay="300">WindowOpen</animation>
				<animation effect="fade" start="100" end="0" time="200">WindowClose</animation>
				<include condition="!Skin.HasSetting(hide_mediaflags)" content="MediaFlags">
					<param name="infolabel_prefix" value="Container." />
					<param name="resolution_var" value="$VAR[ContainerResolutionFlagVar]" />
				</include>
			</control>
			<!-- <control type="group">
				<include>OpenClose_Right</include>
				<animation effect="slide" time="300" start="-492,0" end="0,0" tween="sine" easing="inout">VisibleChange</animation>
				<animation effect="slide" end="0,-90" time="300" tween="sine" easing="inout" condition="$EXP[infodialog_active]">conditional</animation>
				<animation effect="fade" start="0" end="100" time="300">WindowOpen</animation>
				<animation effect="fade" start="100" end="0" time="200">WindowClose</animation>
				<control type="label">
				<visible>String.IsEmpty(Window(home).Property(altus.search.input)) + !String.IsEqual(Window(home).Property(altus.search.history.count),0)</visible>
					<top>500</top>
					<left>650</left>
					<width>1085</width>
					<aligny>center</aligny>
					<align>center</align>
					<height>98</height>
					<font>font14</font>
					<textcolor>unfocused_text</textcolor>
					<wrapmultiline>true</wrapmultiline>
					<label>Explore your past searches on the left, delve into TRAKT lists using the TRAKT button, or click the search icon to initiate a new search.</label>
				</control>
			</control> -->
		</control>
	</controls>
</window>
