<?xml version="1.0" encoding="UTF-8"?>
<window>
	<include>Animation_DialogPopupOpenClose</include>
	<depth>DepthDialog+</depth>
	<controls>
		<control type="group">
			<height>500</height>
			<centertop>50%</centertop>
			<centerleft>50%</centerleft>
			<width>1144</width>
			<include content="DialogBackgroundConfirm">
				<param name="width" value="1144" />
				<param name="height" value="500" />
				<param name="header_label" value="" />
				<param name="header_id" value="1" />
			</include>
			<control type="textbox" id="9">
				<left>30</left>
				<top>105</top>
				<left>50</left>
				<right>50</right>
				<height>165</height>
				<align>center</align>
				<label/>
				<font>font32</font>
				<textcolor>unfocused_text</textcolor>
				<autoscroll time="3000" delay="4000" repeat="5000">true</autoscroll>
			</control>
			<control type="progress" id="20">
				<top>310</top>
				<left>50</left>
				<right>50</right>
				<height>12</height>
				<info>System.Progressbar</info>
			</control>
			<control type="grouplist" id="9000">
				<orientation>horizontal</orientation>
				<left>0</left>
				<top>400</top>
				<width>1144</width>
				<align>center</align>
				<itemgap>dialogbuttons_itemgap</itemgap>
				<include content="DefaultDialogButton">
					<param name="id" value="11" />
					<param name="label" value="" />
				</include>
				<include content="DefaultDialogButton">
					<param name="id" value="10" />
					<param name="label" value="" />
				</include>
				<include content="DefaultDialogButton">
					<param name="id" value="12" />
					<param name="label" value="" />
				</include>
			</control>
		</control>
	</controls>
</window>
