<?xml version="1.0" encoding="UTF-8"?>
<window>
	<defaultcontrol>9000</defaultcontrol>
	<coordinates>
		<origin x="0" y="0"/>
	</coordinates>
	<include>OpenClose_Left</include>
	<controls>
		<control type="group">
			<include content="DialogBackgroundCommons">
				<param name="header_label" value="$LOCALIZE[31072]" />
				<param name="header_id" value="1" />
				<param name="width" value="498" />
				<param name="left_divider_visible" value="false" />
				<param name="divider_left" value="498" />
				<param name="shade_right" value="0" />
			</include>
			<width>498</width>
			<control type="panel" id="9000">
				<include>ButtonMenuList</include>
				<content>
					<item>
						<label>Reload skin</label>
						<onclick>Dialog.Close(all)</onclick>
						<onclick>ReloadSkin()</onclick>
					</item>
					<item>
						<label>Skin settings</label>
						<onclick>Dialog.Close(all)</onclick>
						<onclick>ActivateWindow(SkinSettings.xml)</onclick>
					</item>
					<item>
						<label>Toggle debugging</label>
						<onclick>Dialog.Close(all)</onclick>
						<onclick>Skin.ToggleDebug()</onclick>
					</item>
					<item>
						<label>System information</label>
						<onclick>Dialog.Close(all)</onclick>
						<onclick>ActivateWindow(systeminfo)</onclick>
					</item>
					<item>
						<label>$LOCALIZE[13016]</label>
						<onclick>Powerdown()</onclick>
						<visible>System.CanPowerDown</visible>
					</item>
					<item>
						<label>$LOCALIZE[20150]</label>
						<onclick>AlarmClock(shutdowntimer,Shutdown())</onclick>
						<visible>!System.HasAlarm(shutdowntimer)</visible>
						<visible>System.CanPowerDown | System.CanSuspend | System.CanHibernate</visible>
					</item>
					<item>
						<label>$LOCALIZE[20151] $INFO[System.AlarmPos,(,)]</label>
						<onclick>CancelAlarm(shutdowntimer)</onclick>
						<visible>System.HasAlarm(shutdowntimer)</visible>
					</item>
					<item>
						<label>$LOCALIZE[13011]</label>
						<onclick>Suspend()</onclick>
						<visible>System.CanSuspend</visible>
					</item>
					<item>
						<label>$LOCALIZE[13010]</label>
						<onclick>Hibernate()</onclick>
						<visible>System.CanHibernate</visible>
					</item>
					<item>
						<label>$LOCALIZE[13013]</label>
						<onclick>Reset()</onclick>
						<visible>System.CanReboot</visible>
					</item>
					<item>
						<label>$LOCALIZE[20126] $INFO[system.profilename]</label>
						<onclick>dialog.close(all,true)</onclick>
						<onclick>System.LogOff</onclick>
						<visible>System.HasLoginScreen | Integer.IsGreater(System.ProfileCount,1)</visible>
						<visible>System.Loggedon</visible>
					</item>
					<item>
						<label>$VAR[MasterModeLabel]</label>
						<onclick>mastermode</onclick>
						<visible>System.HasLocks</visible>
					</item>
					<item>
						<label>$LOCALIZE[13017]</label>
						<onclick>InhibitIdleShutdown(true)</onclick>
						<visible>System.HasShutdown +!System.IdleShutdownInhibited</visible>
					</item>
					<item>
						<label>$LOCALIZE[13018]</label>
						<onclick>InhibitIdleShutdown(false)</onclick>
						<visible>System.HasShutdown + System.IdleShutdownInhibited</visible>
					</item>
					<item>
						<label>$LOCALIZE[13012]</label>
						<onclick>Quit()</onclick>
						<visible>System.ShowExitButton</visible>
					</item>
				</content>
			</control>
		</control>
	</controls>
</window>
