<?xml version="1.0" encoding="UTF-8"?>
<window>
	<defaultcontrol always="true">9000</defaultcontrol>
	<backgroundcolor>background</backgroundcolor>
	<include>AltusSkinStringsInitialization</include>
	<controls>
		<!-- <control type="button" id="20000">
			<include>HiddenObject</include>
			<animation effect="fade" time="300" start="100" end="0">Focus</animation>
			<onfocus>SetFocus($INFO[Window(Home).Property(LastWidgetID)])</onfocus>
			<onclick>noop</onclick>
			<visible allowhiddenfocus="true">Control.HasFocus(20000)</visible>
		</control>
		<control type="button" id="20001">
			<include>HiddenObject</include>
			<animation effect="fade" time="300" start="100" end="0">Focus</animation>
			<onfocus>SetFocus($INFO[Window(Home).Property(FirstWidgetID)])</onfocus>
			<onclick>noop</onclick>
			<visible allowhiddenfocus="true">Control.HasFocus(20001)</visible>
		</control> -->
		<include>DefaultBackground</include>
		<include>PlayerLogoProcessor</include>
		<control type="image" id="100000">
			<include>FullScreenFanartDimensions</include>
			<aspectratio>scale</aspectratio>
			<fadetime>500</fadetime>
			<include>ArtworkAnimations</include>
			<texture background="true" colordiffuse="B3FFFFFF" diffuse="overlays/spotlightdiffuse.png" fallback="$VAR[AltusCustomBackgroundImage]">$VAR[HomeFanartVar]</texture>
			<visible>[![Player.HasVideo | [Player.HasAudio + Visualisation.Enabled + !String.IsEmpty(Visualisation.Name)]] | !String.IsEmpty(Window(Videos).Property(PlayingBackgroundMedia))] + !Window.IsVisible(movieinformation) + !String.IsEmpty(Window(Home).Property(SpotlightWidget))</visible>
		</control>
		<!-- <control type="multiimage" id="100000">
			<include>FullScreenDimensions</include>
			<include>ArtworkAnimations</include>
			<aspectratio>scale</aspectratio>
			<fadetime>500</fadetime>
			<imagepath background="true" colordiffuse="FF404040">$VAR[WeatherFanartVar]</imagepath>
			<visible>[![Player.HasVideo | [Player.HasAudio + Visualisation.Enabled + !String.IsEmpty(Visualisation.Name)]] | !String.IsEmpty(Window(Videos).Property(PlayingBackgroundMedia))] + [String.IsEqual(Skin.String(BackgroundSetting),1) | String.IsEqual(Skin.String(BackgroundSetting),2)] + [ControlGroup(15000).HasFocus | String.IsEqual(Container(9000).ListItem.Property(id),weather)]</visible>
		</control> -->
		<control type="group">
			<animation effect="fade" start="100" end="0" time="200" tween="sine" condition="$EXP[infodialog_active]">Conditional</animation>
			<!-- WIDGETS GROUP -->
			<control type="group" id="2000">
			<height>105%</height>
				<!-- <top>-50</top> -->
				<left>-1</left>
				<!-- <top>-20</top>
				<width>200%</width> -->
				<animation condition="Skin.HasSetting(Enable.MainMenuWidgetDimming) + String.IsEqual(Skin.String(BackgroundSetting),1) + !ControlGroup(2000).HasFocus" reversible="true">
					<effect type="fadediffuse" start="FFE9E9E9" end="FF777777" time="300" />
				</animation>
				<animation condition="Skin.HasSetting(Enable.MainMenuWidgetDimming) + [String.IsEqual(Skin.String(BackgroundSetting),0) | String.IsEqual(Skin.String(BackgroundSetting),2)] + !ControlGroup(2000).HasFocus" reversible="true">
					<effect type="fade" start="100" end="60" time="300" tween="sine" easing="inout" />
					<effect type="fadediffuse" start="FFE9E9E9" end="FF777777" time="300" />
				</animation>
				<animation effect="slide" condition="!String.IsEmpty(Window(Home).Property(SpotlightWidget))" time="0" start="0,0" end="-498,0" tween="cubic" easing="inout">Conditional</animation>
				<animation effect="slide" condition="![ControlGroup(2000).HasFocus + ![ControlGroup(19000).HasFocus | ControlGroup(22000).HasFocus | ControlGroup(23000).HasFocus | ControlGroup(24000).HasFocus | ControlGroup(25000).HasFocus]]" time="498" start="0,0" end="500,0" tween="cubic" easing="inout">Conditional</animation>
				<animation effect="slide" condition="ControlGroup(2000).HasFocus + !ControlGroup(15000).HasFocus" time="400" start="0,0" end="0,-50" tween="sine" easing="inout">Conditional</animation>
				<!-- <animation type="Conditional" condition="Control.IsVisible(20000)" reversible="false">
					<effect type="slide" end="0,20" time="60" tween="sine" />
					<effect type="slide" end="0,-20" time="180" tween="sine" delay="80" />
				</animation>
				<animation type="Conditional" condition="Control.IsVisible(20001)" reversible="false">
					<effect type="slide" end="0,-20" time="60" tween="sine" />
					<effect type="slide" end="0,20" time="180" tween="sine" delay="80" />
				</animation> -->
				<!-- <include>MainMenuAnimations</include> -->
				<include>OpenClose_Right</include>
				<control type="group" id="27000">
					<visible>false</visible>
					<include content="Visible_Right_Delayed">
						<param name="id" value="addons"/>
					</include>
					<control type="grouplist" id="27001">
						<include>WidgetGroupListCommon</include>
						<pagecontrol>27010</pagecontrol>
						<include content="WidgetListSquareNoInfo">
							<param name="content_path" value="addons://sources/video/"/>
							<param name="widget_header" value="$LOCALIZE[1037]"/>
							<param name="widget_target" value="videos"/>
							<param name="sortby" value="lastused"/>
							<param name="sortorder" value="descending"/>
							<param name="list_id" value="27100"/>
							<param name="fallback_icon" value="DefaultAddon.png"/>
						</include>
						<include content="WidgetListSquareNoInfo">
							<param name="content_path" value="addons://sources/executable/"/>
							<param name="widget_header" value="$LOCALIZE[1043]"/>
							<param name="widget_target" value="programs"/>
							<param name="sortby" value="lastused"/>
							<param name="sortorder" value="descending"/>
							<param name="list_id" value="27300"/>
							<param name="fallback_icon" value="DefaultAddon.png"/>
						</include>
					</control>
				</control>
				<!-- MOVIES -->
				<control type="group" id="19000">
					<visible>String.IsEqual(Container(9000).ListItem.Property(id),movies)</visible>
					<include content="Visible_Right_Delayed">
						<param name="id" value="movies"/>
					</include>
					<control type="grouplist" id="19001">
						<include>WidgetGroupListCommon</include>
						<pagecontrol>19099</pagecontrol>
						<include content="MovieWidgets" condition="!Skin.HasSetting(HomeMenuNoMoviesButton)" />
					</control>
					<include content="WidgetScrollbar" condition="Skin.HasSetting(touchmode)">
						<param name="scrollbar_id" value="19099"/>
					</include>
				</control>
				<!-- TV SHOWS -->
				<control type="group" id="22000">
					<visible>String.IsEqual(Container(9000).ListItem.Property(id),tvshows)</visible>
					<include content="Visible_Right_Delayed">
						<param name="id" value="tvshows"/>
					</include>
					<control type="grouplist" id="22001">
						<include>WidgetGroupListCommon</include>
						<pagecontrol>22099</pagecontrol>
						<include content="TVShowWidgets" condition="!Skin.HasSetting(HomeMenuNoTVShowsButton)" />
					</control>
					<include content="WidgetScrollbar" condition="Skin.HasSetting(touchmode)">
						<param name="scrollbar_id" value="22099"/>
					</include>
				</control>
				<!-- CUSTOM 1 -->
				<control type="group" id="23000">
					<visible>String.IsEqual(Container(9000).ListItem.Property(id),custom1)</visible>
					<include content="Visible_Right_Delayed">
						<param name="id" value="custom1"/>
					</include>
					<control type="grouplist" id="23001">
						<include>WidgetGroupListCommon</include>
						<pagecontrol>23099</pagecontrol>
						<include content="Custom1Widgets" condition="!Skin.HasSetting(HomeMenuNoCustom1Button)" />
					</control>
					<include content="WidgetScrollbar" condition="Skin.HasSetting(touchmode)">
						<param name="scrollbar_id" value="23099"/>
					</include>
				</control>
				<!-- CUSTOM 2 -->
				<control type="group" id="24000">
					<visible>String.IsEqual(Container(9000).ListItem.Property(id),custom2)</visible>
					<include content="Visible_Right_Delayed">
						<param name="id" value="custom2"/>
					</include>
					<control type="grouplist" id="24001">
						<include>WidgetGroupListCommon</include>
						<pagecontrol>24099</pagecontrol>
						<include content="Custom2Widgets" condition="!Skin.HasSetting(HomeMenuNoCustom2Button)" />
					</control>
					<include content="WidgetScrollbar" condition="Skin.HasSetting(touchmode)">
						<param name="scrollbar_id" value="24099"/>
					</include>
				</control>
				<!-- CUSTOM 3 -->
				<control type="group" id="25000">
					<visible>String.IsEqual(Container(9000).ListItem.Property(id),custom3)</visible>
					<include content="Visible_Right_Delayed">
						<param name="id" value="custom3"/>
					</include>
					<control type="grouplist" id="25001">
						<include>WidgetGroupListCommon</include>
						<pagecontrol>25099</pagecontrol>
						<include content="Custom3Widgets" condition="!Skin.HasSetting(HomeMenuNoCustom3Button)" />
					</control>
					<include content="WidgetScrollbar" condition="Skin.HasSetting(touchmode)">
						<param name="scrollbar_id" value="25099"/>
					</include>
				</control>
				<control type="group" id="7000">
					<visible>String.IsEqual(Container(9000).ListItem.Property(id),music)</visible>
					<include content="Visible_Right_Delayed">
						<param name="id" value="music"/>
					</include>
					<control type="grouplist" id="7001">
						<include>WidgetGroupListCommon</include>
						<pagecontrol>7010</pagecontrol>
						<include content="WidgetListCategoryOther" condition="Library.HasContent(music) + !Skin.HasSetting(home_no_categories_widget)">
							<param name="content_path" value="library://music/"/>
							<param name="widget_header" value="$LOCALIZE[31148]"/>
							<param name="widget_target" value="music"/>
							<param name="list_id" value="7900"/>
						</include>
						<include content="WidgetListSquare" condition="Library.HasContent(music)">
							<param name="content_path" value="musicdb://recentlyplayedalbums"/>
							<param name="widget_header" value="$LOCALIZE[517]"/>
							<param name="widget_target" value="music"/>
							<param name="list_id" value="7100"/>
							<param name="fallback_icon" value="DefaultMusicAlbums.png"/>
							<param name="onclick_condition" value="true"/>
							<param name="onclick_action" value="$VAR[AlbumOnClickActionVar]"/>
						</include>
						<include content="WidgetListSquare" condition="Library.HasContent(music)">
							<param name="content_path" value="musicdb://recentlyaddedalbums/"/>
							<param name="widget_header" value="$LOCALIZE[359]"/>
							<param name="widget_target" value="music"/>
							<param name="list_id" value="7200"/>
							<param name="fallback_icon" value="DefaultMusicAlbums.png"/>
							<param name="onclick_condition" value="true"/>
							<param name="onclick_action" value="$VAR[AlbumOnClickActionVar]"/>
						</include>
						<include content="WidgetListSquare" condition="Library.HasContent(music)">
							<param name="content_path" value="special://skin/playlists/random_albums.xsp"/>
							<param name="widget_header" value="$LOCALIZE[31012]"/>
							<param name="widget_target" value="music"/>
							<param name="list_id" value="7300"/>
							<param name="fallback_icon" value="DefaultMusicAlbums.png"/>
							<param name="onclick_condition" value="true"/>
							<param name="onclick_action" value="$VAR[AlbumOnClickActionVar]"/>
						</include>
						<include content="WidgetListSquare" condition="Library.HasContent(music)">
							<param name="content_path" value="special://skin/playlists/random_artists.xsp"/>
							<param name="widget_header" value="$LOCALIZE[31013]"/>
							<param name="widget_target" value="music"/>
							<param name="list_id" value="7400"/>
							<param name="fallback_icon" value="DefaultMusicArtists.png"/>
						</include>
						<include content="WidgetListSquare" condition="Library.HasContent(music)">
							<param name="content_path" value="special://skin/playlists/unplayed_albums.xsp"/>
							<param name="widget_header" value="$LOCALIZE[31014]"/>
							<param name="widget_target" value="music"/>
							<param name="list_id" value="7500"/>
							<param name="fallback_icon" value="DefaultMusicAlbums.png"/>
							<param name="onclick_condition" value="true"/>
							<param name="onclick_action" value="$VAR[AlbumOnClickActionVar]"/>
						</include>
						<include content="WidgetListSquare" condition="Library.HasContent(music)">
							<param name="content_path" value="special://skin/playlists/mostplayed_albums.xsp"/>
							<param name="widget_header" value="$LOCALIZE[31011]"/>
							<param name="widget_target" value="music"/>
							<param name="list_id" value="7600"/>
							<param name="fallback_icon" value="DefaultMusicAlbums.png"/>
							<param name="sortby" value="playcount"/>
							<param name="sortorder" value="descending"/>
							<param name="onclick_condition" value="true"/>
							<param name="onclick_action" value="$VAR[AlbumOnClickActionVar]"/>
						</include>
					</control>
					<include content="ImageWidget" condition="!Library.HasContent(music)">
						<param name="left">500</param>
						<param name="text_label" value="$LOCALIZE[31104]" />
						<param name="button_label" value="$LOCALIZE[31110]" />
						<param name="button_onclick" value="ActivateWindow(music,files)"/>
						<param name="button_id" value="7600"/>
						<param name="button2_onclick" value="Skin.SetBool(HomeMenuNoMusicButton)"/>
					</include>
					<include content="WidgetScrollbar" condition="Skin.HasSetting(touchmode)">
						<param name="scrollbar_id" value="7010"/>
					</include>
				</control>
				<control type="group" id="8000">
					<visible>String.IsEqual(Container(9000).ListItem.Property(id),addons)</visible>
					<include content="Visible_Right_Delayed">
						<param name="id" value="addons"/>
					</include>
					<control type="grouplist" id="8001">
						<include>WidgetGroupListCommon</include>
						<pagecontrol>8010</pagecontrol>
						<include content="WidgetListCategoryOther" condition="!Skin.HasSetting(home_no_categories_widget)" >
							<param name="content_path" value="addons://"/>
							<param name="widget_header" value="$LOCALIZE[31148]"/>
							<param name="widget_target" value="addonbrowser"/>
							<param name="list_id" value="8900"/>
							<param name="visible" value="Integer.IsGreater(Container(8100).NumItems,0) | Integer.IsGreater(Container(8200).NumItems,0) | Integer.IsGreater(Container(8300).NumItems,0) | Integer.IsGreater(Container(8400).NumItems,0) | Integer.IsGreater(Container(8500).NumItems,0) | Integer.IsGreater(Container(8700).NumItems,0)"/>
						</include>
						<include content="WidgetListSquareNoInfo">
							<param name="content_path" value="addons://sources/video/"/>
							<param name="widget_header" value="$LOCALIZE[1037]"/>
							<param name="widget_target" value="videos"/>
							<param name="sortby" value="lastused"/>
							<param name="sortorder" value="descending"/>
							<param name="list_id" value="8100"/>
							<param name="fallback_icon" value="DefaultAddon.png"/>
						</include>
						<include content="WidgetListSquareNoInfo">
							<param name="content_path" value="addons://sources/audio/"/>
							<param name="widget_header" value="$LOCALIZE[1038]"/>
							<param name="widget_target" value="music"/>
							<param name="sortby" value="lastused"/>
							<param name="sortorder" value="descending"/>
							<param name="list_id" value="8200"/>
							<param name="fallback_icon" value="DefaultAddon.png"/>
						</include>
						<include content="WidgetListSquareNoInfo">
							<param name="content_path" value="addons://sources/game/"/>
							<param name="widget_header" value="$LOCALIZE[35049]"/>
							<param name="widget_target" value="games"/>
							<param name="sortby" value="lastused"/>
							<param name="sortorder" value="descending"/>
							<param name="list_id" value="8700"/>
							<param name="fallback_icon" value="DefaultAddonGame.png"/>
							<param name="visible" value="System.GetBool(gamesgeneral.enable)"/>
						</include>
						<include content="WidgetListSquareNoInfo">
							<param name="content_path" value="addons://sources/executable/"/>
							<param name="widget_header" value="$LOCALIZE[1043]"/>
							<param name="widget_target" value="programs"/>
							<param name="sortby" value="lastused"/>
							<param name="sortorder" value="descending"/>
							<param name="list_id" value="8300"/>
							<param name="fallback_icon" value="DefaultAddon.png"/>
						</include>
						<include content="WidgetListSquareNoInfo" condition="System.Platform.Android">
							<param name="content_path" value="androidapp://sources/apps/"/>
							<param name="widget_header" value="$LOCALIZE[20244]"/>
							<param name="widget_target" value="programs"/>
							<param name="sortby" value="lastused"/>
							<param name="sortorder" value="descending"/>
							<param name="list_id" value="8400"/>
							<param name="fallback_icon" value="DefaultAddon.png"/>
						</include>
						<include content="WidgetListSquareNoInfo">
							<param name="content_path" value="addons://sources/image/"/>
							<param name="widget_header" value="$LOCALIZE[1039]"/>
							<param name="widget_target" value="pictures"/>
							<param name="sortby" value="lastused"/>
							<param name="sortorder" value="descending"/>
							<param name="list_id" value="8500"/>
						</include>
					</control>
					<include content="ImageWidget">
						<param name="text_label" value="$LOCALIZE[31119]" />
						<param name="left">500</param>
						<param name="button_label" value="$LOCALIZE[31118]" />
						<param name="button_onclick" value="ActivateWindow(addonbrowser)"/>
						<param name="button_id" value="8600"/>
						<param name="visible" value="!Integer.IsGreater(Container(8001).NumItems,0)"/>
						<param name="button2_onclick" value="Skin.SetBool(HomeMenuNoProgramsButton)"/>
					</include>
					<include content="WidgetScrollbar" condition="Skin.HasSetting(touchmode)">
						<param name="scrollbar_id" value="8010"/>
					</include>
				</control>
				<control type="group" id="11000">
					<visible>String.IsEqual(Container(9000).ListItem.Property(id),video)</visible>
					<include content="Visible_Right_Delayed">
						<param name="id" value="video"/>
					</include>
					<control type="grouplist" id="11001">
						<include>WidgetGroupListCommon</include>
						<pagecontrol>11010</pagecontrol>
						<include content="WidgetListCategoryOther">
							<param name="content_path" value="library://video/"/>
							<param name="widget_header" value="$LOCALIZE[31148]"/>
							<param name="widget_target" value="videos"/>
							<param name="list_id" value="11900"/>
						</include>
						<include content="WidgetListCategoryOther">
							<param name="content_path" value="sources://video/"/>
							<param name="widget_header" value="$LOCALIZE[20094]"/>
							<param name="widget_target" value="videos"/>
							<param name="list_id" value="11100"/>
						</include>
						<include content="WidgetListCategoryOther">
							<param name="content_path" value="special://videoplaylists/"/>
							<param name="widget_header" value="$LOCALIZE[136]"/>
							<param name="widget_target" value="videos"/>
							<param name="list_id" value="11200"/>
							<param name="icon" value="DefaultPlaylist.png"/>
						</include>
					</control>
					<include content="ImageWidget">
						<param name="text_label" value="$LOCALIZE[31105]" />
						<param name="left">500</param>
						<param name="button_label" value="$LOCALIZE[31110]" />
						<param name="button_onclick" value="ActivateWindow(videos,root)"/>
						<param name="button_id" value="11300"/>
						<param name="visible" value="!Integer.IsGreater(Container(11001).NumItems,0)"/>
						<param name="button2_onclick" value="Skin.SetBool(HomeMenuNoVideosButton)"/>
					</include>
					<include content="WidgetScrollbar" condition="Skin.HasSetting(touchmode)">
						<param name="scrollbar_id" value="11010"/>
					</include>
				</control>
				<control type="group" id="12000">
					<visible>String.IsEqual(Container(9000).ListItem.Property(id),livetv)</visible>
					<include content="Visible_Right_Delayed">
						<param name="id" value="livetv"/>
					</include>
					<!-- <include content="PVRInfoPanel">
						<param name="top" value="-510"/>
					</include> -->
					<control type="grouplist" id="12001">
						<include>WidgetGroupListCommon</include>
						<pagecontrol>12010</pagecontrol>
						<include content="WidgetListCategoryOther" condition="System.HasPVRAddon + !Skin.HasSetting(home_no_categories_widget)">
							<param name="content_path" value="pvr://tv/"/>
							<param name="widget_header" value="$LOCALIZE[31148]"/>
							<param name="list_id" value="12900"/>
						</include>
						<include content="WidgetListPVR" condition="System.HasPVRAddon">
							<param name="content_path" value="pvr://channels/tv/*?view=lastplayed"/>
							<param name="sortby" value="lastplayed"/>
							<param name="sortorder" value="descending"/>
							<param name="widget_header" value="$LOCALIZE[31016]"/>
							<param name="item_limit" value="15"/>
							<param name="list_id" value="12200"/>
							<param name="info_update" value="5000"/>
						</include>
						<include content="WidgetListPVR" condition="System.HasPVRAddon">
							<param name="content_path" value="pvr://recordings/tv/active?view=flat"/>
							<param name="sortby" value="date"/>
							<param name="sortorder" value="descending"/>
							<param name="widget_header" value="$LOCALIZE[31015]"/>
							<param name="item_limit" value="15"/>
							<param name="list_id" value="12300"/>
							<param name="label" value="$INFO[ListItem.Title]$INFO[ListItem.Date, (,)]"/>
							<param name="label2" value="$VAR[SeasonEpisodeLabel]$INFO[ListItem.EpisodeName]"/>
						</include>
						<include content="WidgetListPVR" condition="System.HasPVRAddon">
							<param name="content_path" value="pvr://timers/tv/timers/?view=hidedisabled"/>
							<param name="sortorder" value="ascending"/>
							<param name="sortby" value="date"/>
							<param name="widget_header" value="$LOCALIZE[19040]"/>
							<param name="widget_target" value="tvtimers"/>
							<param name="item_limit" value="15"/>
							<param name="list_id" value="12400"/>
							<param name="label" value="$INFO[ListItem.Title]$INFO[ListItem.Date, (,)]"/>
							<param name="label2" value="$VAR[SeasonEpisodeLabel]$INFO[ListItem.EpisodeName]"/>
						</include>
						<include content="WidgetListSquareNoInfo" condition="System.HasPVRAddon">
							<param name="content_path" value="pvr://channels/tv"/>
							<param name="widget_header" value="$LOCALIZE[19173]"/>
							<param name="widget_target" value="tvguide"/>
							<param name="list_id" value="12500"/>
							<!-- <param name="item_treshold" value="1"/> -->
						</include>
						<include content="WidgetListSquareNoInfo" condition="System.HasPVRAddon">
							<param name="content_path" value="pvr://search/tv/savedsearches"/>
							<param name="sortorder" value="descending"/>
							<param name="sortby" value="date"/>
							<param name="widget_header" value="$LOCALIZE[19337]"/>
							<param name="widget_target" value="tvsearch"/>
							<param name="list_id" value="12600"/>
						</include>
					</control>
					<include content="ImageWidget" condition="!System.HasPVRAddon">
						<param name="left">500</param>
						<param name="text_label" value="$LOCALIZE[31143]" />
						<param name="button_label" value="$LOCALIZE[31144]" />
						<param name="button_onclick" value="ActivateWindow(addonbrowser,addons://default_binary_addons_source/kodi.pvrclient,return)"/>
						<param name="button_id" value="12400"/>
						<param name="button2_onclick" value="Skin.SetBool(HomeMenuNoTVButton)"/>
					</include>
					<include content="WidgetScrollbar" condition="Skin.HasSetting(touchmode)">
						<param name="scrollbar_id" value="12010"/>
					</include>
				</control>
				<control type="group" id="13000">
					<visible>String.IsEqual(Container(9000).ListItem.Property(id),radio)</visible>
					<include content="Visible_Right_Delayed">
						<param name="id" value="radio"/>
					</include>
					<control type="grouplist" id="13001">
						<include>WidgetGroupListCommon</include>
						<pagecontrol>13010</pagecontrol>
						<include content="WidgetListCategoryOther" condition="System.HasPVRAddon">
							<param name="content_path" value="pvr://radio/"/>
							<param name="widget_header" value="$LOCALIZE[31148]"/>
							<param name="list_id" value="13900"/>
						</include>
						<include content="WidgetListPVR" condition="System.HasPVRAddon">
							<param name="content_path" value="pvr://channels/radio/*?view=lastplayed"/>
							<param name="sortby" value="lastplayed"/>
							<param name="sortorder" value="descending"/>
							<param name="widget_header" value="$LOCALIZE[31018]"/>
							<param name="item_limit" value="15"/>
							<param name="list_id" value="13200"/>
							<param name="info_update" value="5000"/>
						</include>
						<include content="WidgetListPVR" condition="System.HasPVRAddon">
							<param name="content_path" value="pvr://recordings/radio/active?view=flat"/>
							<param name="sortby" value="date"/>
							<param name="sortorder" value="descending"/>
							<param name="widget_header" value="$LOCALIZE[31015]"/>
							<param name="item_limit" value="15"/>
							<param name="list_id" value="13300"/>
							<param name="label" value="$INFO[ListItem.Title]$INFO[ListItem.Date, (,)]"/>
							<param name="label2" value="$VAR[SeasonEpisodeLabel]$INFO[ListItem.EpisodeName]"/>
						</include>
						<include content="WidgetListPVR" condition="System.HasPVRAddon">
							<param name="content_path" value="pvr://timers/radio/timers/?view=hidedisabled"/>
							<param name="sortorder" value="ascending"/>
							<param name="sortby" value="date"/>
							<param name="widget_header" value="$LOCALIZE[19040]"/>
							<param name="widget_target" value="radiotimers"/>
							<param name="item_limit" value="15"/>
							<param name="list_id" value="13400"/>
							<param name="label" value="$INFO[ListItem.Title]$INFO[ListItem.Date, (,)]"/>
							<param name="label2" value="$VAR[SeasonEpisodeLabel]$INFO[ListItem.EpisodeName]"/>
						</include>
						<include content="WidgetListPVR" condition="System.HasPVRAddon">
							<param name="content_path" value="pvr://channels/radio"/>
							<param name="widget_header" value="$LOCALIZE[19174]"/>
							<param name="widget_target" value="radioguide"/>
							<param name="list_id" value="13500"/>
							<param name="item_treshold" value="1"/>
						</include>
						<include content="WidgetListPVR" condition="System.HasPVRAddon">
							<param name="content_path" value="pvr://search/radio/savedsearches"/>
							<param name="sortorder" value="descending"/>
							<param name="sortby" value="date"/>
							<param name="widget_header" value="$LOCALIZE[19337]"/>
							<param name="widget_target" value="radiosearch"/>
							<param name="list_id" value="13600"/>
						</include>
					</control>
					<include content="ImageWidget" condition="!System.HasPVRAddon">
						<param name="text_label" value="$LOCALIZE[31143]" />
						<param name="left">500</param>
						<param name="button_label" value="$LOCALIZE[31144]" />
						<param name="button_onclick" value="ActivateWindow(addonbrowser,addons://default_binary_addons_source/kodi.pvrclient,return)"/>
						<param name="button_id" value="13400"/>
						<param name="button2_onclick" value="Skin.SetBool(HomeMenuNoRadioButton)"/>
					</include>
					<include content="WidgetScrollbar" condition="Skin.HasSetting(touchmode)">
						<param name="scrollbar_id" value="13010"/>
					</include>
				</control>
				<control type="group" id="14000">
					<visible>String.IsEqual(Container(9000).ListItem.Property(id),favorites)</visible>
					<include content="Visible_Right_Delayed">
						<param name="id" value="favorites"/>
					</include>
					<!-- <control type="label">
						<left>50</left>
						<top>80</top>
						<label>$VAR[HomescreenFlixCrumbs]</label>
						<font>font27_title</font>
						<textcolor>$VAR[FocusColorTheme]</textcolor>
						<shadowcolor>text_shadow</shadowcolor>
						<scroll>true</scroll>
						<scrollspeed>100</scrollspeed>
						<visible>Control.HasFocus(14100)</visible>
					</control>
					<control type="label">
						<left>50</left>
						<top>80</top>
						<label>$INFO[Container(9000).ListItem.Label]</label>
						<font>font27</font>
						<textcolor>unfocused_text</textcolor>
						<shadowcolor>text_shadow</shadowcolor>
						<scroll>true</scroll>
						<scrollspeed>100</scrollspeed>
						<visible>!Control.HasFocus(14100)</visible>
					</control> -->
					<control type="panel" id="14100">
						<left>0</left>
						<top>-45</top>
						<right>0</right>
						<bottom>0</bottom>
						<onback>9000</onback>
						<onleft>9000</onleft>
						<onright>14100</onright>
						<onup>14100</onup>
						<ondown>14100</ondown>
						<preloaditems>2</preloaditems>
						<movement>5</movement>
						<scrolltime tween="cubic" easing="out">500</scrolltime>
						<orientation>vertical</orientation>
						<pagecontrol>14010</pagecontrol>
						<visible>Integer.IsGreater(Container(14100).NumItems,0) | Container(14100).IsUpdating</visible>
						<itemlayout width="315" height="320">
							<control type="group">
								<top>145</top>
								<left>56</left>
								<include content="SmallSquareLayout">
									<param name="fallback_image" value="DefaultFavourites.png" />
									<param name="list_id" value="14100" />
								</include>
							</control>
						</itemlayout>
						<focusedlayout width="315" height="320" infoupdate="30">
							<control type="group">
								<depth>DepthContentPopout</depth>
								<top>145</top>
								<left>56</left>
								<include content="SmallSquareLayout">
									<param name="fallback_image" value="DefaultFavourites.png" />
									<param name="list_id" value="14100" />
									<param name="focused" value="true" />
								</include>
							</control>
						</focusedlayout>
						<content>favourites://</content>
					</control>
					<include content="ImageWidget">
						<param name="text_label" value="$LOCALIZE[31025]" />
						<param name="button_label" value="$LOCALIZE[31116]" />
						<param name="left">500</param>
						<param name="button_onclick" value=""/>
						<param name="button_id" value="5500"/>
						<param name="visible" value="!Integer.IsGreater(Container(14100).NumItems,0) + !Container(14100).IsUpdating"/>
						<param name="visible_1" value="false"/>
						<param name="button2_onclick" value="Skin.SetBool(HomeMenuNoFavButton)"/>
					</include>
					<include content="WidgetScrollbar" condition="Skin.HasSetting(touchmode)">
						<param name="scrollbar_id" value="14010"/>
					</include>
				</control>
				<control type="group" id="15000">
					<visible>String.IsEqual(Container(9000).ListItem.Property(id),weather)</visible>
					<include content="Visible_Right_Delayed">
						<param name="id" value="weather"/>
					</include>
					<include>WeatherPanel</include>
					<control type="grouplist" id="15001">
						<top>170</top>
						<include>WidgetGroupListCommon</include>
						<pagecontrol>15010</pagecontrol>
						<include content="WeatherWidget" condition="!String.IsEmpty(Weather.Plugin)">
							<param name="content_include" value="DailyItems" />
							<param name="list_id" value="15200" />
							<param name="widget_header" value="$LOCALIZE[31019]"/>
							<param name="visible" value="!String.IsEmpty(Window(weather).Property(Daily.IsFetched))" />
						</include>
						<include content="WeatherWidget" condition="!String.IsEmpty(Weather.Plugin)">
							<param name="content_include" value="HourlyItems" />
							<param name="list_id" value="15100" />
							<param name="widget_header" value="$LOCALIZE[33036]"/>
							<param name="visible" value="!String.IsEmpty(Window(weather).Property(Hourly.IsFetched))" />
						</include>
						<!-- <include content="WeatherMapItem">
							<param name="item_id" value="1" />
							<param name="onup_id" value="15200" />
							<param name="ondown_id" value="70020" />
						</include>
						<include content="WeatherMapItem">
							<param name="item_id" value="2" />
							<param name="onup_id" value="70010" />
							<param name="ondown_id" value="70030" />
						</include>
						<include content="WeatherMapItem">
							<param name="item_id" value="3" />
							<param name="onup_id" value="70020" />
							<param name="ondown_id" value="70040" />
						</include>
						<include content="WeatherMapItem">
							<param name="item_id" value="4" />
							<param name="onup_id" value="70030" />
							<param name="ondown_id" value="70050" />
						</include>
						<include content="WeatherMapItem">
							<param name="item_id" value="5" />
							<param name="onup_id" value="70040" />
							<param name="ondown_id" value="20001" />
						</include> -->
					</control>
					<include content="ImageWidget" condition="String.IsEmpty(Weather.plugin)">
						<param name="text_label" value="$LOCALIZE[31120]" />
						<param name="button_label" value="$LOCALIZE[31121]" />
						<param name="left">500</param>
						<param name="button_onclick" value="ActivateWindow(servicesettings,weather)"/>
						<param name="button_id" value="15300"/>
						<param name="button2_onclick" value="Skin.SetBool(HomeMenuNoWeatherButton)"/>
					</include>
					<include content="WidgetScrollbar" condition="Skin.HasSetting(touchmode)">
						<param name="scrollbar_id" value="15010"/>
					</include>
				</control>
				<control type="group" id="16000">
					<visible>String.IsEqual(Container(9000).ListItem.Property(id),musicvideos)</visible>
					<include content="Visible_Right_Delayed">
						<param name="id" value="musicvideos"/>
					</include>
					<control type="grouplist" id="16001">
						<pagecontrol>16010</pagecontrol>
						<include content="WidgetListCategoryOther" condition="Library.HasContent(musicvideos) + !Skin.HasSetting(home_no_categories_widget)">
							<param name="content_path" value="library://video/musicvideos/"/>
							<param name="widget_header" value="$LOCALIZE[31148]"/>
							<param name="widget_target" value="videos"/>
							<param name="list_id" value="16900"/>
						</include>
						<include content="WidgetListEpisodes" condition="Library.HasContent(musicvideos) + !Skin.HasSetting(show_musicvideoposter)">
							<param name="content_path" value="videodb://recentlyaddedmusicvideos/"/>
							<param name="widget_header" value="$LOCALIZE[20390]"/>
							<param name="widget_target" value="videos"/>
							<param name="main_label" value="$INFO[ListItem.Label]" />
							<param name="sub_label" value="$INFO[ListItem.Artist]" />
							<param name="thumb_label" value="$INFO[ListItem.Year]" />
							<param name="fallback_image" value="DefaultMusicSongs.png" />
							<param name="list_id" value="16300"/>
						</include>
						<include content="WidgetListPoster" condition="Library.HasContent(musicvideos) + Skin.HasSetting(show_musicvideoposter)">
							<param name="content_path" value="videodb://recentlyaddedmusicvideos/"/>
							<param name="widget_header" value="$LOCALIZE[20390]"/>
							<param name="widget_target" value="videos"/>
							<param name="fallback_image" value="DefaultMusicSongs.png" />
							<param name="list_id" value="16300"/>
						</include>
						<include content="WidgetListEpisodes" condition="Library.HasContent(musicvideos) + !Skin.HasSetting(show_musicvideoposter)">
							<param name="content_path" value="special://skin/playlists/unwatched_musicvideos.xsp"/>
							<param name="widget_header" value="$LOCALIZE[31151]"/>
							<param name="widget_target" value="videos"/>
							<param name="main_label" value="$INFO[ListItem.Label]" />
							<param name="sub_label" value="$INFO[ListItem.Artist]" />
							<param name="thumb_label" value="$INFO[ListItem.Year]" />
							<param name="fallback_image" value="DefaultMusicSongs.png" />
							<param name="list_id" value="16400"/>
						</include>
						<include content="WidgetListPoster" condition="Library.HasContent(musicvideos) + Skin.HasSetting(show_musicvideoposter)">
							<param name="content_path" value="special://skin/playlists/unwatched_musicvideos.xsp"/>
							<param name="widget_header" value="$LOCALIZE[31151]"/>
							<param name="widget_target" value="videos"/>
							<param name="fallback_image" value="DefaultMusicSongs.png" />
							<param name="list_id" value="16400"/>
						</include>
						<include content="WidgetListSquare" condition="Library.HasContent(musicvideos)">
							<param name="content_path" value="special://skin/playlists/random_musicvideo_artists.xsp"/>
							<param name="widget_header" value="$LOCALIZE[31013]"/>
							<param name="widget_target" value="music"/>
							<param name="list_id" value="16200"/>
							<param name="widget_limit" value="10"/>
						</include>
						<include content="WidgetListEpisodes" condition="Library.HasContent(musicvideos) + !Skin.HasSetting(show_musicvideoposter)">
							<param name="content_path" value="special://skin/playlists/random_musicvideos.xsp"/>
							<param name="widget_header" value="$LOCALIZE[31152]"/>
							<param name="widget_target" value="videos"/>
							<param name="main_label" value="$INFO[ListItem.Label]" />
							<param name="sub_label" value="$INFO[ListItem.Artist]" />
							<param name="thumb_label" value="$INFO[ListItem.Year]" />
							<param name="fallback_image" value="DefaultMusicSongs.png" />
							<param name="list_id" value="16500"/>
						</include>
						<include content="WidgetListPoster" condition="Library.HasContent(musicvideos) + Skin.HasSetting(show_musicvideoposter)">
							<param name="content_path" value="special://skin/playlists/random_musicvideos.xsp"/>
							<param name="widget_header" value="$LOCALIZE[31152]"/>
							<param name="widget_target" value="videos"/>
							<param name="fallback_image" value="DefaultMusicSongs.png" />
							<param name="list_id" value="16500"/>
						</include>
						<include content="WidgetListCategoryOther" condition="Library.HasContent(musicvideos)">
							<param name="content_path" value="videodb://musicvideos/studios/"/>
							<param name="widget_header" value="$LOCALIZE[20388]"/>
							<param name="widget_target" value="music"/>
							<param name="list_id" value="16600"/>
							<param name="icon" value="$VAR[WidgetStudioIconVar]"/>
							<!-- <param name="icon_height" value="70"/> -->
						</include>
					</control>
					<include content="ImageWidget" condition="!Library.HasContent(musicvideos)">
						<param name="text_label" value="$LOCALIZE[31104]" />
						<param name="left">500</param>
						<param name="button_label" value="$LOCALIZE[31110]" />
						<param name="button_onclick" value="ActivateWindow(videos,files,return)"/>
						<param name="button_id" value="16800"/>
						<param name="button2_onclick" value="Skin.SetBool(HomeMenuNoMusicVideoButton)"/>
					</include>
					<include content="WidgetScrollbar" condition="Skin.HasSetting(touchmode)">
						<param name="scrollbar_id" value="16010"/>
					</include>
				</control>
				<control type="group" id="4000">
					<visible>String.IsEqual(Container(9000).ListItem.Property(id),pictures)</visible>
					<include content="Visible_Right_Delayed">
						<param name="id" value="pictures"/>
					</include>
					<control type="grouplist" id="4001">
						<include>WidgetGroupListCommon</include>
						<include content="WidgetListCategoryOther" condition="!Skin.HasSetting(HomeMenuNoPicturesButton)">
							<param name="content_path" value="sources://pictures/"/>
							<param name="widget_header" value="$LOCALIZE[20094]"/>
							<param name="widget_target" value="pictures"/>
							<param name="list_id" value="4100"/>
							<!-- <param name="icon_height" value="110"/> -->
						</include>
					</control>
				</control>
				<control type="group" id="17000">
					<visible>String.IsEqual(Container(9000).ListItem.Property(id),games)</visible>
					<include content="Visible_Right_Delayed">
						<param name="id" value="games"/>
					</include>
					<control type="grouplist" id="17001">
						<include>WidgetGroupListCommon</include>
						<pagecontrol>17010</pagecontrol>
						<include content="WidgetListSquare">
							<param name="content_path" value="addons://sources/game/"/>
							<param name="widget_header" value="$LOCALIZE[35049]"/>
							<param name="widget_target" value="games"/>
							<param name="sortby" value="lastused"/>
							<param name="sortorder" value="descending"/>
							<param name="list_id" value="17200"/>
							<param name="fallback_icon" value="DefaultAddonGame.png"/>
						</include>
					</control>
					<include content="ImageWidget">
						<param name="text_label" value="$LOCALIZE[31162]" />
						<param name="button_label" value="$LOCALIZE[31144]" />
						<param name="button_onclick" value="ActivateWindow(addonbrowser,addons://default_binary_addons_source/category.gameaddons,return)"/>
						<param name="button_id" value="17100"/>
						<param name="left">500</param>
						<param name="visible" value="!Integer.IsGreater(Container(17001).NumItems,0)"/>
						<param name="button2_onclick" value="Skin.SetBool(HomeMenuNoGamesButton)"/>
					</include>
					<include content="WidgetScrollbar" condition="Skin.HasSetting(touchmode)">
						<param name="scrollbar_id" value="17010"/>
					</include>
				</control>
				<control type="group" id="21000">
					<visible>String.IsEqual(Container(9000).ListItem.Property(id),disc)</visible>
					<include content="Visible_Right_Delayed">
						<param name="id" value="disc"/>
					</include>
					<include content="ImageWidget">
						<param name="text_label" value="$INFO[System.DVDLabel]" />
						<param name="left">500</param>
						<param name="button_label" value="$LOCALIZE[341]" />
						<param name="button_onclick" value="PlayDisc"/>
						<param name="button_id" value="21100"/>
						<param name="visible" value="true"/>
						<param name="button2_label" value="$LOCALIZE[13391]"/>
						<param name="button2_onclick" value="EjectTray()"/>
						<param name="button3_label" value="$LOCALIZE[600]"/>
						<param name="button3_onclick" value="RipCD"/>
						<param name="visible_3" value="System.HasMediaAudioCD"/>
					</include>
				</control>
			</control>
			<include content="TopBar">
				<param name="breadcrumbs_label" value="" />
			</include>
			<include>BottomBar</include>
			<!-- <control type="textbox" id="9999">
				<left>600</left>
				<top>700</top>
				<width>1500</width>
				<height>1000</height>
				<font>font12</font>
				<textcolor>FFFFFFFF</textcolor>
				<label>DB Type: $INFO[Window(Home).Property(CurrentDBType)]</label>
				<label>Saved: $INFO[Window(Home).Property(altus_saved_list_id)][CR]Stacked: $INFO[Window(Home).Property(altus_stacked_saved_list_id)][CR]Linked: $INFO[Window(Home).Property(altus_spotlight_linked_list_id)]</label>
				<label>Current Focus: $INFO[System.CurrentControlID]</label>
				<label>First: $INFO[Window(Home).Property(FirstWidgetID)] • Last: $INFO[Window(Home).Property(LastWidgetID)] • Current Focus: $INFO[System.CurrentControlID]</label>
				<label>Feature: $INFO[Window(Home).Property(FeatureWidgetFocused)]</label>
				<visible>true</visible>
			</control> -->
			<control type="group">
				<depth>DepthContentPanel</depth>
				<include>OpenClose_Left</include>
				<animation effect="slide" condition="ControlGroup(2000).HasFocus + ![ControlGroup(19000).HasFocus | ControlGroup(22000).HasFocus | ControlGroup(23000).HasFocus | ControlGroup(24000).HasFocus | ControlGroup(25000).HasFocus]" time="500" start="0,0" end="-498,0" tween="cubic" easing="inout">Conditional</animation>
				<include content="MenuContentPanel">
					<param name="bg_left" value="0"/>
					<param name="width" value="498"/>
					<param name="dividerleft" value="498"/>
					<param name="visible" value="String.IsEmpty(Window(Home).Property(SpotlightWidget))"/>
				</include>
				<control type="group">
					<!-- <visible allowhiddenfocus="true">!ControlGroup(2000).HasFocus + !Control.HasFocus(20000) + !Control.HasFocus(20001)</visible> -->
					<visible allowhiddenfocus="true">!$EXP[isContent]</visible>
					<animation effect="fade" condition="!$EXP[isContent] + String.IsEmpty(Window(Home).Property(SpotlightWidget))" time="300" end="100" tween="sine" easing="inout">Conditional</animation>
					<animation effect="slide" end="0,-40" time="300" tween="sine" easing="inout" condition="!String.IsEmpty(Window(Home).Property(altus.widgets_load_state))">conditional</animation>
					<width>498</width>
					<control type="fixedlist" id="9000">
						<left>0</left>
						<top>180</top>
						<width>498</width>
						<height>832</height>
						<movement>9</movement>
						<focusposition>0</focusposition>
						<onfocus>ClearProperty(listposition,home)</onfocus>
						<!-- <onfocus>ClearProperty(FirstWidgetID,home)</onfocus>
						<onfocus>ClearProperty(LastWidgetID,home)</onfocus> -->
						<onfocus>ClearProperty(SpotlightWidget,Home)</onfocus>
						<onfocus>ClearProperty(FeatureWidgetFocused,Home)</onfocus>
						<onfocus>ClearProperty(altus_saved_list_id,Home)</onfocus>
						<onfocus>ClearProperty(altus_stacked_linked_list_id,Home)</onfocus>
						<onright>SetFocus($INFO[Container(9000).ListItem.Property(menu_id)])</onright>
						<onback>700</onback>
						<onup>700</onup>
						<ondown>9000</ondown>
						<scrolltime tween="cubic" easing="out">500</scrolltime>
						<include content="List">
							<param name="id" value="9000" />
						</include>
						<content>
							<!-- MOVIES 19000 -->
							<include content="MoviesMainMenu" condition="!Skin.HasSetting(HomeMenuNoMoviesButton)" />
							<!-- TVSHOWS 22000 -->
							<include content="TVShowsMainMenu" condition="!Skin.HasSetting(HomeMenuNoTVShowsButton)" />
							<!-- CUSTOM 1 23000 -->
							<include content="Custom1MainMenu" condition="!Skin.HasSetting(HomeMenuNoCustom1Button)" />
							<!-- CUSTOM 2 24000 -->
							<include content="Custom2MainMenu" condition="!Skin.HasSetting(HomeMenuNoCustom2Button)" />
							<!-- CUSTOM 3 25000 -->
							<include content="Custom3MainMenu" condition="!Skin.HasSetting(HomeMenuNoCustom3Button)" />
							<item>
								<label>$LOCALIZE[2]</label>
								<onclick>ActivateWindow(Music,root,return)</onclick>
								<property name="menu_id">$NUMBER[7000]</property>
								<property name="id">music</property>
								<visible>!Skin.HasSetting(HomeMenuNoMusicButton)</visible>
							</item>
							<item>
								<label>$LOCALIZE[427]</label>
								<onclick>PlayDisc</onclick>
								<property name="menu_id">$NUMBER[21000]</property>
								<property name="id">disc</property>
								<visible>System.HasMediaDVD</visible>
							</item>
							<item>
								<label>$LOCALIZE[20389]</label>
								<property name="menu_id">$NUMBER[16000]</property>
								<onclick>ActivateWindow(Videos,musicvideos,return)</onclick>
								<property name="id">musicvideos</property>
								<visible>!Skin.HasSetting(HomeMenuNoMusicVideoButton)</visible>
							</item>
							<item>
								<label>Live TV</label>
								<property name="menu_id">$NUMBER[12000]</property>
								<onclick>ActivateWindow(TVGuide)</onclick>
								<property name="id">livetv</property>
								<visible>!Skin.HasSetting(HomeMenuNoTVButton)</visible>
							</item>
							<item>
								<label>$LOCALIZE[19021]</label>
								<property name="menu_id">$NUMBER[13000]</property>
								<onclick>ActivateWindow(RadioChannels)</onclick>
								<property name="id">radio</property>
								<visible>!Skin.HasSetting(HomeMenuNoRadioButton)</visible>
							</item>
							<item>
								<label>$LOCALIZE[15016]</label>
								<property name="menu_id">$NUMBER[17000]</property>
								<onclick>ActivateWindow(Games)</onclick>
								<property name="id">games</property>
								<visible>System.GetBool(gamesgeneral.enable) + !Skin.HasSetting(HomeMenuNoGamesButton)</visible>
							</item>
							<item>
								<label>$LOCALIZE[24001]</label>
								<property name="menu_id">$NUMBER[8000]</property>
								<onclick>ActivateWindow(1100)</onclick>
								<property name="id">addons</property>
								<visible>!Skin.HasSetting(HomeMenuNoProgramsButton)</visible>
							</item>
							<item>
								<label>$LOCALIZE[1]</label>
								<onclick>ActivateWindow(Pictures)</onclick>
								<property name="menu_id">$NUMBER[4000]</property>
								<property name="id">pictures</property>
								<visible>!Skin.HasSetting(HomeMenuNoPicturesButton)</visible>
							</item>
							<item>
								<label>$LOCALIZE[3]</label>
								<onclick>ActivateWindow(Videos,root)</onclick>
								<property name="menu_id">$NUMBER[11000]</property>
								<property name="id">video</property>
								<visible>!Skin.HasSetting(HomeMenuNoVideosButton)</visible>
							</item>
							<item>
								<label>$LOCALIZE[10134]</label>
								<onclick>ActivateWindow(favouritesbrowser)</onclick>
								<property name="menu_id">$NUMBER[14000]</property>
								<property name="id">favorites</property>
								<visible>!Skin.HasSetting(HomeMenuNoFavButton)</visible>
							</item>
							<item>
								<label>$LOCALIZE[8]</label>
								<!-- <onclick condition="!String.IsEmpty(Weather.Plugin) + String.IsEmpty(Window(Home).Property(weather_cycling))">Notification(Weather, Location cycling enabled, 2000)</onclick> -->
								<onclick condition="!String.IsEmpty(Weather.Plugin) + String.IsEmpty(Window(Home).Property(weather_cycling))">SetProperty(weather_cycling,true,home)</onclick>
								<onclick condition="!String.IsEmpty(Weather.Plugin) + String.IsEmpty(Window(Home).Property(weather_cycling))">ReplaceWindow(Weather)</onclick>
								<onclick condition="!String.IsEmpty(Weather.Plugin)">Notification(Weather, Cycling to next location..., 2000)</onclick>
								<onclick condition="!String.IsEmpty(Weather.Plugin)">Weather.LocationNext</onclick>
								<onclick condition="String.IsEmpty(Weather.Plugin)">ReplaceWindow(servicesettings,weather)</onclick>
								<property name="menu_id">$NUMBER[15000]</property>
								<property name="id">weather</property>
								<visible>!Skin.HasSetting(HomeMenuNoWeatherButton)</visible>
							</item>
						</content>
					</control>
					<control type="group">
						<left>75</left>
						<top>70</top>
						<width>343</width>
						<height>140</height>
						<control type="label">
							<left>0</left>
							<top>-30</top>
							<width>340</width>
							<height>30</height>
							<font>font12</font>
							<align>center</align>
							<aligny>center</aligny>
							<textcolor>lightgrey</textcolor>
							<label>$VAR[HomeSubmenuButtonLabelsVar]</label>
							<!-- <label>$INFO[System.Time] • $INFO[Window(Weather).Property(Current.Temperature)]$INFO[System.TemperatureUnits]</label> -->
						</control>
						<control type="grouplist" id="700">
							<orientation>horizontal</orientation>
							<itemgap>-19</itemgap>
							<width>343</width>
							<height>100</height>
							<onup>SetFocus(9000,99,absolute)</onup>
							<ondown>SetFocus(9000,0,absolute)</ondown>
							<onright>2000</onright>
							<onback>9000</onback>
							<align>center</align>
							<include content="IconButton">
								<param name="control_id" value="801" />
								<param name="onclick" value="$VAR[HomePowerButtonActionVar]" />
								<param name="icon" value="icons/submenu/power.png" />
							</include>
							<include content="IconButton">
								<param name="control_id" value="802" />
								<param name="onclick" value="ActivateWindow(settings)" />
								<param name="icon" value="icons/submenu/settings.png" />
							</include>
							<include content="IconButton">
								<param name="control_id" value="803" />
								<param name="onclick" value="$VAR[HomeSearchButtonActionVar]" />
								<param name="icon" value="icons/submenu/search.png" />
							</include>
							<include content="IconButton">
								<param name="control_id" value="804" />
								<param name="onclick" value="ActivateWindow(addonbrowser,addons://outdated/,return)" />
								<param name="icon" value="icons/submenu/updates.png" />
								<param name="visible" value="Integer.IsGreater(System.AddonUpdateCount,0)" />
							</include>
							<include content="IconButton">
								<param name="control_id" value="805" />
								<param name="onclick" value="Fullscreen" />
								<param name="icon" value="icons/submenu/fullscreen.png" />
								<param name="visible" value="Player.HasMedia" />
							</include>
						</control>
					</control>
				</control>
			</control>
			<include>VerticalInfoPanel</include>

			<!-- <control type="group">
				<width>492</width>
				<left>-20</left>
				<visible>$EXP[isContent] + String.IsEmpty(Window(Home).Property(SpotlightWidget))</visible>
				<animation effect="fade" condition="$EXP[isContent] + String.IsEmpty(Window(Home).Property(SpotlightWidget))" time="500" end="100" tween="sine" easing="inout">Conditonal</animation>
				<control type="image">
					<top>65</top>
					<left>70</left>
					<width>412</width>
					<height>128</height>
					<fadetime>200</fadetime>
					<texture background="true">$INFO[Window(Home).Property(listitem_clearlogo_cropped)]</texture>
					<aspectratio align="center" aligny="bottom">keep</aspectratio>
					<visible>String.IsEqual(Skin.String(WidgetClearlogoSetting),0) + !String.IsEmpty(ListItem.Art(clearlogo))</visible>
				</control>
				<include>OpenClose_Left</include>
				<control type="grouplist">
					<top>218</top>
					<left>15</left>
					<width>150</width>
					<orientation>vertical</orientation>
					<itemgap>25</itemgap>
					<aligny>center</aligny>
					<align>left</align>
					<visible>!Skin.HasSetting(Disable.HomePanelRatings)</visible>
					<include condition="!String.IsEmpty(Skin.String(valid_api_key)) + !Skin.HasSetting(Disable.HomePanelRatings)">VerticalRatings</include>
				</control>
				<control type="grouplist">
					<top>205</top>
					<left>145</left>
					<width>332</width>
					<orientation>vertical</orientation>
					<align>left</align>
					<itemgap>14</itemgap>
					<animation effect="slide" condition="Skin.HasSetting(Disable.HomePanelRatings)" time="0" start="0,0" end="25,0" tween="sine" easing="inout">Conditional</animation>
					<control type="textbox">
						<align>center</align>
						<height max="100">auto</height>
						<label>$VAR[DialogInfoTitle]</label>
						<font>font36_title</font>
						<textcolor>unfocused_text</textcolor>
						<autoscroll delay="2000" time="1000" repeat="2000">true</autoscroll>
						<visible>!String.IsEqual(Skin.String(WidgetClearlogoSetting),2) + [String.IsEqual(Skin.String(WidgetClearlogoSetting),1) | String.IsEmpty(ListItem.Art(clearlogo))]</visible>
					</control>
					<control type="textbox">
						<top>0</top>
						<left>0</left>
						<right>0</right>
						<height>3</height>
						<label></label>
						<visible>String.IsEqual(Skin.String(WidgetClearlogoSetting),0)</visible>
					</control>
					<control type="image">
						<height>2</height>
						<texture colordiffuse="$VAR[FocusColorTheme]">masks/infopanel_divider.png</texture>
						<visible>$EXP[isContent]</visible>
					</control>
					<control type="textbox">
						<align>left</align>
						<height max="300">auto</height>
						<label>$VAR[Alt_WidgetInfoPanelTop]</label>
						<font>font27</font>
						<textcolor>$VAR[FocusColorTheme]</textcolor>
						<scroll>true</scroll>
						<scrollspeed>150</scrollspeed>
					</control>
					<control type="image">
						<height>2</height>
						<texture colordiffuse="$VAR[FocusColorTheme]">masks/infopanel_divider.png</texture>
						<visible>$EXP[isContent]</visible>
					</control>
					<control type="textbox">
						<height max="505">auto</height>
						<font>font27</font>
						<textcolor>unfocused_text</textcolor>
						<align>left</align>
						<label>$VAR[RI_Plot]</label>
						<autoscroll delay="8000" time="1000" repeat="8000">true</autoscroll>
						<visible>[$EXP[isMovie] + !String.IsEqual(Skin.String(WidgetClearlogoSetting),2)] | [!$EXP[isMovie] + !String.IsEqual(Skin.String(WidgetClearlogoSetting),2) + !Skin.HasSetting(Enable.HomePanelStudioLogos)]</visible>
					</control>
					<control type="textbox">
						<height max="590">auto</height>
						<font>font27</font>
						<textcolor>unfocused_text</textcolor>
						<align>left</align>
						<label>$VAR[RI_Plot]</label>
						<autoscroll delay="8500" time="1500" repeat="8500">true</autoscroll>
						<visible>[$EXP[isMovie] + String.IsEqual(Skin.String(WidgetClearlogoSetting),2)] | [!$EXP[isMovie] + String.IsEqual(Skin.String(WidgetClearlogoSetting),2) + !Skin.HasSetting(Enable.HomePanelStudioLogos)]</visible>
					</control>
					<control type="textbox">
						<height max="380">auto</height>
						<font>font27</font>
						<textcolor>unfocused_text</textcolor>
						<align>left</align>
						<label>$VAR[RI_Plot]</label>
						<autoscroll delay="6000" time="1000" repeat="6000">true</autoscroll>
						<visible>!$EXP[isMovie] + !String.IsEqual(Skin.String(WidgetClearlogoSetting),2) + Skin.HasSetting(Enable.HomePanelStudioLogos)</visible>
					</control>
					<control type="textbox">
						<height max="545">auto</height>
						<font>font27</font>
						<textcolor>unfocused_text</textcolor>
						<align>left</align>
						<label>$VAR[RI_Plot]</label>
						<autoscroll delay="7000" time="1000" repeat="7000">true</autoscroll>
						<visible>!$EXP[isMovie] + String.IsEqual(Skin.String(WidgetClearlogoSetting),2) + Skin.HasSetting(Enable.HomePanelStudioLogos)</visible>
					</control>
					<control type="image">
						<height>2</height>
						<texture colordiffuse="$VAR[FocusColorTheme]">masks/infopanel_divider.png</texture>
						<visible>$EXP[isContent]</visible>
					</control>
					<control type="image">
						<height>115</height>
						<fadetime>200</fadetime>
						<texture colordiffuse="$VAR[StudioColorDiffuseVar]">$VAR[StudioLogoPathVar]</texture>
						<aspectratio align="center" aligny="top">keep</aspectratio>
						<visible>Skin.HasSetting(Enable.HomePanelStudioLogos) + !$EXP[isMovie]</visible>
					</control>
				</control>
			</control> -->

			<control type="label">
				<animation condition="String.IsEqual(Window(Home).Property(altus.widgets_load_state),processing)" reversible="true" pulse="true">
					<effect type="fade" start="100" end="10" time="900" tween="sine" easing="inout" />
				</animation>
				<left>0</left>
				<bottom>65</bottom>
				<width>498</width>
				<height>30</height>
				<font>font27</font>
				<align>center</align>
				<aligny>center</aligny>
				<textcolor>$VAR[FocusColorTheme]</textcolor>
				<label>$VAR[WidgetLoadingLabel]</label>
				<visible>String.IsEmpty(Window(Home).Property(SpotlightWidget))</visible>
			</control>
			<control type="group">
				<depth>DepthBars</depth>
				<bottom>0</bottom>
				<height>70</height>
				<animation effect="fade" start="0" end="100" time="300" delay="300">WindowOpen</animation>
				<animation effect="fade" start="100" end="0" time="200">WindowClose</animation>
				<include condition="!Skin.HasSetting(hide_mediaflags)" content="MediaFlags">
					<param name="infolabel_prefix" value="Container." />
					<param name="resolution_var" value="$VAR[ContainerResolutionFlagVar]" />
				</include>
				<control type="rss">
					<animation effect="slide" end="0,100" time="300" tween="sine" easing="inout" condition="$EXP[infodialog_active]">conditional</animation>
					<left>0</left>
					<bottom>0</bottom>
					<height>39</height>
					<width>100%</width>
					<font>font12</font>
					<urlset>1</urlset>
					<hitrect x="-100" y="0" w="1" h="1" />
					<titlecolor>$VAR[FocusColorTheme]</titlecolor>
					<textcolor>$VAR[FocusColorTheme]</textcolor>
					<shadowcolor>text_shadow</shadowcolor>
					<headlinecolor>FFC0C0C0</headlinecolor>
					<visible>Skin.HasSetting(hide_mediaflags) | !ControlGroup(2000).HasFocus</visible>
					<animation effect="fade" time="300">VisibleChange</animation>
				</control>
			</control>
		</control>
	</controls>
</window>
