<?xml version="1.0" encoding="UTF-8"?>
<includes>

	<include name="FeatureLandscapeLayout">
		<param name="focused">false</param>
		<definition>
			<control type="group">
				<visible>String.IsEmpty(ListItem.Art(fanart)) + String.IsEmpty(ListItem.Art(landscape))</visible>
				<control type="image">
					<left>19</left>
					<top>11</top>
					<width>582</width>
					<height>327</height>
					<texture colordiffuse="$VAR[FocusColorTheme]">colors/white.png</texture>
					<visible>[[$PARAM[focused] + Control.HasFocus($PARAM[list_id])] + !Player.HasMedia + String.IsEmpty(Skin.String(TrailerPlaying))] | [[$PARAM[focused] + [Control.IsVisible(55) | Control.IsVisible(501)]] + !Player.HasMedia + String.IsEmpty(Skin.String(TrailerPlaying))]</visible>
					<visible>!Container($PARAM[list_id]).IsUpdating</visible>
					<include condition="$PARAM[focused]">Animation_FocusTextureFade</include>
				</control>
				<control type="textbox">
					<left>333</left>
					<top>40</top>
					<width>222</width>
					<height>262</height>
					<font>font25</font>
					<align>center</align>
					<aligny>center</aligny>
					<label>$INFO[ListItem.Label]</label>
					<textcolor>$VAR[FocusedTextColorVar]</textcolor>
					<autoscroll time="3000" delay="4000" repeat="3000">$PARAM[focused] + Control.HasFocus($PARAM[list_id])</autoscroll>
					<visible>!ListItem.IsParentFolder + [$PARAM[focused] + Control.HasFocus($PARAM[list_id])] | [$PARAM[focused] + [Control.IsVisible(55) | Control.IsVisible(501)]]</visible>
				</control>
				<control type="textbox">
					<left>333</left>
					<top>40</top>
					<width>222</width>
					<height>262</height>
					<font>font25</font>
					<align>center</align>
					<aligny>center</aligny>
					<label>$INFO[ListItem.Label]</label>
					<textcolor>unfocused_text</textcolor>
					<visible>!ListItem.IsParentFolder + [!$PARAM[focused] | [!Control.HasFocus($PARAM[list_id]) + ![Control.IsVisible(55) | Control.IsVisible(501)]]]</visible>
				</control>
				<control type="image">
					<left>30</left>
					<top>35.5</top>
					<width>270</width>
					<height>270</height>
					<texture fallback="DefaultMovies.png" background="true">$VAR[IconWallThumbVar]</texture>
					<bordersize>20</bordersize>
					<visible>!ListItem.IsParentFolder + $PARAM[focused] + Control.HasFocus($PARAM[list_id])</visible>
				</control>
				<control type="image">
					<left>30</left>
					<top>35.5</top>
					<width>270</width>
					<height>270</height>
					<texture colordiffuse="unfocused_text" fallback="DefaultMovies.png" background="true">$VAR[IconWallThumbVar]</texture>
					<bordersize>20</bordersize>
					<visible>!ListItem.IsParentFolder + ![$PARAM[focused] + Control.HasFocus($PARAM[list_id])]</visible>
				</control>
			</control>
			<control type="group">
				<visible>!String.IsEmpty(ListItem.Art(fanart)) | !String.IsEmpty(ListItem.Art(landscape))</visible>
				<control type="image">
					<left>20</left>
					<top>11</top>
					<!-- 1272 -->
					<width>1333</width>
					<!-- 715 -->
					<height>749</height>
					<texture colordiffuse="artwork_dim" background="true">$VAR[FlixScapeVar]</texture>
					<aspectratio scalediffuse="false">scale</aspectratio>
				</control>
				<control type="image">
					<left>20</left>
					<top>537</top>
					<width>223</width>
					<height>223</height>
					<texture colordiffuse="overlay_fade_color">overlays/overlay_bg.png</texture>
					<visible>
						Listitem.IsCollection | ListItem.IsPlaying | 
							[
								Integer.IsGreater(ListItem.Playcount,0) + String.IsEqual(Skin.String(HomeItemArtworkChoice),0)
							]
						+ !$EXP[isEpisode] + String.IsEqual(Skin.String(HomeItemArtworkChoice),0) + [[$PARAM[focused] + Control.HasFocus($PARAM[list_id])] | $PARAM[focused] + [Control.IsVisible(55) | Control.IsVisible(501)]]
					</visible>
					<animation condition="
						[[$PARAM[focused] + Control.HasFocus($PARAM[list_id])] | $PARAM[focused] + [Control.IsVisible(55) | Control.IsVisible(501)]] + 
						[
								[$EXP[isMovie] + !Integer.IsEqual(Container($PARAM[id]).ListItem.Property(WatchedProgress),0)] | 
								[[$EXP[isTVShow] | $EXP[isSeason] | $EXP[isEpisode]] + !Integer.IsGreater(ListItem.Playcount,0) + !Integer.IsEqual(Container($PARAM[id]).ListItem.Property(WatchedProgress),0)] |
								[!$EXP[isMovie] + !$EXP[isTVShow] + !$EXP[isSeason] + !$EXP[isEpisode] + !Integer.IsEqual(Container($PARAM[id]).ListItem.Property(WatchedProgress),0)]
						]
						" effect="fade" time="0" start="100" end="0">Conditional</animation>
				</control>
				<control type="image">
					<left>20</left>
					<top>620</top>
					<width>1335</width>
					<height>140</height>
					<texture colordiffuse="overlay_fade_color">overlays/overlay_bg_long.png</texture>
					<visible>
						[[$PARAM[focused] + Control.HasFocus($PARAM[list_id])] | $PARAM[focused] + [Control.IsVisible(55) | Control.IsVisible(501)]] + 
						!Integer.IsEqual(Container($PARAM[id]).ListItem.Property(WatchedProgress),0) + 
						!String.IsEqual(ListItem.Property(UnWatchedEpisodes),-1) + 
						[
								[$EXP[isMovie]] | 
								[[$EXP[isTVShow] | $EXP[isSeason]] + Integer.IsGreater(ListItem.Property(UnWatchedEpisodes),0)] | 
								[!$EXP[isMovie] + !$EXP[isTVShow] + !$EXP[isSeason] + !$EXP[isEpisode]]
						] + 
						[
							![$EXP[isEpisode] | [String.IsEqual(Skin.String(HomeItemArtworkChoice),1) + !Skin.HasSetting(Disable.LandscapeWidgetClearlogo)]]
						]
					</visible>
					<include condition="$PARAM[focused]">Animation_FocusTextureFade</include>
				</control>
        <control type="image">
					<left>20</left>
					<top>450</top>
					<width>1335</width>
					<height>310</height>
					<texture colordiffuse="overlay_fade_color">overlays/overlay_bg_long.png</texture>
					<visible>$EXP[isEpisode] | [String.IsEqual(Skin.String(HomeItemArtworkChoice),1) + !Skin.HasSetting(Disable.LandscapeWidgetClearlogo)]</visible>
				</control>
        <control type="group">
          <left>39</left>
          <top>545</top>
					<control type="image">
						<left>30</left>
						<top>-20</top>
						<width>474</width>
						<height>182</height>
						<texture background="true">$VAR[ClearlogoVar]</texture>
						<aspectratio align="left" aligny="bottom">keep</aspectratio>
						<visible>!$EXP[isEpisode] + !String.IsEmpty(ListItem.Art(clearlogo)) + !String.IsEqual(Skin.String(HomeItemArtworkChoice),0) + !Skin.HasSetting(Disable.LandscapeWidgetClearlogo)</visible>
					</control>
          <!-- <control type="label">
            <left>20</left>
            <top>105</top>
						<width>1100</width>
						<visible>!$EXP[isEpisode] + !String.IsEqual(Skin.String(HomeItemArtworkChoice),0) + [String.IsEmpty(ListItem.Art(clearlogo)) | Skin.HasSetting(Disable.LandscapeWidgetClearlogo)]</visible>
            <label>[LIGHT]$INFO[Container($PARAM[list_id]).ListItem.Title][/LIGHT]</label>
						<textcolor>FFFFFFFF</textcolor>
            <font>font52_title</font>
            <shadowcolor>text_shadow</shadowcolor>
            <align>left</align>
            <scroll>$PARAM[focused] + Control.HasFocus($PARAM[list_id])</scroll>
            <scrollspeed>100</scrollspeed>
          </control> -->
          <control type="label">
						<left>20</left>
						<top>70</top>
						<width>1100</width>
            <visible>$EXP[isEpisode]</visible>
            <label>$INFO[Container($PARAM[list_id]).ListItem.Season]$INFO[Container($PARAM[list_id]).ListItem.Episode,x,]$INFO[Container($PARAM[list_id]).ListItem.Title, | ]</label>
						<textcolor>FFFFFFFF</textcolor>
            <font>font45_title</font>
            <shadowcolor>text_shadow</shadowcolor>
            <align>left</align>
            <scroll>[[$PARAM[focused] + Control.HasFocus($PARAM[list_id])] | $PARAM[focused] + [Control.IsVisible(55) | Control.IsVisible(501)]]</scroll>
            <scrollspeed>100</scrollspeed>
          </control>
          <control type="label">
						<left>20</left>
						<width>1100</width>
            <visible>$EXP[isEpisode]</visible>
            <top>135</top>
            <label>[LIGHT]$INFO[Container($PARAM[list_id]).ListItem.TVShowTitle][/LIGHT]</label>
						<textcolor>FFFFFFFF</textcolor>
            <font>font36_title</font>
            <shadowcolor>text_shadow</shadowcolor>
            <align>left</align>
            <scroll>[[$PARAM[focused] + Control.HasFocus($PARAM[list_id])] | $PARAM[focused] + [Control.IsVisible(55) | Control.IsVisible(501)]]</scroll>
            <scrollspeed>100</scrollspeed>
          </control>
        </control>
				<control type="label">
					<!-- <left>306</left>
					<top>297</top> -->
					<left>1035</left>
					<top>685</top>
					<width>280</width>
					<label>$VAR[Item_WatchedProgress]</label>
					<textcolor>FFFFFFFF</textcolor>
					<font>font32_title</font>
					<shadowcolor>text_shadow</shadowcolor>
					<align>right</align>
					<visible>[[$PARAM[focused] + Control.HasFocus($PARAM[list_id])] | $PARAM[focused] + [Control.IsVisible(55) | Control.IsVisible(501)]] + [$EXP[isMovie] | $EXP[isEpisode]]</visible>
					<include condition="$PARAM[focused]">Animation_FocusTextureFade</include>
				</control>
			</control>
			<control type="group">
				<visible>$EXP[isTVShow] | $EXP[isSeason]</visible>
				<top>671</top>
				<control type="label">
					<left>946</left>
					<top>4</top>
					<width>369</width>
					<label>$INFO[ListItem.Property(UnwatchedEpisodes),, remaining]</label>
					<font>font32_title</font>
					<textcolor>FFFFFFFF</textcolor>
					<shadowcolor>text_shadow</shadowcolor>
					<align>right</align>
					<visible>[$PARAM[focused] + Control.HasFocus($PARAM[list_id])] | [$PARAM[focused] + [Control.IsVisible(55) | Control.IsVisible(501)]]</visible>
					<visible>
						Integer.IsGreater(ListItem.Property(WatchedEpisodes),0) + 
						!String.IsEqual(ListItem.Property(WatchedEpisodes),ListItem.Property(TotalEpisodes)) + 
						!String.IsEqual(ListItem.Property(UnWatchedEpisodes),-1)</visible>
					<include condition="$PARAM[focused]">Animation_FocusTextureFade</include>
				</control>
				<!-- <control type="image">
					<left>218</left>
					<top>11.2</top>
					<width>24</width>
					<height>24</height>
					<texture>lists/played-total.png</texture>
					<visible>[$PARAM[focused] + Control.HasFocus($PARAM[list_id])] | [$PARAM[focused] + [Control.IsVisible(55) | Control.IsVisible(501)]] + !Integer.IsEqual(ListItem.Property(UnwatchedEpisodes),0)</visible>
					<include condition="$PARAM[focused]">Animation_FocusTextureFade</include>
				</control> -->
			</control>
			<control type="image">
				<left>59</left>
				<top>685</top>
				<width>45</width>
				<height>45</height>
				<texture colordiffuse="FFFFFFFF">$VAR[WallWatchedIconVar]</texture>
				<visible>[!$EXP[isEpisode] + String.IsEqual(Skin.String(HomeItemArtworkChoice),0)] + [[$PARAM[focused] + Control.HasFocus($PARAM[list_id])] | [$PARAM[focused] + [Control.IsVisible(55) | Control.IsVisible(501)]]]</visible>
			</control>
			<control type="image">
				<left>1265</left>
				<top>665</top>
				<width>45</width>
				<height>45</height>
				<texture colordiffuse="FFFFFFFF">$VAR[WallWatchedIconVar]</texture>
				<visible>[$EXP[isEpisode] | String.IsEqual(Skin.String(HomeItemArtworkChoice),1)] + [[$PARAM[focused] + Control.HasFocus($PARAM[list_id])] | [$PARAM[focused] + [Control.IsVisible(55) | Control.IsVisible(501)]]]</visible>
        <animation condition="
						[[$PARAM[focused] + Control.HasFocus($PARAM[list_id])] | $PARAM[focused] + [Control.IsVisible(55) | Control.IsVisible(501)]] + 
						[
								[$EXP[isMovie] + !Integer.IsEqual(Container($PARAM[id]).ListItem.Property(WatchedProgress),0)] | 
								[[$EXP[isTVShow] | $EXP[isSeason] | $EXP[isEpisode]] + !Integer.IsGreater(ListItem.Playcount,0) + !Integer.IsEqual(Container($PARAM[id]).ListItem.Property(WatchedProgress),0)] |
								[!$EXP[isMovie] + !$EXP[isTVShow] + !$EXP[isSeason] + !$EXP[isEpisode] + !Integer.IsEqual(Container($PARAM[id]).ListItem.Property(WatchedProgress),0)]
						]
						" effect="fade" time="0" start="100" end="0">Conditional</animation>
			</control>
			<control type="group">
				<visible>![[$PARAM[focused] + Control.HasFocus($PARAM[list_id])] | [$PARAM[focused] + [Control.IsVisible(55) | Control.IsVisible(501)]]]</visible>
				<include content="ProgressBar">
					<param name="left" value="20"/>
					<param name="top" value="753.5"/>
					<param name="width" value="1333"/>
				</include>
			</control>
			<control type="image">
				<left>20</left>
				<top>11</top>
				<width>1333</width>
				<height>749</height>
				<texture border="6" colordiffuse="$VAR[FocusColorTheme]" infill="false">colors/white.png</texture>
				<visible>[$PARAM[focused] + Control.HasFocus($PARAM[list_id])] | [$PARAM[focused] + [Control.IsVisible(55) | Control.IsVisible(501)]]</visible>
			</control>
			<control type="image">
				<left>20</left>
				<top>11</top>
				<width>1333</width>
				<height>749</height>
				<texture border="border_size" colordiffuse="$VAR[BorderColorVar]" infill="false">masks/bordertexture.png</texture>
				<visible>![[$PARAM[focused] + Control.HasFocus($PARAM[list_id])] | 
				[$PARAM[focused] + [Control.IsVisible(55) | Control.IsVisible(501)]]]</visible>
			</control>
		</definition>
	</include>

	<include name="FeaturePosterLayout">
		<param name="focused">false</param>
		<definition>
			<control type="group">
			<visible>String.IsEmpty(ListItem.Art(fanart)) + String.IsEmpty(ListItem.Art(poster))</visible>
				<control type="image">
					<left>20</left>
					<top>11</top>
					<width>236</width>
					<height>354</height>
					<texture colordiffuse="$VAR[FocusColorTheme]">masks/poster.png</texture>
					<visible>[[$PARAM[focused] + Control.HasFocus($PARAM[list_id])] + !Player.HasMedia + String.IsEmpty(Skin.String(TrailerPlaying))] | [[$PARAM[focused] + [Control.IsVisible(54) | Control.IsVisible(500)]] + !Player.HasMedia + String.IsEmpty(Skin.String(TrailerPlaying))]</visible>
					<visible>!Container($PARAM[list_id]).IsUpdating</visible>
					<include condition="$PARAM[focused]">Animation_FocusTextureFade</include>
				</control>
				<control type="textbox">
					<left>27</left>
					<top>237</top>
					<width>222</width>
					<height>120</height>
					<font>font25</font>
					<align>center</align>
					<aligny>center</aligny>
					<label>$INFO[ListItem.Label]</label>
					<textcolor>$VAR[FocusedTextColorVar]</textcolor>
					<autoscroll time="2000" delay="1000" repeat="2000">$PARAM[focused] + Control.HasFocus($PARAM[list_id])</autoscroll>
					<visible>!ListItem.IsParentFolder + [$PARAM[focused] + Control.HasFocus($PARAM[list_id])] | [$PARAM[focused] + [Control.IsVisible(54) | Control.IsVisible(500)]]</visible>
				</control>
				<control type="textbox">
					<left>27</left>
					<top>237</top>
					<width>222</width>
					<height>120</height>
					<font>font25</font>
					<align>center</align>
					<aligny>center</aligny>
					<label>$INFO[ListItem.Label]</label>
					<textcolor>unfocused_text</textcolor>
					<visible>!ListItem.IsParentFolder + [!$PARAM[focused] | [!Control.HasFocus($PARAM[list_id]) + ![Control.IsVisible(54) | Control.IsVisible(500)]]]</visible>
				</control>
				<control type="image">
					<left>1</left>
					<top>-7</top>
					<width>270</width>
					<height>270</height>
					<texture fallback="DefaultMovies.png" background="true">$VAR[IconWallThumbVar]</texture>
					<bordersize>20</bordersize>
					<visible>!ListItem.IsParentFolder + $PARAM[focused] + Control.HasFocus($PARAM[list_id])</visible>
				</control>
				<control type="image">
					<left>2.5</left>
					<top>-7</top>
					<width>270</width>
					<height>270</height>
					<texture colordiffuse="unfocused_text" fallback="DefaultMovies.png" background="true">$VAR[IconWallThumbVar]</texture>
					<bordersize>20</bordersize>
					<visible>!ListItem.IsParentFolder + ![$PARAM[focused] + Control.HasFocus($PARAM[list_id])]</visible>
				</control>
			</control>
			<control type="group">
				<visible>!String.IsEmpty(ListItem.Art(fanart)) | !String.IsEmpty(ListItem.Art(poster))</visible>
				<control type="image">
					<left>20</left>
					<top>11</top>
					<!-- 420 -->
					<width>430</width>
					<!-- 630 -->
					<height>645</height>
					<aspectratio scalediffuse="false">scale</aspectratio>
					<texture colordiffuse="artwork_dim" diffuse="masks/poster.png" background="true">$VAR[FlixPosterVar]</texture>
				</control>
				<control type="image">
					<left>20</left>
					<!-- 270 -->
					<top>477</top>
					<width>179</width>
					<height>179</height>
					<texture colordiffuse="overlay_fade_color">overlays/overlay_bg.png</texture>
					<visible>Listitem.IsCollection | ListItem.IsPlaying | Integer.IsGreater(ListItem.Playcount,0) + [$PARAM[focused] + Control.HasFocus($PARAM[list_id])]</visible>
					<animation condition="
						[[$PARAM[focused] + Control.HasFocus($PARAM[list_id])] | $PARAM[focused] + [Control.IsVisible(54) | Control.IsVisible(500)]] + 
						[
								[$EXP[isMovie] + !Integer.IsEqual(Container($PARAM[id]).ListItem.Property(WatchedProgress),0)] | 
								[[$EXP[isTVShow] | $EXP[isSeason] | $EXP[isEpisode]] + !Integer.IsGreater(ListItem.Playcount,0) + !Integer.IsEqual(Container($PARAM[id]).ListItem.Property(WatchedProgress),0)] |
								[!$EXP[isMovie] + !$EXP[isTVShow] + !$EXP[isSeason] + !$EXP[isEpisode] + !Integer.IsEqual(Container($PARAM[id]).ListItem.Property(WatchedProgress),0)]
						]
						" effect="fade" time="0" start="100" end="0">Conditional</animation>
					</control>
				<control type="image">
					<left>20</left>
					<top>556</top>
					<width>430</width>
					<height>100</height>
					<texture colordiffuse="overlay_fade_color">overlays/overlay_bg_long.png</texture>
					<visible>!String.IsEmpty(ListItem.Art(poster))</visible>
					<visible>
						[
							[$PARAM[focused] + Control.HasFocus($PARAM[list_id])] | 
							$PARAM[focused] + [Control.IsVisible(54) | Control.IsVisible(500)]
						] + 
						[
							[[$EXP[isTVShow] | $EXP[isSeason]] +
							Integer.IsGreater(ListItem.Property(WatchedEpisodes), 0) + 
							!String.IsEqual(ListItem.Property(WatchedEpisodes), ListItem.Property(TotalEpisodes)) + 
							!Integer.IsLess(ListItem.Property(UnWatchedEpisodes),0)
						] | 
							[[$EXP[isMovie] | $EXP[isEpisode]] + 
							!Integer.IsEqual(Container($PARAM[id]).ListItem.Property(WatchedProgress), 0)
							]
						]
					</visible>
					<include condition="$PARAM[focused]">Animation_FocusTextureFade</include>
				</control>
				<control type="label">
					<left>148</left>
					<top>595</top>
					<width>280</width>
					<label>$VAR[Item_WatchedProgress]</label>
					<textcolor>FFFFFFFF</textcolor>
					<font>font30_title</font>
					<shadowcolor>text_shadow</shadowcolor>
					<align>right</align>
					<visible>[[$PARAM[focused] + Control.HasFocus($PARAM[list_id])] | $PARAM[focused] + [Control.IsVisible(54) | Control.IsVisible(500)]] + [$EXP[isMovie] | $EXP[isEpisode]]</visible>
					<include condition="$PARAM[focused]">Animation_FocusTextureFade</include>
				</control>
			</control>
			<control type="group">
				<visible>$EXP[isTVShow] | $EXP[isSeason]</visible>
				<top>330</top>
				<control type="label">
					<left>152</left>
					<top>265</top>
					<width>280</width>
					<label>$INFO[ListItem.Property(UnwatchedEpisodes),, remaining]</label>
					<textcolor>FFFFFFFF</textcolor>
					<font>font30_title</font>
					<shadowcolor>text_shadow</shadowcolor>
					<align>right</align>
					<visible>[$PARAM[focused] + Control.HasFocus($PARAM[list_id])] | [$PARAM[focused] + [Control.IsVisible(54) | Control.IsVisible(500)]]</visible>
					<visible>
						Integer.IsGreater(ListItem.Property(WatchedEpisodes),0) + 
						!String.IsEqual(ListItem.Property(WatchedEpisodes),ListItem.Property(TotalEpisodes)) + 
						!String.IsEqual(ListItem.Property(UnWatchedEpisodes),-1)
					</visible>
					<include condition="$PARAM[focused]">Animation_FocusTextureFade</include>
				</control>
				<!-- <control type="image">
					<left>218</left>
					<top>11.2</top>
					<width>24</width>
					<height>24</height>
					<texture>lists/played-total.png</texture>
					<visible>[$PARAM[focused] + Control.HasFocus($PARAM[list_id])] | [$PARAM[focused] + [Control.IsVisible(54) | Control.IsVisible(500)]] + !Integer.IsEqual(ListItem.Property(UnwatchedEpisodes),0)</visible>
					<include condition="$PARAM[focused]">Animation_FocusTextureFade</include>
				</control> -->
			</control>
			<control type="image">
				<left>46</left>
				<top>593</top>
				<width>37</width>
				<height>37</height>
				<texture colordiffuse="FFFFFFFF">$VAR[WallWatchedIconVar]</texture>
				<visible>$PARAM[focused] + Control.HasFocus($PARAM[list_id])</visible>
			</control>
			<control type="group">
				<visible>![$PARAM[focused] + Control.HasFocus($PARAM[list_id])]</visible>
				<include content="ProgressBar">
					<param name="left" value="20"/>
					<param name="top" value="649.5"/>
					<param name="width" value="430"/>
				</include>
			</control>
			<control type="image">
				<left>20</left>
				<top>11</top>
				<width>430</width>
				<height>645</height>
				<texture border="6" colordiffuse="$VAR[FocusColorTheme]" infill="false">colors/white.png</texture>
				<visible>$PARAM[focused] + Control.HasFocus($PARAM[list_id])</visible>
			</control>
			<control type="image">
				<left>20</left>
				<top>11</top>
				<width>430</width>
				<height>645</height>
				<texture border="border_size" colordiffuse="$VAR[BorderColorVar]" infill="false">masks/bordertexture.png</texture>
				<visible>![$PARAM[focused] + Control.HasFocus($PARAM[list_id])]</visible>
			</control>
		</definition>
	</include>

	<include name="SmallPosterLayout">
		<param name="focused">false</param>
		<definition>
			<control type="group">
			<visible>String.IsEmpty(ListItem.Art(fanart)) + String.IsEmpty(ListItem.Art(poster))</visible>
				<control type="image">
					<left>20</left>
					<top>11</top>
					<width>200</width>
					<height>300</height>
					<texture colordiffuse="$VAR[FocusColorTheme]">masks/poster.png</texture>
					<visible>[[$PARAM[focused] + Control.HasFocus($PARAM[list_id])] + !Player.HasMedia + String.IsEmpty(Skin.String(TrailerPlaying))] | [[$PARAM[focused] + [Control.IsVisible(54) | Control.IsVisible(500)]] + !Player.HasMedia + String.IsEmpty(Skin.String(TrailerPlaying))]</visible>
					<visible>!Container($PARAM[list_id]).IsUpdating</visible>
					<include condition="$PARAM[focused]">Animation_FocusTextureFade</include>
				</control>
				<control type="textbox">
					<left>27</left>
					<top>237</top>
					<width>222</width>
					<height>120</height>
					<font>font25</font>
					<align>center</align>
					<aligny>center</aligny>
					<label>$INFO[ListItem.Label]</label>
					<textcolor>$VAR[FocusedTextColorVar]</textcolor>
					<autoscroll time="2000" delay="1000" repeat="2000">$PARAM[focused] + Control.HasFocus($PARAM[list_id])</autoscroll>
					<visible>!ListItem.IsParentFolder + [$PARAM[focused] + Control.HasFocus($PARAM[list_id])] | [$PARAM[focused] + [Control.IsVisible(54) | Control.IsVisible(500)]]</visible>
				</control>
				<control type="textbox">
					<left>27</left>
					<top>237</top>
					<width>222</width>
					<height>120</height>
					<font>font25</font>
					<align>center</align>
					<aligny>center</aligny>
					<label>$INFO[ListItem.Label]</label>
					<textcolor>unfocused_text</textcolor>
					<visible>!ListItem.IsParentFolder + [!$PARAM[focused] | [!Control.HasFocus($PARAM[list_id]) + ![Control.IsVisible(54) | Control.IsVisible(500)]]]</visible>
				</control>
				<control type="image">
					<left>1</left>
					<top>-7</top>
					<width>270</width>
					<height>270</height>
					<texture fallback="DefaultMovies.png" background="true">$VAR[IconWallThumbVar]</texture>
					<!-- <aspectratio scalediffuse="false">scale</aspectratio> -->
					<bordersize>20</bordersize>
					<visible>!ListItem.IsParentFolder + $PARAM[focused] + Control.HasFocus($PARAM[list_id])</visible>
				</control>
				<control type="image">
					<left>2.5</left>
					<top>-7</top>
					<width>270</width>
					<height>270</height>
					<texture colordiffuse="unfocused_text" fallback="DefaultMovies.png" background="true">$VAR[IconWallThumbVar]</texture>
					<!-- <aspectratio scalediffuse="false">scale</aspectratio> -->
					<bordersize>20</bordersize>
					<visible>!ListItem.IsParentFolder + ![$PARAM[focused] + Control.HasFocus($PARAM[list_id])]</visible>
				</control>
			</control>
			<control type="group">
				<visible>!String.IsEmpty(ListItem.Art(fanart)) | !String.IsEmpty(ListItem.Art(poster))</visible>
				<control type="image">
					<left>20</left>
					<top>11</top>
					<!-- 200 -->
					<width>204</width>
					<!-- 300 -->
					<height>306</height>
					<texture colordiffuse="artwork_dim" background="true">$VAR[FlixPosterVar]</texture>
					<aspectratio scalediffuse="false">scale</aspectratio>
				</control>
				
				<control type="image">
					<left>20</left>
					<top>225</top>
					<width>92</width>
					<height>92</height>
					<texture colordiffuse="overlay_fade_color">overlays/overlay_bg.png</texture>
					<visible>Listitem.IsCollection | ListItem.IsPlaying | Integer.IsGreater(ListItem.Playcount,0) + [[$PARAM[focused] + Control.HasFocus($PARAM[list_id])] | 
					[$PARAM[focused] + [Control.IsVisible(54) | Control.IsVisible(56) | Control.IsVisible(500)]]]</visible>
					<animation condition="
						[[$PARAM[focused] + Control.HasFocus($PARAM[list_id])] | $PARAM[focused] + [Control.IsVisible(54) | Control.IsVisible(56) | Control.IsVisible(500)]] + 
						[
								[$EXP[isMovie] + !Integer.IsEqual(Container($PARAM[id]).ListItem.Property(WatchedProgress),0)] | 
								[[$EXP[isTVShow] | $EXP[isSeason] | $EXP[isEpisode]] + !Integer.IsGreater(ListItem.Playcount,0) + !Integer.IsEqual(Container($PARAM[id]).ListItem.Property(WatchedProgress),0)] |
								[!$EXP[isMovie] + !$EXP[isTVShow] + !$EXP[isSeason] + !$EXP[isEpisode] + !Integer.IsEqual(Container($PARAM[id]).ListItem.Property(WatchedProgress),0)]
						]
						" effect="fade" time="0" start="100" end="0">Conditional</animation>
					</control>
				<control type="image">
					<left>20</left>
					<top>268</top>
					<width>204</width>
					<height>50</height>
					<texture colordiffuse="overlay_fade_color">overlays/overlay_bg_long.png</texture>
					<visible>!String.IsEmpty(ListItem.Art(poster))</visible>
					<visible>
						[
							[$PARAM[focused] + Control.HasFocus($PARAM[list_id])] | 
							$PARAM[focused] + [Control.IsVisible(54) | Control.IsVisible(56) | Control.IsVisible(500)]
						] + 
						[
							[[$EXP[isTVShow] | $EXP[isSeason]] +
							Integer.IsGreater(ListItem.Property(WatchedEpisodes), 0) + 
							!String.IsEqual(ListItem.Property(WatchedEpisodes), ListItem.Property(TotalEpisodes)) + 
							!Integer.IsLess(ListItem.Property(UnWatchedEpisodes),0)
						] | 
							[[$EXP[isMovie] | $EXP[isEpisode]] + 
							!Integer.IsEqual(Container($PARAM[id]).ListItem.Property(WatchedProgress), 0)
							]
						]
					</visible>
					<include condition="$PARAM[focused]">Animation_FocusTextureFade</include>
				</control>
				<control type="label">
					<left>-69</left>
					<top>276</top>
					<width>280</width>
					<label>$VAR[Item_WatchedProgress]</label>
					<textcolor>FFFFFFFF</textcolor>
					<font>font18_title</font>
					<shadowcolor>text_shadow</shadowcolor>
					<align>right</align>
					<visible>[[$PARAM[focused] + Control.HasFocus($PARAM[list_id])] | $PARAM[focused] + [Control.IsVisible(54) | Control.IsVisible(56) | Control.IsVisible(500)]] + [$EXP[isMovie] | $EXP[isEpisode]]</visible>
					<include condition="$PARAM[focused]">Animation_FocusTextureFade</include>
				</control>
			</control>
			<control type="group">
				<visible>$EXP[isTVShow] | $EXP[isSeason]</visible>
				<top>265</top>
				<control type="label">
					<left>39</left>
					<top>9</top>
					<width>169</width>
					<label>$INFO[ListItem.Property(UnwatchedEpisodes),, remaining]</label>
					<textcolor>FFFFFFFF</textcolor>
					<font>font18_title</font>
					<shadowcolor>text_shadow</shadowcolor>
					<align>right</align>
					<visible>[$PARAM[focused] + Control.HasFocus($PARAM[list_id])] | [$PARAM[focused] + [Control.IsVisible(54) | Control.IsVisible(56) | Control.IsVisible(500)]]</visible>
					<visible>
						Integer.IsGreater(ListItem.Property(WatchedEpisodes),0) + 
						!String.IsEqual(ListItem.Property(WatchedEpisodes),ListItem.Property(TotalEpisodes)) + 
						!String.IsEqual(ListItem.Property(UnWatchedEpisodes),-1)
					</visible>
					<include condition="$PARAM[focused]">Animation_FocusTextureFade</include>
				</control>
				<!-- <control type="image">
					<left>218</left>
					<top>11.2</top>
					<width>24</width>
					<height>24</height>
					<texture colordiffuse="artwork_dim">lists/played-total.png</texture>
					<visible>[$PARAM[focused] + Control.HasFocus($PARAM[list_id])] | [$PARAM[focused] + [Control.IsVisible(54) | Control.IsVisible(500)]] + !Integer.IsEqual(ListItem.Property(UnwatchedEpisodes),0)</visible>
					<include condition="$PARAM[focused]">Animation_FocusTextureFade</include>
				</control> -->
			</control>
			<control type="image">
				<left>36</left>
				<top>281</top>
				<width>19</width>
				<height>19</height>
				<texture colordiffuse="FFFFFFFF">$VAR[WallWatchedIconVar]</texture>
				<visible>[[$PARAM[focused] + Control.HasFocus($PARAM[list_id])] | 
				[$PARAM[focused] + [Control.IsVisible(54) | Control.IsVisible(56) | Control.IsVisible(500)]]]</visible>
			</control>
			<control type="label">
				<left>25</left>
				<top>325</top>
				<right>17</right>
				<!-- <width>390</width> -->
				<label>$INFO[Container($PARAM[list_id]).ListItem.Title]</label>
				<font>font10</font>
				<shadowcolor>text_shadow</shadowcolor>
				<textcolor>unfocused_text</textcolor>
				<align>center</align>
				<scroll>[[$PARAM[focused] + Control.HasFocus($PARAM[list_id])] | $PARAM[focused] + [Control.IsVisible(55) | Control.IsVisible(56) | Control.IsVisible(501)]]</scroll>
				<scrollspeed>100</scrollspeed>
				<visible>[Control.IsVisible(54) + Skin.HasSetting(Enable.54Titles)] | [Control.IsVisible(500) + Skin.HasSetting(Enable.500Titles)]</visible>
			</control>
			<control type="group">
				<visible>![[$PARAM[focused] + Control.HasFocus($PARAM[list_id])] | 
				[$PARAM[focused] + [Control.IsVisible(54) | Control.IsVisible(56) | Control.IsVisible(500)]]]</visible>
				<include content="ProgressBar">
					<param name="left" value="20"/>
					<param name="top" value="312.5"/>
					<param name="width" value="204"/>
					<param name="height" value="4"/>
				</include>
			</control>
			<control type="image">
				<left>20</left>
				<top>11</top>
				<width>204</width>
				<height>306</height>
				<texture border="6" colordiffuse="$VAR[FocusColorTheme]" infill="false" >colors/white.png</texture>
				<visible>[$PARAM[focused] + Control.HasFocus($PARAM[list_id])] | [$PARAM[focused] + [Control.IsVisible(54) | Control.IsVisible(56) | Control.IsVisible(500)]]</visible>
				<include condition="$PARAM[focused]">Animation_FocusTextureFade</include>
			</control>
			<control type="image">
				<left>20</left>
				<top>11</top>
				<width>204</width>
				<height>306</height>
				<texture border="border_size" colordiffuse="$VAR[BorderColorVar]" infill="false">masks/bordertexture.png</texture>
				<visible>![[$PARAM[focused] + Control.HasFocus($PARAM[list_id])] | 
				[$PARAM[focused] + [Control.IsVisible(54) | Control.IsVisible(56) | Control.IsVisible(500)]]]</visible>
			</control>
		</definition>
	</include>

	<include name="LandscapeLayout">
		<param name="focused">false</param>
		<definition>
			<control type="group">
				<visible>String.IsEmpty(ListItem.Art(fanart)) + String.IsEmpty(ListItem.Art(landscape))</visible>
				<control type="image">
					<left>19</left>
					<top>11</top>
					<width>582</width>
					<height>327</height>
					<texture colordiffuse="$VAR[FocusColorTheme]">colors/white.png</texture>
					<visible>[[$PARAM[focused] + Control.HasFocus($PARAM[list_id])] + !Player.HasMedia + String.IsEmpty(Skin.String(TrailerPlaying))] | [[$PARAM[focused] + [Control.IsVisible(55) | Control.IsVisible(501)]] + !Player.HasMedia + String.IsEmpty(Skin.String(TrailerPlaying))]</visible>
					<visible>!Container($PARAM[list_id]).IsUpdating</visible>
					<include condition="$PARAM[focused]">Animation_FocusTextureFade</include>
				</control>
				<control type="textbox">
					<left>333</left>
					<top>40</top>
					<width>222</width>
					<height>262</height>
					<font>font25</font>
					<align>center</align>
					<aligny>center</aligny>
					<label>$INFO[ListItem.Label]</label>
					<textcolor>$VAR[FocusedTextColorVar]</textcolor>
					<autoscroll time="3000" delay="4000" repeat="3000">$PARAM[focused] + Control.HasFocus($PARAM[list_id])</autoscroll>
					<visible>!ListItem.IsParentFolder + [$PARAM[focused] + Control.HasFocus($PARAM[list_id])] | [$PARAM[focused] + [Control.IsVisible(55) | Control.IsVisible(501)]]</visible>
				</control>
				<control type="textbox">
					<left>333</left>
					<top>40</top>
					<width>222</width>
					<height>262</height>
					<font>font25</font>
					<align>center</align>
					<aligny>center</aligny>
					<label>$INFO[ListItem.Label]</label>
					<textcolor>unfocused_text</textcolor>
					<visible>!ListItem.IsParentFolder + [!$PARAM[focused] | [!Control.HasFocus($PARAM[list_id]) + ![Control.IsVisible(55) | Control.IsVisible(501)]]]</visible>
				</control>
				<control type="image">
					<left>30</left>
					<top>35.5</top>
					<width>270</width>
					<height>270</height>
					<texture fallback="DefaultMovies.png" background="true">$VAR[IconWallThumbVar]</texture>
					<!-- <aspectratio scalediffuse="false">scale</aspectratio> -->
					<bordersize>20</bordersize>
					<visible>!ListItem.IsParentFolder + $PARAM[focused] + Control.HasFocus($PARAM[list_id])</visible>
				</control>
				<control type="image">
					<left>30</left>
					<top>35.5</top>
					<width>270</width>
					<height>270</height>
					<texture colordiffuse="unfocused_text" fallback="DefaultMovies.png" background="true">$VAR[IconWallThumbVar]</texture>
					<!-- <aspectratio scalediffuse="false">scale</aspectratio> -->
					<bordersize>20</bordersize>
					<visible>!ListItem.IsParentFolder + ![$PARAM[focused] + Control.HasFocus($PARAM[list_id])]</visible>
				</control>
			</control>
			<control type="group">
				<visible>!String.IsEmpty(ListItem.Art(fanart)) | !String.IsEmpty(ListItem.Art(landscape))</visible>
				<control type="image">
					<left>20</left>
					<top>11</top>
					<!-- 582 -->
					<width>430</width>
					<!-- 327 -->
					<height>242</height>
					<texture colordiffuse="artwork_dim" background="true">$VAR[SmallLandscapeVar]</texture>
					<aspectratio scalediffuse="false">scale</aspectratio>
				</control>
				<control type="image">
					<left>20</left>
					<top>161</top>
					<width>92</width>
					<height>92</height>
					<texture colordiffuse="overlay_fade_color">overlays/overlay_bg.png</texture>
					<visible>
							Listitem.IsCollection | ListItem.IsPlaying | 
							[
									Integer.IsGreater(ListItem.Playcount,0)
							]
							+ !$EXP[isEpisode] + 
							[[[$PARAM[focused] + Control.HasFocus($PARAM[list_id])] | $PARAM[focused] + [Control.IsVisible(55) | Control.IsVisible(501)]]]
					</visible>
					<animation condition="
						[[$PARAM[focused] + Control.HasFocus($PARAM[list_id])] | $PARAM[focused] + [Control.IsVisible(55) | Control.IsVisible(501)]] + 
						[
								[$EXP[isMovie] + !Integer.IsEqual(Container($PARAM[id]).ListItem.Property(WatchedProgress),0)] | 
								[[$EXP[isTVShow] | $EXP[isSeason] | $EXP[isEpisode]] + !Integer.IsGreater(ListItem.Playcount,0) + !Integer.IsEqual(Container($PARAM[id]).ListItem.Property(WatchedProgress),0)] |
								[!$EXP[isMovie] + !$EXP[isTVShow] + !$EXP[isSeason] + !$EXP[isEpisode] + !Integer.IsEqual(Container($PARAM[id]).ListItem.Property(WatchedProgress),0)]
						]
						" effect="fade" time="0" start="100" end="0">Conditional</animation>
				</control>
				<control type="image">
					<left>20</left>
					<top>194</top>
					<width>430.5</width>
					<height>59</height>
					<texture colordiffuse="overlay_fade_color">overlays/overlay_bg_long.png</texture>
					<visible>
							[[$PARAM[focused] + Control.HasFocus($PARAM[list_id])] | $PARAM[focused] + [Control.IsVisible(55) | Control.IsVisible(501)]] + 
							!Integer.IsEqual(Container($PARAM[id]).ListItem.Property(WatchedProgress),0) + 
							!String.IsEqual(ListItem.Property(UnWatchedEpisodes),-1) + 
							[
									[$EXP[isMovie]] | 
									[[$EXP[isTVShow] | $EXP[isSeason]] + Integer.IsGreater(ListItem.Property(UnWatchedEpisodes),0)]
							] + 
							!$EXP[isEpisode]
					</visible>
					<include condition="$PARAM[focused]">Animation_FocusTextureFade</include>
				</control>
        <control type="image">
					<left>20</left>
					<top>154</top>
					<width>430.5</width>
					<height>99</height>
					<texture colordiffuse="overlay_fade_color">overlays/overlay_bg_long.png</texture>
					<visible>$EXP[isEpisode]</visible>
				</control>
        <control type="group">
          <left>38</left>
          <top>207</top>
          <control type="label">
						<width>390</width>
            <visible>$EXP[isEpisode] + !String.StartsWith(Container.PluginCategory,Season) + [Integer.IsEqual(Container($PARAM[id]).ListItem.Property(WatchedProgress),0) | [![[$PARAM[focused] + Control.HasFocus($PARAM[list_id])] | $PARAM[focused] + [Control.IsVisible(55) | Control.IsVisible(501)]] + !Integer.IsEqual(Container($PARAM[id]).ListItem.Property(WatchedProgress),0)]]</visible>
            <label>$INFO[Container($PARAM[list_id]).ListItem.Season]$INFO[Container($PARAM[list_id]).ListItem.Episode,x,]$INFO[Container($PARAM[list_id]).ListItem.TVShowTitle, | ]</label>
            <font>font18_title_alt</font>
						<textcolor>FFFFFFFF</textcolor>
            <shadowcolor>text_shadow</shadowcolor>
            <align>left</align>
            <scroll>[[$PARAM[focused] + Control.HasFocus($PARAM[list_id])] | $PARAM[focused] + [Control.IsVisible(55) | Control.IsVisible(501)]]</scroll>
            <scrollspeed>100</scrollspeed>
          </control>
          <control type="label">
						<width>240</width>
            <visible>$EXP[isEpisode] + !String.StartsWith(Container.PluginCategory,Season) + [[$PARAM[focused] + Control.HasFocus($PARAM[list_id])] | $PARAM[focused] + [Control.IsVisible(55) | Control.IsVisible(501)]] + !Integer.IsEqual(Container($PARAM[id]).ListItem.Property(WatchedProgress),0)</visible>
            <label>$INFO[Container($PARAM[list_id]).ListItem.Season]$INFO[Container($PARAM[list_id]).ListItem.Episode,x,]$INFO[Container($PARAM[list_id]).ListItem.TVShowTitle, | ]</label>
            <font>font18_title_alt</font>
						<textcolor>FFFFFFFF</textcolor>
            <shadowcolor>text_shadow</shadowcolor>
            <align>left</align>
            <scroll>[[$PARAM[focused] + Control.HasFocus($PARAM[list_id])] | $PARAM[focused] + [Control.IsVisible(55) | Control.IsVisible(501)]]</scroll>
            <scrollspeed>100</scrollspeed>
          </control>
          <control type="label">
						<width>390</width>
            <visible>$EXP[isEpisode] + String.StartsWith(Container.PluginCategory,Season)</visible>
            <label>$INFO[Container($PARAM[list_id]).ListItem.Season]$INFO[Container($PARAM[list_id]).ListItem.Episode,x,]</label>
            <font>font18_title_alt</font>
						<textcolor>FFFFFFFF</textcolor>
            <shadowcolor>text_shadow</shadowcolor>
            <align>left</align>
            <scroll>[[$PARAM[focused] + Control.HasFocus($PARAM[list_id])] | $PARAM[focused] + [Control.IsVisible(55) | Control.IsVisible(501)]]</scroll>
            <scrollspeed>100</scrollspeed>
          </control>
          <!-- <control type="label">
						<width>390</width>
            <visible>$EXP[isEpisode]</visible>
            <top>35</top>
            <label>[LIGHT]$INFO[Container($PARAM[list_id]).ListItem.TVShowTitle][/LIGHT]</label>
            <font>font10_title</font>
						<textcolor>FFFFFFFF</textcolor>
            <shadowcolor>text_shadow</shadowcolor>
            <align>left</align>
            <scroll>[[$PARAM[focused] + Control.HasFocus($PARAM[list_id])] | $PARAM[focused] + [Control.IsVisible(55) | Control.IsVisible(501)]]</scroll>
            <scrollspeed>100</scrollspeed>
          </control> -->
        </control>
				<control type="label">
					<left>154</left>
					<top>213</top>
					<width>280</width>
					<label>$VAR[Item_WatchedProgress]</label>
					<font>font18_title</font>
					<textcolor>FFFFFFFF</textcolor>
					<shadowcolor>text_shadow</shadowcolor>
					<align>right</align>
					<visible>[[$PARAM[focused] + Control.HasFocus($PARAM[list_id])] | $PARAM[focused] + [Control.IsVisible(55) | Control.IsVisible(501)]] + [$EXP[isMovie] | $EXP[isEpisode]]</visible>
					<include condition="$PARAM[focused]">Animation_FocusTextureFade</include>
				</control>
			</control>
			<control type="group">
				<visible>$EXP[isTVShow] | $EXP[isSeason]</visible>
				<top>211</top>
				<control type="label">
					<left>65</left>
					<top>2</top>
					<width>369</width>
					<label>$INFO[ListItem.Property(UnwatchedEpisodes),, remaining]</label>
					<textcolor>FFFFFFFF</textcolor>
					<font>font18_title</font>
					<shadowcolor>text_shadow</shadowcolor>
					<align>right</align>
					<visible>[$PARAM[focused] + Control.HasFocus($PARAM[list_id])] | [$PARAM[focused] + [Control.IsVisible(55) | Control.IsVisible(501)]]</visible>
					<visible>
						Integer.IsGreater(ListItem.Property(WatchedEpisodes),0) + 
						!String.IsEqual(ListItem.Property(WatchedEpisodes),ListItem.Property(TotalEpisodes)) + 
						!String.IsEqual(ListItem.Property(UnWatchedEpisodes),-1)</visible>
					<include condition="$PARAM[focused]">Animation_FocusTextureFade</include>
				</control>
				<!-- <control type="image">
					<left>218</left>
					<top>11.2</top>
					<width>24</width>
					<height>24</height>
					<texture colordiffuse="artwork_dim">lists/played-total.png</texture>
					<visible>[$PARAM[focused] + Control.HasFocus($PARAM[list_id])] | [$PARAM[focused] + [Control.IsVisible(55) | Control.IsVisible(501)]] + !Integer.IsEqual(ListItem.Property(UnwatchedEpisodes),0)</visible>
					<include condition="$PARAM[focused]">Animation_FocusTextureFade</include>
				</control> -->
			</control>
			<control type="image">
				<left>36</left>
				<top>218</top>
				<width>19</width>
				<height>19</height>
				<texture colordiffuse="FFFFFFFF">$VAR[WallWatchedIconVar]</texture>
				<visible>!$EXP[isEpisode] + [[$PARAM[focused] + Control.HasFocus($PARAM[list_id])] | [$PARAM[focused] + [Control.IsVisible(55) | Control.IsVisible(501)]]]</visible>
			</control>
			<control type="image">
				<left>412</left>
				<top>214</top>
				<width>19</width>
				<height>19</height>
				<texture colordiffuse="FFFFFFFF">$VAR[WallWatchedIconVar]</texture>
				<visible>$EXP[isEpisode] + [[[$PARAM[focused] + Control.HasFocus($PARAM[list_id])] | [$PARAM[focused] + [Control.IsVisible(55) | Control.IsVisible(501)]]] | [Integer.IsGreater(ListItem.Playcount,0) + !Integer.IsEqual(Container($PARAM[id]).ListItem.Property(WatchedProgress),0)]]</visible>
        <animation condition="[[$PARAM[focused] + Control.HasFocus($PARAM[list_id])] | $PARAM[focused] + [Control.IsVisible(55) | Control.IsVisible(501)]] + !Integer.IsEqual(Container($PARAM[id]).ListItem.Property(WatchedProgress),0)" effect="fade" time="0" start="100" end="0">Conditional</animation>
			</control>
			<control type="label">
				<left>30</left>
				<top>263</top>
				<right>10</right>
				<!-- <width>390</width> -->
				<label>$INFO[Container($PARAM[list_id]).ListItem.Title]</label>
				<font>font10</font>
				<shadowcolor>text_shadow</shadowcolor>
				<textcolor>unfocused_text</textcolor>
				<align>center</align>
				<scroll>[[$PARAM[focused] + Control.HasFocus($PARAM[list_id])] | $PARAM[focused] + [Control.IsVisible(55) | Control.IsVisible(501)]]</scroll>
				<scrollspeed>100</scrollspeed>
				<visible>!$EXP[isEpisode] + [Control.IsVisible(55) + Skin.HasSetting(Enable.55Titles)] | [Control.IsVisible(501) + Skin.HasSetting(Enable.501Titles)]</visible>
			</control>
			<control type="group">
				<visible>![[$PARAM[focused] + Control.HasFocus($PARAM[list_id])] | 
				[$PARAM[focused] + [Control.IsVisible(55) | Control.IsVisible(501)]]]</visible>
				<include content="ProgressBar">
					<param name="left" value="20"/>
					<param name="top" value="248.5"/>
					<param name="width" value="430"/>
					<param name="height" value="4"/>
				</include>
			</control>
			<control type="image">
				<left>20</left>
				<top>11</top>
				<width>430</width>
				<height>242</height>
				<texture border="6" colordiffuse="$VAR[FocusColorTheme]" infill="false">colors/white.png</texture>
				<visible>[$PARAM[focused] + Control.HasFocus($PARAM[list_id])] | [$PARAM[focused] + [Control.IsVisible(55) | Control.IsVisible(501)]]</visible>
				<!-- <include condition="$PARAM[focused]">Animation_FocusTextureFade</include> -->
			</control>
			<control type="image">
				<left>20</left>
				<top>11</top>
				<width>430</width>
				<height>242</height>
				<texture border="border_size" colordiffuse="$VAR[BorderColorVar]" infill="false">masks/bordertexture.png</texture>
				<visible>![[$PARAM[focused] + Control.HasFocus($PARAM[list_id])] | 
				[$PARAM[focused] + [Control.IsVisible(55) | Control.IsVisible(501)]]]</visible>
				<!-- <include condition="$PARAM[focused]">Animation_FocusTextureFade</include> -->
			</control>
		</definition>
	</include>

	<include name="SmallLandscapeLayout">
		<param name="focused">false</param>
		<definition>
			<control type="group">
				<visible>String.IsEmpty(ListItem.Art(fanart)) + String.IsEmpty(ListItem.Art(landscape))</visible>
				<control type="image">
					<left>19</left>
					<top>11</top>
					<width>582</width>
					<height>327</height>
					<texture colordiffuse="$VAR[FocusColorTheme]">colors/white.png</texture>
					<visible>[[$PARAM[focused] + Control.HasFocus($PARAM[list_id])] + !Player.HasMedia + String.IsEmpty(Skin.String(TrailerPlaying))] | [[$PARAM[focused] + [Control.IsVisible(55) | Control.IsVisible(501)]] + !Player.HasMedia + String.IsEmpty(Skin.String(TrailerPlaying))]</visible>
					<visible>!Container($PARAM[list_id]).IsUpdating</visible>
					<include condition="$PARAM[focused]">Animation_FocusTextureFade</include>
				</control>
				<control type="textbox">
					<left>333</left>
					<top>40</top>
					<width>222</width>
					<height>262</height>
					<font>font25</font>
					<align>center</align>
					<aligny>center</aligny>
					<label>$INFO[ListItem.Label]</label>
					<textcolor>$VAR[FocusedTextColorVar]</textcolor>
					<autoscroll time="3000" delay="4000" repeat="3000">$PARAM[focused] + Control.HasFocus($PARAM[list_id])</autoscroll>
					<visible>!ListItem.IsParentFolder + [$PARAM[focused] + Control.HasFocus($PARAM[list_id])] | [$PARAM[focused] + [Control.IsVisible(55) | Control.IsVisible(501)]]</visible>
				</control>
				<control type="textbox">
					<left>333</left>
					<top>40</top>
					<width>222</width>
					<height>262</height>
					<font>font25</font>
					<align>center</align>
					<aligny>center</aligny>
					<label>$INFO[ListItem.Label]</label>
					<textcolor>unfocused_text</textcolor>
					<visible>!ListItem.IsParentFolder + [!$PARAM[focused] | [!Control.HasFocus($PARAM[list_id]) + ![Control.IsVisible(55) | Control.IsVisible(501)]]]</visible>
				</control>
				<control type="image">
					<left>30</left>
					<top>35.5</top>
					<width>270</width>
					<height>270</height>
					<texture fallback="DefaultMovies.png" background="true">$VAR[IconWallThumbVar]</texture>
					<!-- <aspectratio scalediffuse="false">scale</aspectratio> -->
					<bordersize>20</bordersize>
					<visible>!ListItem.IsParentFolder + $PARAM[focused] + Control.HasFocus($PARAM[list_id])</visible>
				</control>
				<control type="image">
					<left>30</left>
					<top>35.5</top>
					<width>270</width>
					<height>270</height>
					<texture colordiffuse="unfocused_text" fallback="DefaultMovies.png" background="true">$VAR[IconWallThumbVar]</texture>
					<!-- <aspectratio scalediffuse="false">scale</aspectratio> -->
					<bordersize>20</bordersize>
					<visible>!ListItem.IsParentFolder + ![$PARAM[focused] + Control.HasFocus($PARAM[list_id])]</visible>
				</control>
			</control>
			<control type="group">
				<visible>!String.IsEmpty(ListItem.Art(fanart)) | !String.IsEmpty(ListItem.Art(landscape))</visible>
				<control type="image">
					<left>20</left>
					<top>11</top>
					<!-- 430 -->
					<width>317</width>
					<!-- 242 -->
					<height>178</height>
					<texture colordiffuse="artwork_dim" background="true">$VAR[SmallLandscapeVar]</texture>
					<aspectratio scalediffuse="false">scale</aspectratio>
				</control>
				<control type="image">
					<left>20</left>
					<top>97</top>
					<width>92</width>
					<height>92</height>
					<texture colordiffuse="overlay_fade_color">overlays/overlay_bg.png</texture>
					<visible>Listitem.IsCollection | ListItem.IsPlaying | Integer.IsGreater(ListItem.Playcount,0) + [[$PARAM[focused] + Control.HasFocus($PARAM[list_id])] | [$PARAM[focused] + [Control.IsVisible(55) | Control.IsVisible(501)]]]</visible>
					<animation condition="
						[[$PARAM[focused] + Control.HasFocus($PARAM[list_id])] | $PARAM[focused] + [Control.IsVisible(55) | Control.IsVisible(501)]] + 
						[
								[$EXP[isMovie] + !Integer.IsEqual(Container($PARAM[id]).ListItem.Property(WatchedProgress),0)] | 
								[[$EXP[isTVShow] | $EXP[isSeason] | $EXP[isEpisode]] + !Integer.IsGreater(ListItem.Playcount,0) + !Integer.IsEqual(Container($PARAM[id]).ListItem.Property(WatchedProgress),0)] |
								[!$EXP[isMovie] + !$EXP[isTVShow] + !$EXP[isSeason] + !$EXP[isEpisode] + !Integer.IsEqual(Container($PARAM[id]).ListItem.Property(WatchedProgress),0)]
						]
						" effect="fade" time="0" start="100" end="0">Conditional</animation>
				</control>
				<control type="image">
					<left>20</left>
					<top>140</top>
					<width>317</width>
					<height>49</height>
					<texture colordiffuse="overlay_fade_color">overlays/overlay_bg_long.png</texture>
					<visible>
						[
							[$PARAM[focused] + Control.HasFocus($PARAM[list_id])] | 
							$PARAM[focused] + [Control.IsVisible(55) | Control.IsVisible(501)]
						] + 
						[
							[[$EXP[isTVShow] | $EXP[isSeason]] +
							Integer.IsGreater(ListItem.Property(WatchedEpisodes), 0) + 
							!String.IsEqual(ListItem.Property(WatchedEpisodes), ListItem.Property(TotalEpisodes)) + 
							!Integer.IsLess(ListItem.Property(UnWatchedEpisodes),0)
						] | 
							[[$EXP[isMovie] | $EXP[isEpisode]] + 
							!Integer.IsEqual(Container($PARAM[id]).ListItem.Property(WatchedProgress), 0)
							]
						]
					</visible>
					<include condition="$PARAM[focused]">Animation_FocusTextureFade</include>
				</control>
				<control type="image">
					<left>20</left>
					<top>124</top>
					<width>317</width>
					<height>65</height>
					<texture colordiffuse="overlay_fade_color">overlays/overlay_bg_long.png</texture>
					<visible>$EXP[isEpisode]</visible>
				</control>
				<control type="label">
					<left>35</left>
					<top>147</top>
					<width>270</width>
					<visible>$EXP[isEpisode]</visible>
					<label>$INFO[Container($PARAM[list_id]).ListItem.Season]$INFO[Container($PARAM[list_id]).ListItem.Episode,x,]</label>
					<font>font18_title_alt</font>
					<textcolor>FFFFFFFF</textcolor>
					<shadowcolor>text_shadow</shadowcolor>
					<align>left</align>
					<scroll>[[$PARAM[focused] + Control.HasFocus($PARAM[list_id])] | $PARAM[focused] + [Control.IsVisible(55) | Control.IsVisible(501)]]</scroll>
					<scrollspeed>100</scrollspeed>
				</control>
				<control type="label">
					<left>44</left>
					<top>149</top>
					<width>280</width>
					<label>$VAR[Item_WatchedProgress]</label>
					<textcolor>FFFFFFFF</textcolor>
					<font>font18_title</font>
					<shadowcolor>text_shadow</shadowcolor>
					<align>right</align>
					<visible>[[$PARAM[focused] + Control.HasFocus($PARAM[list_id])] | $PARAM[focused] + [Control.IsVisible(55) | Control.IsVisible(501)]] + [$EXP[isMovie] | $EXP[isEpisode]]</visible>
					<include condition="$PARAM[focused]">Animation_FocusTextureFade</include>
				</control>
			</control>
			<control type="group">
				<visible>$EXP[isTVShow] | $EXP[isSeason]</visible>
				<top>147</top>
				<control type="label">
					<left>-46</left>
					<top>2</top>
					<width>369</width>
					<label>$INFO[ListItem.Property(UnwatchedEpisodes),, remaining]</label>
					<textcolor>FFFFFFFF</textcolor>
					<font>font18_title</font>
					<shadowcolor>text_shadow</shadowcolor>
					<align>right</align>
					<visible>[$PARAM[focused] + Control.HasFocus($PARAM[list_id])] | [$PARAM[focused] + [Control.IsVisible(55) | Control.IsVisible(501)]]</visible>
					<visible>
						Integer.IsGreater(ListItem.Property(WatchedEpisodes),0) + 
						!String.IsEqual(ListItem.Property(WatchedEpisodes),ListItem.Property(TotalEpisodes)) + 
						!String.IsEqual(ListItem.Property(UnWatchedEpisodes),-1)</visible>
					<include condition="$PARAM[focused]">Animation_FocusTextureFade</include>
				</control>
				<!-- <control type="image">
					<left>218</left>
					<top>11.2</top>
					<width>24</width>
					<height>24</height>
					<texture colordiffuse="artwork_dim">lists/played-total.png</texture>
					<visible>[$PARAM[focused] + Control.HasFocus($PARAM[list_id])] | [$PARAM[focused] + [Control.IsVisible(55) | Control.IsVisible(501)]] + !Integer.IsEqual(ListItem.Property(UnwatchedEpisodes),0)</visible>
					<include condition="$PARAM[focused]">Animation_FocusTextureFade</include>
				</control> -->
			</control>
			<control type="image">
				<left>36</left>
				<top>154</top>
				<width>19</width>
				<height>19</height>
				<texture colordiffuse="FFFFFFFF">$VAR[WallWatchedIconVar]</texture>
				<visible>[[$PARAM[focused] + Control.HasFocus($PARAM[list_id])] | 
				[$PARAM[focused] + [Control.IsVisible(55) | Control.IsVisible(501)]]]</visible>
			</control>
			<control type="label">
				<left>30</left>
				<top>195</top>
				<right>10</right>
				<!-- <width>390</width> -->
				<label>$INFO[Container($PARAM[list_id]).ListItem.Title]</label>
				<font>font10</font>
				<shadowcolor>text_shadow</shadowcolor>
				<textcolor>unfocused_text</textcolor>
				<align>center</align>
				<scroll>[[$PARAM[focused] + Control.HasFocus($PARAM[list_id])] | $PARAM[focused] + [Control.IsVisible(55) | Control.IsVisible(501)]]</scroll>
				<scrollspeed>100</scrollspeed>
				<visible>[Control.IsVisible(55) + Skin.HasSetting(Enable.55Titles)] | [Control.IsVisible(501) + Skin.HasSetting(Enable.501Titles)]</visible>
			</control>
			<control type="group">
				<visible>![[$PARAM[focused] + Control.HasFocus($PARAM[list_id])] | 
				[$PARAM[focused] + [Control.IsVisible(55) | Control.IsVisible(501)]]]</visible>
				<include content="ProgressBar">
					<param name="left" value="20"/>
					<param name="top" value="184.5"/>
					<param name="width" value="317"/>
					<param name="height" value="4"/>
				</include>
			</control>
			<control type="image">
				<left>20</left>
				<top>11</top>
				<width>317</width>
				<height>178</height>
				<texture border="6" colordiffuse="$VAR[FocusColorTheme]" infill="false">colors/white.png</texture>
				<visible>[$PARAM[focused] + Control.HasFocus($PARAM[list_id])] | [$PARAM[focused] + [Control.IsVisible(55) | Control.IsVisible(501)]]</visible>
			</control>
			<control type="image">
				<left>20</left>
				<top>11</top>
				<width>317</width>
				<height>178</height>
				<texture border="border_size" colordiffuse="$VAR[BorderColorVar]" infill="false">masks/bordertexture.png</texture>
				<visible>![[$PARAM[focused] + Control.HasFocus($PARAM[list_id])] | 
				[$PARAM[focused] + [Control.IsVisible(55) | Control.IsVisible(501)]]]</visible>
			</control>
		</definition>
	</include>

  <include name="WidgetListCategoryLayout">
		<!-- <param name="item_limit">30</param> -->
		<param name="icon">$INFO[ListItem.Icon]</param>
		<param name="focused">false</param>
		<definition>
			<control type="group">
        <top>26</top>
        <left>20</left>
				<width>317</width>
				<height>139</height>
				<control type="image">
					<bordersize>border_size</bordersize>
					<texture colordiffuse="66000000">colors/white.png</texture>
					<bordertexture border="border_size" colordiffuse="$VAR[FocusColorTheme]" infill="false">masks/bordertexture2.png</bordertexture>
				</control>
				<control type="image">
					<texture colordiffuse="$VAR[FocusColorTheme]">colors/white.png</texture>
					<visible>$PARAM[focused] + Control.HasFocus($PARAM[list_id])</visible>
					<include condition="$PARAM[focused]">Animation_FocusTextureFade</include>
				</control>
				<control type="group">
					<centertop>37%</centertop>
					<centerleft>50%</centerleft>
					<width>90</width>
					<height>90</height>
					<visible>!$EXP[isContent]</visible>
					<control type="image">
						<texture colordiffuse="$VAR[FocusedTextColorVar]" background="true">$PARAM[icon]</texture>
						<aspectratio aligny="bottom" align="center">scale</aspectratio>
						<visible>$PARAM[focused] + Control.HasFocus($PARAM[list_id])</visible>
					</control>
					<control type="image">
						<texture colordiffuse="unfocused_text" background="true">$PARAM[icon]</texture>
						<aspectratio aligny="bottom" align="center">scale</aspectratio>
						<visible>![$PARAM[focused] + Control.HasFocus($PARAM[list_id])]</visible>
					</control>
				</control>
				<control type="image">
					<centertop>50%</centertop>
					<centerleft>50%</centerleft>
					<texture colordiffuse="artwork_dim" background="true">$PARAM[icon]</texture>
					<!-- <aspectratio scalediffuse="false">scale</aspectratio> -->
					<visible>$EXP[isContent]</visible>
				</control>
				<control type="label">
					<centerleft>50%</centerleft>
					<!-- 145 -->
					<top>75</top>
					<width>280</width>
					<height>65</height>
					<align>center</align>
					<aligny>center</aligny>
					<label>$VAR[AddonsTitleVar]</label>
					<textcolor>$VAR[FocusedTextColorVar]</textcolor>
					<font>font25</font>
					<scroll>$PARAM[focused] + Control.HasFocus($PARAM[list_id])</scroll>
					<scrollspeed>50</scrollspeed>
					<visible>!$EXP[isContent]</visible>
					<visible>$PARAM[focused] + Control.HasFocus($PARAM[list_id])</visible>
				</control>
				<control type="label">
					<centerleft>50%</centerleft>
					<!-- 145 -->
					<top>75</top>
					<width>280</width>
					<height>65</height>
					<align>center</align>
					<aligny>center</aligny>
					<label>$VAR[AddonsTitleVar]</label>
					<textcolor>unfocused_text</textcolor>
					<font>font25</font>
					<scroll>$PARAM[focused] + Control.HasFocus($PARAM[list_id])</scroll>
					<scrollspeed>50</scrollspeed>
					<visible>!$EXP[isContent]</visible>
					<visible>![$PARAM[focused] + Control.HasFocus($PARAM[list_id])]</visible>
				</control>
			</control>
		</definition>
	</include>

  <include name="WidgetListCategoryOtherLayout">
		<!-- <param name="item_limit">30</param> -->
		<param name="icon">$INFO[ListItem.Icon]</param>
		<param name="focused">false</param>
		<definition>
			<control type="group">
        <top>26</top>
        <left>20</left>
				<width>285</width>
				<height>139</height>
				<control type="image">
					<bordersize>border_size</bordersize>
					<texture colordiffuse="66000000">colors/white.png</texture>
					<bordertexture border="border_size" colordiffuse="$VAR[FocusColorTheme]" infill="false">masks/bordertexture2.png</bordertexture>
				</control>
				<control type="image">
					<texture colordiffuse="$VAR[FocusColorTheme]">colors/white.png</texture>
					<visible>$PARAM[focused] + Control.HasFocus($PARAM[list_id])</visible>
					<include condition="$PARAM[focused]">Animation_FocusTextureFade</include>
				</control>
				<control type="group">
					<centertop>37%</centertop>
					<centerleft>50%</centerleft>
					<width>90</width>
					<height>90</height>
					<visible>!$EXP[isContent]</visible>
					<control type="image">
						<texture colordiffuse="$VAR[FocusedTextColorVar]" background="true">$PARAM[icon]</texture>
						<aspectratio aligny="bottom" align="center">scale</aspectratio>
						<visible>$PARAM[focused] + Control.HasFocus($PARAM[list_id])</visible>
					</control>
					<control type="image">
						<texture colordiffuse="unfocused_text" background="true">$PARAM[icon]</texture>
						<aspectratio aligny="bottom" align="center">scale</aspectratio>
						<visible>![$PARAM[focused] + Control.HasFocus($PARAM[list_id])]</visible>
					</control>
				</control>
				<!-- <control type="image">
					<centertop>50%</centertop>
					<centerleft>50%</centerleft>
					<texture background="true">$PARAM[icon]</texture>
					<aspectratio scalediffuse="false">scale</aspectratio>
					<visible>$EXP[isContent]</visible>
				</control> -->
				<control type="label">
					<centerleft>50%</centerleft>
					<!-- 145 -->
					<top>75</top>
					<width>280</width>
					<height>65</height>
					<align>center</align>
					<aligny>center</aligny>
					<label>$VAR[AddonsTitleVar]</label>
					<textcolor>$VAR[FocusedTextColorVar]</textcolor>
					<font>font25</font>
					<scroll>$PARAM[focused] + Control.HasFocus($PARAM[list_id])</scroll>
					<scrollspeed>50</scrollspeed>
					<visible>!$EXP[isContent]</visible>
					<visible>$PARAM[focused] + Control.HasFocus($PARAM[list_id])</visible>
				</control>
				<control type="label">
					<centerleft>50%</centerleft>
					<!-- 145 -->
					<top>75</top>
					<width>280</width>
					<height>65</height>
					<align>center</align>
					<aligny>center</aligny>
					<label>$VAR[AddonsTitleVar]</label>
					<textcolor>unfocused_text</textcolor>
					<font>font25</font>
					<scroll>$PARAM[focused] + Control.HasFocus($PARAM[list_id])</scroll>
					<scrollspeed>50</scrollspeed>
					<visible>!$EXP[isContent]</visible>
					<visible>![$PARAM[focused] + Control.HasFocus($PARAM[list_id])]</visible>
				</control>
			</control>
		</definition>
	</include>

  <include name="WidgetListCategoryStackedLayout">
		<!-- <param name="item_limit">30</param> -->
		<param name="icon">$INFO[ListItem.Icon]</param>
		<param name="focused">false</param>
		<definition>
			<control type="group">
        <top>26</top>
        <left>20</left>
				<!-- 139 -->
				<width>249</width>
				<height>87</height>
				<control type="image">
					<bordersize>border_size</bordersize>
					<texture colordiffuse="66000000">colors/white.png</texture>
					<bordertexture border="border_size" colordiffuse="$VAR[FocusColorTheme]" infill="false">masks/bordertexture2.png</bordertexture>
				</control>
				<control type="image">
					<texture colordiffuse="$VAR[FocusColorTheme]">colors/white.png</texture>
					<!-- <bordersize>1</bordersize> -->
					<visible>[$PARAM[focused] + Control.HasFocus($PARAM[list_id])] | [[!Control.HasFocus($PARAM[list_id]) + [String.IsEqual(Window(Home).Property(altus.$PARAM[list_id].Label),ListItem.Label) | String.IsEqual(Window(1121).Property(altus.$PARAM[list_id].Label),ListItem.Label)]] + String.IsEqual(Window(Home).Property(altus_stacked_linked_list_id),$PARAM[list_id])]</visible>
				</control>
				<control type="textbox">
					<centertop>54%</centertop>
					<left>20</left>
					<right>20</right>
					<height>66</height>
					<align>center</align>
					<aligny>center</aligny>
					<label>$INFO[ListItem.Label]</label>
					<textcolor>$VAR[FocusedTextColorVar]</textcolor>
					<font>font25</font>
					<autoscroll delay="2000" time="3000" repeat="2000">$PARAM[focused]</autoscroll>
					<visible>[$PARAM[focused] + Control.HasFocus($PARAM[list_id])] | [[!Control.HasFocus($PARAM[list_id]) + [String.IsEqual(Window(Home).Property(altus.$PARAM[list_id].Label),ListItem.Label) | String.IsEqual(Window(1121).Property(altus.$PARAM[list_id].Label),ListItem.Label)]] + String.IsEqual(Window(Home).Property(altus_stacked_linked_list_id),$PARAM[list_id])]</visible>
				</control>
				<control type="textbox">
					<centertop>54%</centertop>
					<left>20</left>
					<right>20</right>
					<height>66</height>
					<align>center</align>
					<aligny>center</aligny>
					<label>$INFO[ListItem.Label]</label>
					<textcolor>unfocused_text</textcolor>
					<font>font25</font>
					<visible>![[$PARAM[focused] + Control.HasFocus($PARAM[list_id])] | [[!Control.HasFocus($PARAM[list_id]) + [String.IsEqual(Window(Home).Property(altus.$PARAM[list_id].Label),ListItem.Label) | String.IsEqual(Window(1121).Property(altus.$PARAM[list_id].Label),ListItem.Label)]] + String.IsEqual(Window(Home).Property(altus_stacked_linked_list_id),$PARAM[list_id])]]</visible>
				</control>
			</control>
		</definition>
	</include>

	<include name="SmallSquareLayout">
		<param name="fallback_icon">DefaultAddon.png</param>
		<param name="main_label">$INFO[ListItem.Artist]</param>
		<param name="sub_label">$INFO[ListItem.Title]</param>
		<param name="single_label">$INFO[ListItem.Label]</param>
		<param name="focused">false</param>
		<definition>
			<control type="group">
				<!-- 235 -->
				<width>242</width>
				<height>242</height>
				<left>20</left>
				<control type="image">
					<bordersize>border_size</bordersize>
					<texture colordiffuse="66000000">colors/white.png</texture>
					<bordertexture border="border_size" colordiffuse="$VAR[FocusColorTheme]" infill="false">masks/bordertexture2.png</bordertexture>
				</control>
				<control type="image">
					<centertop>50%</centertop>
					<centerleft>50%</centerleft>
					<texture colordiffuse="artwork_dim" fallback="$PARAM[fallback_icon]" background="true">$VAR[FlixThumbVar]</texture>
					<aspectratio>keep</aspectratio>
					<!-- <visible>!$EXP[isContent]</visible> -->
				</control>
				<!-- <control type="image">
					<centertop>50%</centertop>
					<centerleft>50%</centerleft>
					<texture  fallback="$PARAM[fallback_icon]" background="true">$VAR[FlixThumbVar]</texture>
					<aspectratio scalediffuse="false">scale</aspectratio>
					<visible>$EXP[isContent]</visible>
				</control> -->
				<control type="image">
					<texture border="6" colordiffuse="$VAR[FocusColorTheme]" infill="false">colors/white.png</texture>
					<visible>[$PARAM[focused] + Control.HasFocus($PARAM[list_id])] | [$PARAM[focused] + ControlGroup(400).HasFocus]</visible>
					<include condition="$PARAM[focused]">Animation_FocusTextureFade</include>
				</control>
				<control type="label">
					<centerleft>50%</centerleft>
					<!-- <left>10</left> -->
					<top>237</top>
					<left>10</left>
					<right>10</right>
					<height>75</height>
					<align>center</align>
					<aligny>center</aligny>
					<label>$PARAM[single_label]</label>
					<scroll>$PARAM[focused] + Control.HasFocus($PARAM[list_id])</scroll>
					<scrollspeed>100</scrollspeed>
					<font>font25</font>
					<textcolor>unfocused_text</textcolor>
					<visible>!String.IsEqual(ListItem.DBType,album)</visible>
				</control>
				<control type="group">
					<visible>String.IsEqual(ListItem.DBType,album)</visible>
					<centerleft>50%</centerleft>
					<left>10</left>
					<right>10</right>
					<control type="label">
						<top>256</top>
						<label>$PARAM[sub_label]</label>
						<font>font10</font>
						<shadowcolor>text_shadow</shadowcolor>
						<scroll>$PARAM[focused]</scroll>
						<align>center</align>
					</control>
					<control type="label">
						<top>284</top>
						<label>$PARAM[main_label]</label>
						<font>font12</font>
						<shadowcolor>text_shadow</shadowcolor>
						<scroll>$PARAM[focused]</scroll>
						<align>center</align>
					</control>
				</control>
				<!-- <control type="group">
					<left>133</left>
					<top>2</top>
					<include condition="Skin.HasSetting(circle_rating) | Skin.HasSetting(circle_userrating)">RatingCircle</include>
				</control> -->
			</control>
		</definition>
	</include>

  <include name="WidgetListPVRLayout">
		<!-- <param name="item_limit">30</param> -->
		<param name="icon">$INFO[ListItem.Icon]</param>
    <param name="label">$INFO[ListItem.ChannelName]</param>
		<param name="label2">$INFO[ListItem.Title]</param>
		<param name="label3">$INFO[ListItem.StartTime]</param>
		<param name="label4">$INFO[ListItem.EndTime]</param>
		<param name="focused">false</param>
		<definition>
			<control type="group">
        <top>26</top>
        <left>20</left>
				<width>440</width>
				<height>300</height>
				<control type="image">
					<bordersize>border_size</bordersize>
					<texture colordiffuse="66000000">colors/white.png</texture>
					<bordertexture border="border_size" colordiffuse="$VAR[FocusColorTheme]" infill="false">masks/bordertexture2.png</bordertexture>
				</control>
				<control type="image">
					<texture colordiffuse="$VAR[FocusColorTheme]">colors/white.png</texture>
					<visible>$PARAM[focused] + Control.HasFocus($PARAM[list_id])</visible>
					<include condition="$PARAM[focused]">Animation_FocusTextureFade</include>
				</control>
				<control type="image">
          <centertop>25%</centertop>
          <centerleft>50%</centerleft>
          <width>139</width>
          <height>100</height>
					<texture align="center" aligny="top" fallback="DefaultTVShows.png" background="true">$PARAM[icon]</texture>
					<aspectratio>keep</aspectratio>
				</control>
				<control type="group">
					<visible>$PARAM[focused] + Control.HasFocus($PARAM[list_id])</visible>
					<control type="image">
						<right>30</right>
						<top>30</top>
						<width>32</width>
						<height>32</height>
						<texture colordiffuse="$VAR[FocusedTextColorVar]">$VAR[WallWatchedIconVar]</texture>
					</control>
					<control type="label">
						<centerleft>50%</centerleft>
						<top>120</top>
						<width>370</width>
						<height>75</height>
						<align>center</align>
						<aligny>center</aligny>
						<label>[LIGHT]$PARAM[label][/LIGHT]</label>
						<scroll>$PARAM[focused] + Control.HasFocus($PARAM[list_id])</scroll>
						<scrollspeed>125</scrollspeed>
						<font>font25_title</font>
						<textcolor>$VAR[FocusedTextColorVar]</textcolor>
						<selectedcolor>$VAR[FocusedTextColorVar]</selectedcolor>
					</control>
					<control type="label">
						<centerleft>50%</centerleft>
						<top>150</top>
						<width>370</width>
						<height>75</height>
						<align>center</align>
						<aligny>center</aligny>
						<label>$PARAM[label2]</label>
						<scroll>$PARAM[focused] + Control.HasFocus($PARAM[list_id])</scroll>
						<scrollspeed>125</scrollspeed>
						<font>font25</font>
						<textcolor>$VAR[FocusedTextColorVar]</textcolor>
						<selectedcolor>$VAR[FocusedTextColorVar]</selectedcolor>
					</control>
					<control type="label">
						<centerleft>-13%</centerleft>
						<top>187</top>
						<width>370</width>
						<height>75</height>
						<align>right</align>
						<aligny>center</aligny>
						<label>$PARAM[label3]</label>
						<scroll>$PARAM[focused] + Control.HasFocus($PARAM[list_id])</scroll>
						<scrollspeed>125</scrollspeed>
						<font>font25</font>
						<textcolor>$VAR[FocusedTextColorVar]</textcolor>
						<selectedcolor>$VAR[FocusedTextColorVar]</selectedcolor>
						<visible>!Integer.IsEqual(ListItem.Progress,0)</visible>
					</control>
					<control type="label">
						<centerleft>113%</centerleft>
						<top>187</top>
						<width>370</width>
						<height>75</height>
						<align>left</align>
						<aligny>center</aligny>
						<label>$PARAM[label4]</label>
						<scroll>$PARAM[focused] + Control.HasFocus($PARAM[list_id])</scroll>
						<scrollspeed>125</scrollspeed>
						<font>font25</font>
						<textcolor>$VAR[FocusedTextColorVar]</textcolor>
						<selectedcolor>$VAR[FocusedTextColorVar]</selectedcolor>
						<visible>!Integer.IsEqual(ListItem.Progress,0)</visible>
					</control>
					<control type="label">
						<centerleft>50%</centerleft>
						<top>187</top>
						<width>370</width>
						<height>75</height>
						<align>center</align>
						<aligny>center</aligny>
						<label>$INFO[ListItem.StartTime] - $INFO[ListItem.EndTime]</label>
						<scroll>$PARAM[focused] + Control.HasFocus($PARAM[list_id])</scroll>
						<scrollspeed>125</scrollspeed>
						<font>font25</font>
						<textcolor>$VAR[FocusedTextColorVar]</textcolor>
						<selectedcolor>$VAR[FocusedTextColorVar]</selectedcolor>
						<visible>Integer.IsEqual(ListItem.Progress,0)</visible>
					</control>
					<control type="label">
						<centerleft>50%</centerleft>
						<top>224</top>
						<width>375</width>
						<height>75</height>
						<align>center</align>
						<aligny>center</aligny>
						<label>$VAR[WidgetFocusedPVRNextProgrammeLabel]</label>
						<scroll>$PARAM[focused] + Control.HasFocus($PARAM[list_id])</scroll>
						<scrollspeed>125</scrollspeed>
						<font>font25</font>
						<textcolor>$VAR[FocusedTextColorVar]</textcolor>
						<selectedcolor>$VAR[FocusedTextColorVar]</selectedcolor>
					</control>
					<!-- <control type="label">
						<centerleft>50%</centerleft>
						<top>320</top>
						<width>240</width>
						<height>75</height>
						<align>center</align>
						<aligny>center</aligny>
						<label>$PARAM[label4]</label>
						<scroll>$PARAM[focused] + Control.HasFocus($PARAM[list_id])</scroll>
						<font>font25</font>
						<textcolor>$VAR[FocusedTextColorVar]</textcolor>
						<selectedcolor>$VAR[FocusedTextColorVar]</selectedcolor>
					</control> -->
				</control>
				<control type="group">
					<visible>![$PARAM[focused] + Control.HasFocus($PARAM[list_id])]</visible>
					<control type="image">
						<right>30</right>
						<top>30</top>
						<width>32</width>
						<height>32</height>
						<texture colordiffuse="$VAR[FocusColorTheme]">$VAR[WallWatchedIconVar]</texture>
					</control>
					<control type="label">
						<centerleft>50%</centerleft>
						<top>120</top>
						<width>370</width>
						<height>75</height>
						<align>center</align>
						<aligny>center</aligny>
						<label>[LIGHT]$PARAM[label][/LIGHT]</label>
						<font>font25_title</font>
						<textcolor>unfocused_text</textcolor>
						<selectedcolor>unfocused_text</selectedcolor>
					</control>
					<control type="label">
						<centerleft>50%</centerleft>
						<top>150</top>
						<width>370</width>
						<height>75</height>
						<align>center</align>
						<aligny>center</aligny>
						<label>$PARAM[label2]</label>
						<font>font25</font>
						<textcolor>unfocused_text</textcolor>
						<selectedcolor>unfocused_text</selectedcolor>
					</control>
					<control type="label">
						<centerleft>-13%</centerleft>
						<top>187</top>
						<width>370</width>
						<height>75</height>
						<align>right</align>
						<aligny>center</aligny>
						<label>$PARAM[label3]</label>
						<font>font25</font>
						<textcolor>unfocused_text</textcolor>
						<selectedcolor>unfocused_text</selectedcolor>
						<visible>!Integer.IsEqual(ListItem.Progress,0)</visible>
					</control>
					<control type="label">
						<centerleft>113%</centerleft>
						<top>187</top>
						<width>370</width>
						<height>75</height>
						<align>left</align>
						<aligny>center</aligny>
						<label>$PARAM[label4]</label>
						<font>font25</font>
						<textcolor>unfocused_text</textcolor>
						<selectedcolor>unfocused_text</selectedcolor>
						<visible>!Integer.IsEqual(ListItem.Progress,0)</visible>
					</control>
					<control type="label">
						<centerleft>50%</centerleft>
						<top>187</top>
						<width>370</width>
						<height>75</height>
						<align>center</align>
						<aligny>center</aligny>
						<label>$INFO[ListItem.StartTime] - $INFO[ListItem.EndTime]</label>
						<scroll>$PARAM[focused] + Control.HasFocus($PARAM[list_id])</scroll>
						<font>font25</font>
						<textcolor>unfocused_text</textcolor>
						<selectedcolor>unfocused_text</selectedcolor>
						<visible>Integer.IsEqual(ListItem.Progress,0)</visible>
					</control>
					<control type="label">
						<centerleft>50%</centerleft>
						<top>224</top>
						<width>375</width>
						<height>75</height>
						<align>center</align>
						<aligny>center</aligny>
						<label>$VAR[WidgetUnfocusedPVRNextProgrammeLabel]</label>
						<font>font25</font>
						<textcolor>unfocused_text</textcolor>
						<selectedcolor>unfocused_text</selectedcolor>
					</control>
					<!-- <control type="label">
						<centerleft>50%</centerleft>
						<top>320</top>
						<width>240</width>
						<height>75</height>
						<align>center</align>
						<aligny>center</aligny>
						<label>$PARAM[label4]</label>
						<font>font25</font>
						<textcolor>unfocused_text</textcolor>
						<selectedcolor>unfocused_text</selectedcolor>
					</control> -->
				</control>
        <control type="group">
          <visible>!Integer.IsEqual(ListItem.Progress,0) + ![$PARAM[focused] + Control.HasFocus($PARAM[list_id])]</visible>
          <control type="progress">
            <centerleft>50%</centerleft>
            <top>220</top>
            <width>150</width>
            <height>7</height>
            <info>ListItem.PercentPlayed</info>
          </control>
          <control type="progress">
            <centerleft>50%</centerleft>
            <top>220</top>
            <width>150</width>
            <height>7</height>
            <info>ListItem.Progress</info>
          </control>
        </control>
        <control type="group">
          <visible>!Integer.IsEqual(ListItem.Progress,0) + [$PARAM[focused] + Control.HasFocus($PARAM[list_id])]</visible>
          <control type="progress">
            <centerleft>50%</centerleft>
            <top>220</top>
            <width>150</width>
            <height>7</height>
            <info>ListItem.PercentPlayed</info>
					<midtexture colordiffuse="$VAR[FocusedTextColorVar]">colors/white.png</midtexture>
          </control>
          <control type="progress">
            <centerleft>50%</centerleft>
            <top>220</top>
            <width>150</width>
            <height>7</height>
            <info>ListItem.Progress</info>
						<midtexture colordiffuse="$VAR[FocusedTextColorVar]">colors/white.png</midtexture>
          </control>
        </control>
			</control>
		</definition>
	</include>

  <include name="WeatherWidgetLayout">
		<!-- <param name="item_limit">30</param> -->
		<param name="icon">$INFO[ListItem.Icon]</param>
		<param name="label2">$INFO[ListItem.Property(Outlook)]</param>
		<param name="focused">false</param>
		<definition>
			<control type="group">
        <top>26</top>
        <left>20</left>
				<!-- 279 -->
				<width>242</width>
				<height>242</height>
				<control type="image">
					<bordersize>border_size</bordersize>
					<texture colordiffuse="66000000">colors/white.png</texture>
					<bordertexture border="border_size" colordiffuse="$VAR[FocusColorTheme]" infill="false">masks/bordertexture2.png</bordertexture>
				</control>
				<control type="image">
					<texture colordiffuse="$VAR[FocusColorTheme]">colors/white.png</texture>
					<visible>$PARAM[focused] + Control.HasFocus($PARAM[list_id])</visible>
					<include condition="$PARAM[focused]">Animation_FocusTextureFade</include>
				</control>
				<control type="image">
          <centerleft>50%</centerleft>
          <top>10</top>
          <width>160</width>
          <height>160</height>
          <texture colordiffuse="unfocused_text" background="true">$PARAM[icon]</texture>
					<aspectratio>keep</aspectratio>
					<visible>![$PARAM[focused] + Control.HasFocus($PARAM[list_id])]</visible>
				</control>
				<control type="image">
          <centerleft>50%</centerleft>
          <top>10</top>
          <width>160</width>
          <height>160</height>
          <texture colordiffuse="$VAR[FocusedTextColorVar]" background="true">$PARAM[icon]</texture>
					<aspectratio>keep</aspectratio>
					<visible>$PARAM[focused] + Control.HasFocus($PARAM[list_id])</visible>
				</control>
				<control type="textbox">
					<centerleft>50%</centerleft>
					<top>158</top>
					<left>10</left>
					<right>10</right>
					<height>73</height>
					<align>center</align>
					<aligny>center</aligny>
					<font>font25</font>
					<label>$PARAM[label2]</label>
					<autoscroll delay="2000" time="3000" repeat="2000">$PARAM[focused]</autoscroll>
					<textcolor>$VAR[FocusedTextColorVar]</textcolor>
					<visible>$PARAM[focused] + Control.HasFocus($PARAM[list_id])</visible>
				</control>
				<control type="textbox">
					<centerleft>50%</centerleft>
					<top>158</top>
					<left>10</left>
					<right>10</right>
					<height>73</height>
					<align>center</align>
					<aligny>center</aligny>
					<font>font25</font>
					<label>$PARAM[label2]</label>
					<textcolor>unfocused_text</textcolor>
					<visible>![$PARAM[focused] + Control.HasFocus($PARAM[list_id])]</visible>
				</control>
				<control type="group">
					<centerleft>50%</centerleft>
					<height>75</height>
					<control type="label">
						<top>318</top>
						<align>center</align>
						<aligny>center</aligny>
						<font>font25</font>
						<label>$INFO[ListItem.Label] [COLOR accent_color][B]|[/B][/COLOR] $INFO[ListItem.Property(ShortDate)]</label>
						<visible>String.IsEqual(Skin.String(BackgroundSetting),0)</visible>
					</control>
					<control type="label">
						<top>318</top>
						<align>center</align>
						<aligny>center</aligny>
						<font>font25</font>
						<label>$INFO[ListItem.Label] [COLOR unfocused_text][B]|[/B][/COLOR] $INFO[ListItem.Property(ShortDate)]</label>
						<visible>String.IsEqual(Skin.String(BackgroundSetting),1) | String.IsEqual(Skin.String(BackgroundSetting),2)</visible>
					</control>
					<control type="label">
            <top>283</top>
						<align>center</align>
						<aligny>center</aligny>
						<font>font27</font>
						<label>$INFO[ListItem.Label2]</label>
					</control>
				</control>
			</control>
		</definition>
	</include>

</includes>