<?xml version="1.0" encoding="UTF-8"?>
<window>
	<defaultcontrol always="true">500</defaultcontrol>
	<onload>ClearProperty(altus_fanart_art, home)</onload>
	<onload>ClearProperty(altus_fanart_prop, home)</onload>
	<backgroundcolor>background</backgroundcolor>
	<views>50,52,56,500,501</views>
	<menucontrol>9000</menucontrol>
	<controls>
		<include>DefaultBackground</include>
		<control type="group">
			<visible>String.IsEmpty(Window(home).Property(ViewTransitioning))</visible>
			<animation effect="fade" start="100" end="0" time="200" tween="sine" condition="$EXP[infodialog_active]">Conditional</animation>
			<include>View_50_List</include>
			<include>View_52_IconWall</include>
			<include>View_56_ListInfo</include>
			<include>View_500_Wall</include>
			<include>View_501_LandscapeWall</include>
			<control type="group">
				<depth>DepthContentPanel</depth>
				<include>OpenClose_Left</include>
				<include>Visible_Left</include>
				<visible>Control.IsVisible(56)</visible>
				<include>ListThumbInfoPanel</include>
			</control>
			<include content="TopBar">
				<param name="breadcrumbs_label" value="[COLOR unfocused_text]$LOCALIZE[1036][/COLOR]" />
			</include>
			<!-- <include content="BottomBar">
				<param name="info_visible" value="true" />
			</include> -->
			<include>CommonScrollbars</include>
			<include>MediaMenuMouseOverlay</include>
			<control type="group">
				<include>MediaMenuCommon</include>
				<control type="grouplist" id="9000">
					<top>50</top>
					<include>MediaMenuListCommon</include>
					<include>MediaMenuNowPlaying</include>
				</control>
			</control>
		</control>
	</controls>
</window>
