<?xml version="1.0" encoding="UTF-8"?>
<window>
	<defaultcontrol always="true">50</defaultcontrol>
	<menucontrol>9000</menucontrol>
	<views>50</views>
	<menucontrol>6053</menucontrol>
	<controls>
		<include>DefaultBackground</include>
		<control type="group">
			<animation effect="fade" start="100" end="0" time="200" tween="sine" condition="$EXP[infodialog_active]">Conditional</animation>
			<control type="group">
				<visible>Control.IsVisible(50)</visible>
				<include>OpenClose_Right</include>
				<include>Visible_Left</include>
				<control type="label">
					<top>60</top>
					<height>60</height>
					<label>$VAR[ClockCrumbs]$VAR[BreadcrumbsPVRSearchVar]</label>
					<textcolor>$VAR[FocusColorTheme]</textcolor>
					<shadowcolor>black</shadowcolor>
					<align>center</align>
					<aligny>center</aligny>
					<wrapmultiline>true</wrapmultiline>
					<font>font32</font>
				</control>
				<control type="fixedlist" id="50">
					<left>80</left>
					<right>50</right>
					<top>130</top>
					<bottom>70</bottom>
					<onleft>9000</onleft>
					<onright>73</onright>
					<onup>50</onup>
					<ondown>50</ondown>
					<movement>12</movement>
					<focusposition>5</focusposition>
					<pagecontrol>73</pagecontrol>
					<scrolltime tween="cubic" easing="out">500</scrolltime>
					<include content="MainPVRListItemLayouts">
						<param name="focused_height" value="251" />
						<param name="list_id" value="50" />
						<param name="only_label_condition" value="String.IsEmpty(ListItem.Date)" />
						<param name="label1" value="$VAR[PVRMySearchLabel1Var]" />
						<param name="label2" value="$INFO[ListItem.Date]" />
					</include>
				</control>
			</control>
			<control type="group">
				<depth>DepthContentPanel</depth>
				<include>OpenClose_Right</include>
				<width>870</width>
				<right>0</right>
				<include content="ContentPanel">
					<param name="left" value="-72" />
					<param name="width" value="970" />
					<param name="top" value="-20" />
					<param name="flipx" value="true" />
				</include>
				<control type="scrollbar" id="73">
					<right>-12</right>
					<top>0</top>
					<width>12</width>
					<bottom>0</bottom>
					<onleft>50</onleft>
					<onright>50</onright>
					<orientation>vertical</orientation>
					<animation effect="zoom" start="99,100" end="100,100" center="-80,0" time="300" tween="sine" easing="inout" condition="!Control.HasFocus(73)">conditional</animation>
				</control>
				<!-- <include>PVRInfoPanel</include> -->
			</control>
			<include content="TopBar">
				<param name="breadcrumbs_label" value="$VAR[BreadcrumbsPVRSearchVar]" />
			</include>
			<include content="BottomBar">
				<param name="info_visible" value="true" />
			</include>
			<control type="group">
				<include>MediaMenuCommon</include>
				<include>PVRSideBar</include>
			</control>
		</control>
		<control type="label" id="29">
			<font></font>
			<include>HiddenObject</include>
		</control>
		<control type="label" id="30">
			<font></font>
			<include>HiddenObject</include>
		</control>
	</controls>
</window>
