<?xml version="1.0" encoding="UTF-8"?>
<includes>

  <!-- Image Width Includes -->
  <include name="MetacriticRatingImageWidth">
    <width>50</width>
  </include>
  <include name="TraktRatingImageWidth">
    <width>50</width>
  </include>
  <include name="LetterboxdRatingImageWidth">
    <width>50</width>
  </include>
  <include name="MDbListRatingImageWidth">
    <width>50</width>
  </include>
  <include name="RTCRatingImageWidth">
    <width>50</width>
  </include>
  <include name="RTARatingImageWidth">
    <width>45</width>
  </include>
  <include name="IMDbRatingImageWidth">
    <width>74</width>
  </include>
  <include name="IMDbPopRatingImageWidth">
    <width>29</width>
  </include>
  <include name="TMDbRatingImageWidth">
    <width>37</width>
  </include>

  <!-- Image Left Includes -->
  <include name="MetacriticRatingImageLeft">
    <left>0</left>
  </include>
  <include name="TraktRatingImageLeft">
    <left>0</left>
  </include>
  <include name="LetterboxdRatingImageLeft">
    <left>0</left>
  </include>
  <include name="MDbListRatingImageLeft">
    <left>0</left>
  </include>
  <include name="RTCRatingImageLeft">
    <left>0</left>
  </include>
  <include name="RTARatingImageLeft">
    <left>0</left>
  </include>
  <include name="IMDbRatingImageLeft">
    <left>0</left>
  </include>
  <include name="IMDbPopRatingImageLeft">
    <left>0</left>
  </include>
  <include name="TMDbRatingImageLeft">
    <left>5</left>
  </include>

  <!-- Label Width Includes -->
  <include name="MetacriticRatingLabelWidth">
    <width max="80">auto</width>
  </include>
  <include name="TraktRatingLabelWidth">
    <width max="80">auto</width>
  </include>
  <include name="LetterboxdRatingLabelWidth">
    <width max="80">auto</width>
  </include>
  <include name="MDbListRatingLabelWidth">
    <width max="80">auto</width>
  </include>
  <include name="RTCRatingLabelWidth">
    <width max="80">auto</width>
  </include>
  <include name="RTARatingLabelWidth">
    <width max="80">auto</width>
  </include>
  <include name="IMDbRatingLabelWidth">
    <width max="60">auto</width>
  </include>
  <include name="IMDbPopRatingLabelWidth">
    <width max="87">auto</width>
  </include>
  <include name="TMDbRatingLabelWidth">
    <width max="55">auto</width>
  </include>

  <!-- Rating Name Variable -->
  <variable name="RatingName1Var">
    <value condition="String.IsEqual(Skin.String(RatingSlot1),none)">None</value>
    <value condition="String.IsEqual(Skin.String(RatingSlot1),metacritic)">Metacritic</value>
    <value condition="String.IsEqual(Skin.String(RatingSlot1),trakt)">Trakt</value>
    <value condition="String.IsEqual(Skin.String(RatingSlot1),letterboxd)">Letterboxd</value>
    <value condition="String.IsEqual(Skin.String(RatingSlot1),mdblist)">MDbList</value>
    <value condition="String.IsEqual(Skin.String(RatingSlot1),rtc)">Rotten Tomatoes (Critic)</value>
    <value condition="String.IsEqual(Skin.String(RatingSlot1),rta)">Rotten Tomatoes (Audience)</value>
    <value condition="String.IsEqual(Skin.String(RatingSlot1),imdb)">IMDb</value>
    <value condition="String.IsEqual(Skin.String(RatingSlot1),imdbpop)">IMDb Popular</value>
    <value condition="String.IsEqual(Skin.String(RatingSlot1),tmdb)">TMDb</value>
  </variable>
  <variable name="RatingName2Var">
    <value condition="String.IsEqual(Skin.String(RatingSlot2),none)">None</value>
    <value condition="String.IsEqual(Skin.String(RatingSlot2),metacritic)">Metacritic</value>
    <value condition="String.IsEqual(Skin.String(RatingSlot2),trakt)">Trakt</value>
    <value condition="String.IsEqual(Skin.String(RatingSlot2),letterboxd)">Letterboxd</value>
    <value condition="String.IsEqual(Skin.String(RatingSlot2),mdblist)">MDbList</value>
    <value condition="String.IsEqual(Skin.String(RatingSlot2),rtc)">Rotten Tomatoes (Critic)</value>
    <value condition="String.IsEqual(Skin.String(RatingSlot2),rta)">Rotten Tomatoes (Audience)</value>
    <value condition="String.IsEqual(Skin.String(RatingSlot2),imdb)">IMDb</value>
    <value condition="String.IsEqual(Skin.String(RatingSlot2),imdbpop)">IMDb Popular</value>
    <value condition="String.IsEqual(Skin.String(RatingSlot2),tmdb)">TMDb</value>
  </variable>
  <variable name="RatingName3Var">
    <value condition="String.IsEqual(Skin.String(RatingSlot3),none)">None</value>
    <value condition="String.IsEqual(Skin.String(RatingSlot3),metacritic)">Metacritic</value>
    <value condition="String.IsEqual(Skin.String(RatingSlot3),trakt)">Trakt</value>
    <value condition="String.IsEqual(Skin.String(RatingSlot3),letterboxd)">Letterboxd</value>
    <value condition="String.IsEqual(Skin.String(RatingSlot3),mdblist)">MDbList</value>
    <value condition="String.IsEqual(Skin.String(RatingSlot3),rtc)">Rotten Tomatoes (Critic)</value>
    <value condition="String.IsEqual(Skin.String(RatingSlot3),rta)">Rotten Tomatoes (Audience)</value>
    <value condition="String.IsEqual(Skin.String(RatingSlot3),imdb)">IMDb</value>
    <value condition="String.IsEqual(Skin.String(RatingSlot3),imdbpop)">IMDb Popular</value>
    <value condition="String.IsEqual(Skin.String(RatingSlot3),tmdb)">TMDb</value>
  </variable>
  <variable name="RatingName4Var">
    <value condition="String.IsEqual(Skin.String(RatingSlot4),none)">None</value>
    <value condition="String.IsEqual(Skin.String(RatingSlot4),metacritic)">Metacritic</value>
    <value condition="String.IsEqual(Skin.String(RatingSlot4),trakt)">Trakt</value>
    <value condition="String.IsEqual(Skin.String(RatingSlot4),letterboxd)">Letterboxd</value>
    <value condition="String.IsEqual(Skin.String(RatingSlot4),mdblist)">MDbList</value>
    <value condition="String.IsEqual(Skin.String(RatingSlot4),rtc)">Rotten Tomatoes (Critic)</value>
    <value condition="String.IsEqual(Skin.String(RatingSlot4),rta)">Rotten Tomatoes (Audience)</value>
    <value condition="String.IsEqual(Skin.String(RatingSlot4),imdb)">IMDb</value>
    <value condition="String.IsEqual(Skin.String(RatingSlot4),imdbpop)">IMDb Popular</value>
    <value condition="String.IsEqual(Skin.String(RatingSlot4),tmdb)">TMDb</value>
  </variable>
  <variable name="RatingName5Var">
    <value condition="String.IsEqual(Skin.String(RatingSlot5),none)">None</value>
    <value condition="String.IsEqual(Skin.String(RatingSlot5),metacritic)">Metacritic</value>
    <value condition="String.IsEqual(Skin.String(RatingSlot5),trakt)">Trakt</value>
    <value condition="String.IsEqual(Skin.String(RatingSlot5),letterboxd)">Letterboxd</value>
    <value condition="String.IsEqual(Skin.String(RatingSlot5),mdblist)">MDbList</value>
    <value condition="String.IsEqual(Skin.String(RatingSlot5),rtc)">Rotten Tomatoes (Critic)</value>
    <value condition="String.IsEqual(Skin.String(RatingSlot5),rta)">Rotten Tomatoes (Audience)</value>
    <value condition="String.IsEqual(Skin.String(RatingSlot5),imdb)">IMDb</value>
    <value condition="String.IsEqual(Skin.String(RatingSlot5),imdbpop)">IMDb Popular</value>
    <value condition="String.IsEqual(Skin.String(RatingSlot5),tmdb)">TMDb</value>
  </variable>
  <variable name="RatingName6Var">
    <value condition="String.IsEqual(Skin.String(RatingSlot6),none)">None</value>
    <value condition="String.IsEqual(Skin.String(RatingSlot6),metacritic)">Metacritic</value>
    <value condition="String.IsEqual(Skin.String(RatingSlot6),trakt)">Trakt</value>
    <value condition="String.IsEqual(Skin.String(RatingSlot6),letterboxd)">Letterboxd</value>
    <value condition="String.IsEqual(Skin.String(RatingSlot6),mdblist)">MDbList</value>
    <value condition="String.IsEqual(Skin.String(RatingSlot6),rtc)">Rotten Tomatoes (Critic)</value>
    <value condition="String.IsEqual(Skin.String(RatingSlot6),rta)">Rotten Tomatoes (Audience)</value>
    <value condition="String.IsEqual(Skin.String(RatingSlot6),imdb)">IMDb</value>
    <value condition="String.IsEqual(Skin.String(RatingSlot6),imdbpop)">IMDb Popular</value>
    <value condition="String.IsEqual(Skin.String(RatingSlot6),tmdb)">TMDb</value>
  </variable>
  <variable name="RatingName7Var">
    <value condition="String.IsEqual(Skin.String(RatingSlot7),none)">None</value>
    <value condition="String.IsEqual(Skin.String(RatingSlot7),metacritic)">Metacritic</value>
    <value condition="String.IsEqual(Skin.String(RatingSlot7),trakt)">Trakt</value>
    <value condition="String.IsEqual(Skin.String(RatingSlot7),letterboxd)">Letterboxd</value>
    <value condition="String.IsEqual(Skin.String(RatingSlot7),mdblist)">MDbList</value>
    <value condition="String.IsEqual(Skin.String(RatingSlot7),rtc)">Rotten Tomatoes (Critic)</value>
    <value condition="String.IsEqual(Skin.String(RatingSlot7),rta)">Rotten Tomatoes (Audience)</value>
    <value condition="String.IsEqual(Skin.String(RatingSlot7),imdb)">IMDb</value>
    <value condition="String.IsEqual(Skin.String(RatingSlot7),imdbpop)">IMDb Popular</value>
    <value condition="String.IsEqual(Skin.String(RatingSlot7),tmdb)">TMDb</value>
  </variable>

  <!-- Variables for each rating slot (1-7) -->
  <variable name="Rating1ValueVar">
    <value condition="String.IsEqual(Skin.String(RatingSlot1),metacritic)">$INFO[Window(Home).Property(altus.metascore)]%</value>
    <value condition="String.IsEqual(Skin.String(RatingSlot1),trakt)">$INFO[Window(Home).Property(altus.traktRating)]</value>
    <value condition="String.IsEqual(Skin.String(RatingSlot1),letterboxd)">$INFO[Window(Home).Property(altus.letterboxdRating)]</value>
    <value condition="String.IsEqual(Skin.String(RatingSlot1),mdblist)">$INFO[Window(Home).Property(altus.mdblistRating)]%</value>
    <value condition="String.IsEqual(Skin.String(RatingSlot1),rtc)">$INFO[Window(Home).Property(altus.tomatoMeter)]%</value>
    <value condition="String.IsEqual(Skin.String(RatingSlot1),rta)">$INFO[Window(Home).Property(altus.tomatoUserMeter)]%</value>
    <value condition="String.IsEqual(Skin.String(RatingSlot1),imdb)">$INFO[Window(Home).Property(altus.imdbRating)]</value>
    <value condition="String.IsEqual(Skin.String(RatingSlot1),imdbpop)">$INFO[Window(Home).Property(altus.popularRating)]</value>
    <value condition="String.IsEqual(Skin.String(RatingSlot1),tmdb)">$INFO[Window(Home).Property(altus.tmdbRating)]</value>
  </variable>

  <variable name="Rating2ValueVar">
    <value condition="String.IsEqual(Skin.String(RatingSlot2),metacritic)">$INFO[Window(Home).Property(altus.metascore)]%</value>
    <value condition="String.IsEqual(Skin.String(RatingSlot2),trakt)">$INFO[Window(Home).Property(altus.traktRating)]</value>
    <value condition="String.IsEqual(Skin.String(RatingSlot2),letterboxd)">$INFO[Window(Home).Property(altus.letterboxdRating)]</value>
    <value condition="String.IsEqual(Skin.String(RatingSlot2),mdblist)">$INFO[Window(Home).Property(altus.mdblistRating)]%</value>
    <value condition="String.IsEqual(Skin.String(RatingSlot2),rtc)">$INFO[Window(Home).Property(altus.tomatoMeter)]%</value>
    <value condition="String.IsEqual(Skin.String(RatingSlot2),rta)">$INFO[Window(Home).Property(altus.tomatoUserMeter)]%</value>
    <value condition="String.IsEqual(Skin.String(RatingSlot2),imdb)">$INFO[Window(Home).Property(altus.imdbRating)]</value>
    <value condition="String.IsEqual(Skin.String(RatingSlot2),imdbpop)">$INFO[Window(Home).Property(altus.popularRating)]</value>
    <value condition="String.IsEqual(Skin.String(RatingSlot2),tmdb)">$INFO[Window(Home).Property(altus.tmdbRating)]</value>
  </variable>

  <variable name="Rating3ValueVar">
    <value condition="String.IsEqual(Skin.String(RatingSlot3),metacritic)">$INFO[Window(Home).Property(altus.metascore)]%</value>
    <value condition="String.IsEqual(Skin.String(RatingSlot3),trakt)">$INFO[Window(Home).Property(altus.traktRating)]</value>
    <value condition="String.IsEqual(Skin.String(RatingSlot3),letterboxd)">$INFO[Window(Home).Property(altus.letterboxdRating)]</value>
    <value condition="String.IsEqual(Skin.String(RatingSlot3),mdblist)">$INFO[Window(Home).Property(altus.mdblistRating)]%</value>
    <value condition="String.IsEqual(Skin.String(RatingSlot3),rtc)">$INFO[Window(Home).Property(altus.tomatoMeter)]%</value>
    <value condition="String.IsEqual(Skin.String(RatingSlot3),rta)">$INFO[Window(Home).Property(altus.tomatoUserMeter)]%</value>
    <value condition="String.IsEqual(Skin.String(RatingSlot3),imdb)">$INFO[Window(Home).Property(altus.imdbRating)]</value>
    <value condition="String.IsEqual(Skin.String(RatingSlot3),imdbpop)">$INFO[Window(Home).Property(altus.popularRating)]</value>
    <value condition="String.IsEqual(Skin.String(RatingSlot3),tmdb)">$INFO[Window(Home).Property(altus.tmdbRating)]</value>
  </variable>

  <variable name="Rating4ValueVar">
    <value condition="String.IsEqual(Skin.String(RatingSlot4),metacritic)">$INFO[Window(Home).Property(altus.metascore)]%</value>
    <value condition="String.IsEqual(Skin.String(RatingSlot4),trakt)">$INFO[Window(Home).Property(altus.traktRating)]</value>
    <value condition="String.IsEqual(Skin.String(RatingSlot4),letterboxd)">$INFO[Window(Home).Property(altus.letterboxdRating)]</value>
    <value condition="String.IsEqual(Skin.String(RatingSlot4),mdblist)">$INFO[Window(Home).Property(altus.mdblistRating)]%</value>
    <value condition="String.IsEqual(Skin.String(RatingSlot4),rtc)">$INFO[Window(Home).Property(altus.tomatoMeter)]%</value>
    <value condition="String.IsEqual(Skin.String(RatingSlot4),rta)">$INFO[Window(Home).Property(altus.tomatoUserMeter)]%</value>
    <value condition="String.IsEqual(Skin.String(RatingSlot4),imdb)">$INFO[Window(Home).Property(altus.imdbRating)]</value>
    <value condition="String.IsEqual(Skin.String(RatingSlot4),imdbpop)">$INFO[Window(Home).Property(altus.popularRating)]</value>
    <value condition="String.IsEqual(Skin.String(RatingSlot4),tmdb)">$INFO[Window(Home).Property(altus.tmdbRating)]</value>
  </variable>

  <variable name="Rating5ValueVar">
    <value condition="String.IsEqual(Skin.String(RatingSlot5),metacritic)">$INFO[Window(Home).Property(altus.metascore)]%</value>
    <value condition="String.IsEqual(Skin.String(RatingSlot5),trakt)">$INFO[Window(Home).Property(altus.traktRating)]</value>
    <value condition="String.IsEqual(Skin.String(RatingSlot5),letterboxd)">$INFO[Window(Home).Property(altus.letterboxdRating)]</value>
    <value condition="String.IsEqual(Skin.String(RatingSlot5),mdblist)">$INFO[Window(Home).Property(altus.mdblistRating)]%</value>
    <value condition="String.IsEqual(Skin.String(RatingSlot5),rtc)">$INFO[Window(Home).Property(altus.tomatoMeter)]%</value>
    <value condition="String.IsEqual(Skin.String(RatingSlot5),rta)">$INFO[Window(Home).Property(altus.tomatoUserMeter)]%</value>
    <value condition="String.IsEqual(Skin.String(RatingSlot5),imdb)">$INFO[Window(Home).Property(altus.imdbRating)]</value>
    <value condition="String.IsEqual(Skin.String(RatingSlot5),imdbpop)">$INFO[Window(Home).Property(altus.popularRating)]</value>
    <value condition="String.IsEqual(Skin.String(RatingSlot5),tmdb)">$INFO[Window(Home).Property(altus.tmdbRating)]</value>
  </variable>

  <variable name="Rating6ValueVar">
    <value condition="String.IsEqual(Skin.String(RatingSlot6),metacritic)">$INFO[Window(Home).Property(altus.metascore)]%</value>
    <value condition="String.IsEqual(Skin.String(RatingSlot6),trakt)">$INFO[Window(Home).Property(altus.traktRating)]</value>
    <value condition="String.IsEqual(Skin.String(RatingSlot6),letterboxd)">$INFO[Window(Home).Property(altus.letterboxdRating)]</value>
    <value condition="String.IsEqual(Skin.String(RatingSlot6),mdblist)">$INFO[Window(Home).Property(altus.mdblistRating)]%</value>
    <value condition="String.IsEqual(Skin.String(RatingSlot6),rtc)">$INFO[Window(Home).Property(altus.tomatoMeter)]%</value>
    <value condition="String.IsEqual(Skin.String(RatingSlot6),rta)">$INFO[Window(Home).Property(altus.tomatoUserMeter)]%</value>
    <value condition="String.IsEqual(Skin.String(RatingSlot6),imdb)">$INFO[Window(Home).Property(altus.imdbRating)]</value>
    <value condition="String.IsEqual(Skin.String(RatingSlot6),imdbpop)">$INFO[Window(Home).Property(altus.popularRating)]</value>
    <value condition="String.IsEqual(Skin.String(RatingSlot6),tmdb)">$INFO[Window(Home).Property(altus.tmdbRating)]</value>
  </variable>

  <variable name="Rating7ValueVar">
    <value condition="String.IsEqual(Skin.String(RatingSlot7),metacritic)">$INFO[Window(Home).Property(altus.metascore)]%</value>
    <value condition="String.IsEqual(Skin.String(RatingSlot7),trakt)">$INFO[Window(Home).Property(altus.traktRating)]</value>
    <value condition="String.IsEqual(Skin.String(RatingSlot7),letterboxd)">$INFO[Window(Home).Property(altus.letterboxdRating)]</value>
    <value condition="String.IsEqual(Skin.String(RatingSlot7),mdblist)">$INFO[Window(Home).Property(altus.mdblistRating)]%</value>
    <value condition="String.IsEqual(Skin.String(RatingSlot7),rtc)">$INFO[Window(Home).Property(altus.tomatoMeter)]%</value>
    <value condition="String.IsEqual(Skin.String(RatingSlot7),rta)">$INFO[Window(Home).Property(altus.tomatoUserMeter)]%</value>
    <value condition="String.IsEqual(Skin.String(RatingSlot7),imdb)">$INFO[Window(Home).Property(altus.imdbRating)]</value>
    <value condition="String.IsEqual(Skin.String(RatingSlot7),imdbpop)">$INFO[Window(Home).Property(altus.popularRating)]</value>
    <value condition="String.IsEqual(Skin.String(RatingSlot7),tmdb)">$INFO[Window(Home).Property(altus.tmdbRating)]</value>
  </variable>

  <variable name="Rating1ImageVar">
    <value condition="String.IsEqual(Skin.String(RatingSlot1),metacritic)">$INFO[Window(Home).Property(altus.metascoreImage)]</value>
    <value condition="String.IsEqual(Skin.String(RatingSlot1),trakt)">$INFO[Window(Home).Property(altus.traktImage)]</value>
    <value condition="String.IsEqual(Skin.String(RatingSlot1),letterboxd)">$INFO[Window(Home).Property(altus.letterboxdImage)]</value>
    <value condition="String.IsEqual(Skin.String(RatingSlot1),mdblist)">$INFO[Window(Home).Property(altus.mdblistImage)]</value>
    <value condition="String.IsEqual(Skin.String(RatingSlot1),rtc)">$INFO[Window(Home).Property(altus.tomatoImage)]</value>
    <value condition="String.IsEqual(Skin.String(RatingSlot1),rta)">$INFO[Window(Home).Property(altus.tomatoUserImage)]</value>
    <value condition="String.IsEqual(Skin.String(RatingSlot1),imdb)">$INFO[Window(Home).Property(altus.imdbImage)]</value>
    <value condition="String.IsEqual(Skin.String(RatingSlot1),imdbpop)">$INFO[Window(Home).Property(altus.popularImage)]</value>
    <value condition="String.IsEqual(Skin.String(RatingSlot1),tmdb)">$INFO[Window(Home).Property(altus.tmdbImage)]</value>
  </variable>

  <variable name="Rating2ImageVar">
    <value condition="String.IsEqual(Skin.String(RatingSlot2),metacritic)">$INFO[Window(Home).Property(altus.metascoreImage)]</value>
    <value condition="String.IsEqual(Skin.String(RatingSlot2),trakt)">$INFO[Window(Home).Property(altus.traktImage)]</value>
    <value condition="String.IsEqual(Skin.String(RatingSlot2),letterboxd)">$INFO[Window(Home).Property(altus.letterboxdImage)]</value>
    <value condition="String.IsEqual(Skin.String(RatingSlot2),mdblist)">$INFO[Window(Home).Property(altus.mdblistImage)]</value>
    <value condition="String.IsEqual(Skin.String(RatingSlot2),rtc)">$INFO[Window(Home).Property(altus.tomatoImage)]</value>
    <value condition="String.IsEqual(Skin.String(RatingSlot2),rta)">$INFO[Window(Home).Property(altus.tomatoUserImage)]</value>
    <value condition="String.IsEqual(Skin.String(RatingSlot2),imdb)">$INFO[Window(Home).Property(altus.imdbImage)]</value>
    <value condition="String.IsEqual(Skin.String(RatingSlot2),imdbpop)">$INFO[Window(Home).Property(altus.popularImage)]</value>
    <value condition="String.IsEqual(Skin.String(RatingSlot2),tmdb)">$INFO[Window(Home).Property(altus.tmdbImage)]</value>
  </variable>

  <variable name="Rating3ImageVar">
    <value condition="String.IsEqual(Skin.String(RatingSlot3),metacritic)">$INFO[Window(Home).Property(altus.metascoreImage)]</value>
    <value condition="String.IsEqual(Skin.String(RatingSlot3),trakt)">$INFO[Window(Home).Property(altus.traktImage)]</value>
    <value condition="String.IsEqual(Skin.String(RatingSlot3),letterboxd)">$INFO[Window(Home).Property(altus.letterboxdImage)]</value>
    <value condition="String.IsEqual(Skin.String(RatingSlot3),mdblist)">$INFO[Window(Home).Property(altus.mdblistImage)]</value>
    <value condition="String.IsEqual(Skin.String(RatingSlot3),rtc)">$INFO[Window(Home).Property(altus.tomatoImage)]</value>
    <value condition="String.IsEqual(Skin.String(RatingSlot3),rta)">$INFO[Window(Home).Property(altus.tomatoUserImage)]</value>
    <value condition="String.IsEqual(Skin.String(RatingSlot3),imdb)">$INFO[Window(Home).Property(altus.imdbImage)]</value>
    <value condition="String.IsEqual(Skin.String(RatingSlot3),imdbpop)">$INFO[Window(Home).Property(altus.popularImage)]</value>
    <value condition="String.IsEqual(Skin.String(RatingSlot3),tmdb)">$INFO[Window(Home).Property(altus.tmdbImage)]</value>
  </variable>

  <variable name="Rating4ImageVar">
    <value condition="String.IsEqual(Skin.String(RatingSlot4),metacritic)">$INFO[Window(Home).Property(altus.metascoreImage)]</value>
    <value condition="String.IsEqual(Skin.String(RatingSlot4),trakt)">$INFO[Window(Home).Property(altus.traktImage)]</value>
    <value condition="String.IsEqual(Skin.String(RatingSlot4),letterboxd)">$INFO[Window(Home).Property(altus.letterboxdImage)]</value>
    <value condition="String.IsEqual(Skin.String(RatingSlot4),mdblist)">$INFO[Window(Home).Property(altus.mdblistImage)]</value>
    <value condition="String.IsEqual(Skin.String(RatingSlot4),rtc)">$INFO[Window(Home).Property(altus.tomatoImage)]</value>
    <value condition="String.IsEqual(Skin.String(RatingSlot4),rta)">$INFO[Window(Home).Property(altus.tomatoUserImage)]</value>
    <value condition="String.IsEqual(Skin.String(RatingSlot4),imdb)">$INFO[Window(Home).Property(altus.imdbImage)]</value>
    <value condition="String.IsEqual(Skin.String(RatingSlot4),imdbpop)">$INFO[Window(Home).Property(altus.popularImage)]</value>
    <value condition="String.IsEqual(Skin.String(RatingSlot4),tmdb)">$INFO[Window(Home).Property(altus.tmdbImage)]</value>
  </variable>

  <variable name="Rating5ImageVar">
    <value condition="String.IsEqual(Skin.String(RatingSlot5),metacritic)">$INFO[Window(Home).Property(altus.metascoreImage)]</value>
    <value condition="String.IsEqual(Skin.String(RatingSlot5),trakt)">$INFO[Window(Home).Property(altus.traktImage)]</value>
    <value condition="String.IsEqual(Skin.String(RatingSlot5),letterboxd)">$INFO[Window(Home).Property(altus.letterboxdImage)]</value>
    <value condition="String.IsEqual(Skin.String(RatingSlot5),mdblist)">$INFO[Window(Home).Property(altus.mdblistImage)]</value>
    <value condition="String.IsEqual(Skin.String(RatingSlot5),rtc)">$INFO[Window(Home).Property(altus.tomatoImage)]</value>
    <value condition="String.IsEqual(Skin.String(RatingSlot5),rta)">$INFO[Window(Home).Property(altus.tomatoUserImage)]</value>
    <value condition="String.IsEqual(Skin.String(RatingSlot5),imdb)">$INFO[Window(Home).Property(altus.imdbImage)]</value>
    <value condition="String.IsEqual(Skin.String(RatingSlot5),imdbpop)">$INFO[Window(Home).Property(altus.popularImage)]</value>
    <value condition="String.IsEqual(Skin.String(RatingSlot5),tmdb)">$INFO[Window(Home).Property(altus.tmdbImage)]</value>
  </variable>

  <variable name="Rating6ImageVar">
    <value condition="String.IsEqual(Skin.String(RatingSlot6),metacritic)">$INFO[Window(Home).Property(altus.metascoreImage)]</value>
    <value condition="String.IsEqual(Skin.String(RatingSlot6),trakt)">$INFO[Window(Home).Property(altus.traktImage)]</value>
    <value condition="String.IsEqual(Skin.String(RatingSlot6),letterboxd)">$INFO[Window(Home).Property(altus.letterboxdImage)]</value>
    <value condition="String.IsEqual(Skin.String(RatingSlot6),mdblist)">$INFO[Window(Home).Property(altus.mdblistImage)]</value>
    <value condition="String.IsEqual(Skin.String(RatingSlot6),rtc)">$INFO[Window(Home).Property(altus.tomatoImage)]</value>
    <value condition="String.IsEqual(Skin.String(RatingSlot6),rta)">$INFO[Window(Home).Property(altus.tomatoUserImage)]</value>
    <value condition="String.IsEqual(Skin.String(RatingSlot6),imdb)">$INFO[Window(Home).Property(altus.imdbImage)]</value>
    <value condition="String.IsEqual(Skin.String(RatingSlot6),imdbpop)">$INFO[Window(Home).Property(altus.popularImage)]</value>
    <value condition="String.IsEqual(Skin.String(RatingSlot6),tmdb)">$INFO[Window(Home).Property(altus.tmdbImage)]</value>
  </variable>

  <variable name="Rating7ImageVar">
    <value condition="String.IsEqual(Skin.String(RatingSlot7),metacritic)">$INFO[Window(Home).Property(altus.metascoreImage)]</value>
    <value condition="String.IsEqual(Skin.String(RatingSlot7),trakt)">$INFO[Window(Home).Property(altus.traktImage)]</value>
    <value condition="String.IsEqual(Skin.String(RatingSlot7),letterboxd)">$INFO[Window(Home).Property(altus.letterboxdImage)]</value>
    <value condition="String.IsEqual(Skin.String(RatingSlot7),mdblist)">$INFO[Window(Home).Property(altus.mdblistImage)]</value>
    <value condition="String.IsEqual(Skin.String(RatingSlot7),rtc)">$INFO[Window(Home).Property(altus.tomatoImage)]</value>
    <value condition="String.IsEqual(Skin.String(RatingSlot7),rta)">$INFO[Window(Home).Property(altus.tomatoUserImage)]</value>
    <value condition="String.IsEqual(Skin.String(RatingSlot7),imdb)">$INFO[Window(Home).Property(altus.imdbImage)]</value>
    <value condition="String.IsEqual(Skin.String(RatingSlot7),imdbpop)">$INFO[Window(Home).Property(altus.popularImage)]</value>
    <value condition="String.IsEqual(Skin.String(RatingSlot7),tmdb)">$INFO[Window(Home).Property(altus.tmdbImage)]</value>
  </variable>

  <!-- Toggle variables for cycling through options -->
  <variable name="Rating1ToggleVar">
    <value condition="String.IsEqual(Skin.String(RatingSlot1),none)">Skin.SetString(RatingSlot1,metacritic)</value>
    <value condition="String.IsEqual(Skin.String(RatingSlot1),metacritic)">Skin.SetString(RatingSlot1,trakt)</value>
    <value condition="String.IsEqual(Skin.String(RatingSlot1),trakt)">Skin.SetString(RatingSlot1,letterboxd)</value>
    <value condition="String.IsEqual(Skin.String(RatingSlot1),letterboxd)">Skin.SetString(RatingSlot1,mdblist)</value>
    <value condition="String.IsEqual(Skin.String(RatingSlot1),mdblist)">Skin.SetString(RatingSlot1,rtc)</value>
    <value condition="String.IsEqual(Skin.String(RatingSlot1),rtc)">Skin.SetString(RatingSlot1,rta)</value>
    <value condition="String.IsEqual(Skin.String(RatingSlot1),rta)">Skin.SetString(RatingSlot1,imdb)</value>
    <value condition="String.IsEqual(Skin.String(RatingSlot1),imdb)">Skin.SetString(RatingSlot1,imdbpop)</value>
    <value condition="String.IsEqual(Skin.String(RatingSlot1),imdbpop)">Skin.SetString(RatingSlot1,tmdb)</value>
    <value condition="String.IsEqual(Skin.String(RatingSlot1),tmdb)">Skin.SetString(RatingSlot1,none)</value>
  </variable>

  <variable name="Rating2ToggleVar">
    <value condition="String.IsEqual(Skin.String(RatingSlot2),none)">Skin.SetString(RatingSlot2,metacritic)</value>
    <value condition="String.IsEqual(Skin.String(RatingSlot2),metacritic)">Skin.SetString(RatingSlot2,trakt)</value>
    <value condition="String.IsEqual(Skin.String(RatingSlot2),trakt)">Skin.SetString(RatingSlot2,letterboxd)</value>
    <value condition="String.IsEqual(Skin.String(RatingSlot2),letterboxd)">Skin.SetString(RatingSlot2,mdblist)</value>
    <value condition="String.IsEqual(Skin.String(RatingSlot2),mdblist)">Skin.SetString(RatingSlot2,rtc)</value>
    <value condition="String.IsEqual(Skin.String(RatingSlot2),rtc)">Skin.SetString(RatingSlot2,rta)</value>
    <value condition="String.IsEqual(Skin.String(RatingSlot2),rta)">Skin.SetString(RatingSlot2,imdb)</value>
    <value condition="String.IsEqual(Skin.String(RatingSlot2),imdb)">Skin.SetString(RatingSlot2,imdbpop)</value>
    <value condition="String.IsEqual(Skin.String(RatingSlot2),imdbpop)">Skin.SetString(RatingSlot2,tmdb)</value>
    <value condition="String.IsEqual(Skin.String(RatingSlot2),tmdb)">Skin.SetString(RatingSlot2,none)</value>
  </variable>

  <variable name="Rating3ToggleVar">
    <value condition="String.IsEqual(Skin.String(RatingSlot3),none)">Skin.SetString(RatingSlot3,metacritic)</value>
    <value condition="String.IsEqual(Skin.String(RatingSlot3),metacritic)">Skin.SetString(RatingSlot3,trakt)</value>
    <value condition="String.IsEqual(Skin.String(RatingSlot3),trakt)">Skin.SetString(RatingSlot3,letterboxd)</value>
    <value condition="String.IsEqual(Skin.String(RatingSlot3),letterboxd)">Skin.SetString(RatingSlot3,mdblist)</value>
    <value condition="String.IsEqual(Skin.String(RatingSlot3),mdblist)">Skin.SetString(RatingSlot3,rtc)</value>
    <value condition="String.IsEqual(Skin.String(RatingSlot3),rtc)">Skin.SetString(RatingSlot3,rta)</value>
    <value condition="String.IsEqual(Skin.String(RatingSlot3),rta)">Skin.SetString(RatingSlot3,imdb)</value>
    <value condition="String.IsEqual(Skin.String(RatingSlot3),imdb)">Skin.SetString(RatingSlot3,imdbpop)</value>
    <value condition="String.IsEqual(Skin.String(RatingSlot3),imdbpop)">Skin.SetString(RatingSlot3,tmdb)</value>
    <value condition="String.IsEqual(Skin.String(RatingSlot3),tmdb)">Skin.SetString(RatingSlot3,none)</value>
  </variable>

  <variable name="Rating4ToggleVar">
    <value condition="String.IsEqual(Skin.String(RatingSlot4),none)">Skin.SetString(RatingSlot4,metacritic)</value>
    <value condition="String.IsEqual(Skin.String(RatingSlot4),metacritic)">Skin.SetString(RatingSlot4,trakt)</value>
    <value condition="String.IsEqual(Skin.String(RatingSlot4),trakt)">Skin.SetString(RatingSlot4,letterboxd)</value>
    <value condition="String.IsEqual(Skin.String(RatingSlot4),letterboxd)">Skin.SetString(RatingSlot4,mdblist)</value>
    <value condition="String.IsEqual(Skin.String(RatingSlot4),mdblist)">Skin.SetString(RatingSlot4,rtc)</value>
    <value condition="String.IsEqual(Skin.String(RatingSlot4),rtc)">Skin.SetString(RatingSlot4,rta)</value>
    <value condition="String.IsEqual(Skin.String(RatingSlot4),rta)">Skin.SetString(RatingSlot4,imdb)</value>
    <value condition="String.IsEqual(Skin.String(RatingSlot4),imdb)">Skin.SetString(RatingSlot4,imdbpop)</value>
    <value condition="String.IsEqual(Skin.String(RatingSlot4),imdbpop)">Skin.SetString(RatingSlot4,tmdb)</value>
    <value condition="String.IsEqual(Skin.String(RatingSlot4),tmdb)">Skin.SetString(RatingSlot4,none)</value>
  </variable>

  <variable name="Rating5ToggleVar">
    <value condition="String.IsEqual(Skin.String(RatingSlot5),none)">Skin.SetString(RatingSlot5,metacritic)</value>
    <value condition="String.IsEqual(Skin.String(RatingSlot5),metacritic)">Skin.SetString(RatingSlot5,trakt)</value>
    <value condition="String.IsEqual(Skin.String(RatingSlot5),trakt)">Skin.SetString(RatingSlot5,letterboxd)</value>
    <value condition="String.IsEqual(Skin.String(RatingSlot5),letterboxd)">Skin.SetString(RatingSlot5,mdblist)</value>
    <value condition="String.IsEqual(Skin.String(RatingSlot5),mdblist)">Skin.SetString(RatingSlot5,rtc)</value>
    <value condition="String.IsEqual(Skin.String(RatingSlot5),rtc)">Skin.SetString(RatingSlot5,rta)</value>
    <value condition="String.IsEqual(Skin.String(RatingSlot5),rta)">Skin.SetString(RatingSlot5,imdb)</value>
    <value condition="String.IsEqual(Skin.String(RatingSlot5),imdb)">Skin.SetString(RatingSlot5,imdbpop)</value>
    <value condition="String.IsEqual(Skin.String(RatingSlot5),imdbpop)">Skin.SetString(RatingSlot5,tmdb)</value>
    <value condition="String.IsEqual(Skin.String(RatingSlot5),tmdb)">Skin.SetString(RatingSlot5,none)</value>
  </variable>

  <variable name="Rating6ToggleVar">
    <value condition="String.IsEqual(Skin.String(RatingSlot6),none)">Skin.SetString(RatingSlot6,metacritic)</value>
    <value condition="String.IsEqual(Skin.String(RatingSlot6),metacritic)">Skin.SetString(RatingSlot6,trakt)</value>
    <value condition="String.IsEqual(Skin.String(RatingSlot6),trakt)">Skin.SetString(RatingSlot6,letterboxd)</value>
    <value condition="String.IsEqual(Skin.String(RatingSlot6),letterboxd)">Skin.SetString(RatingSlot6,mdblist)</value>
    <value condition="String.IsEqual(Skin.String(RatingSlot6),mdblist)">Skin.SetString(RatingSlot6,rtc)</value>
    <value condition="String.IsEqual(Skin.String(RatingSlot6),rtc)">Skin.SetString(RatingSlot6,rta)</value>
    <value condition="String.IsEqual(Skin.String(RatingSlot6),rta)">Skin.SetString(RatingSlot6,imdb)</value>
    <value condition="String.IsEqual(Skin.String(RatingSlot6),imdb)">Skin.SetString(RatingSlot6,imdbpop)</value>
    <value condition="String.IsEqual(Skin.String(RatingSlot6),imdbpop)">Skin.SetString(RatingSlot6,tmdb)</value>
    <value condition="String.IsEqual(Skin.String(RatingSlot6),tmdb)">Skin.SetString(RatingSlot6,none)</value>
  </variable>

  <variable name="Rating7ToggleVar">
    <value condition="String.IsEqual(Skin.String(RatingSlot7),none)">Skin.SetString(RatingSlot7,metacritic)</value>
    <value condition="String.IsEqual(Skin.String(RatingSlot7),metacritic)">Skin.SetString(RatingSlot7,trakt)</value>
    <value condition="String.IsEqual(Skin.String(RatingSlot7),trakt)">Skin.SetString(RatingSlot7,letterboxd)</value>
    <value condition="String.IsEqual(Skin.String(RatingSlot7),letterboxd)">Skin.SetString(RatingSlot7,mdblist)</value>
    <value condition="String.IsEqual(Skin.String(RatingSlot7),mdblist)">Skin.SetString(RatingSlot7,rtc)</value>
    <value condition="String.IsEqual(Skin.String(RatingSlot7),rtc)">Skin.SetString(RatingSlot7,rta)</value>
    <value condition="String.IsEqual(Skin.String(RatingSlot7),rta)">Skin.SetString(RatingSlot7,imdb)</value>
    <value condition="String.IsEqual(Skin.String(RatingSlot7),imdb)">Skin.SetString(RatingSlot7,imdbpop)</value>
    <value condition="String.IsEqual(Skin.String(RatingSlot7),imdbpop)">Skin.SetString(RatingSlot7,tmdb)</value>
    <value condition="String.IsEqual(Skin.String(RatingSlot7),tmdb)">Skin.SetString(RatingSlot7,none)</value>
  </variable>

  <include name="VerticalRatingSlotTemplate">
    <control type="grouplist">
      <width>150</width>
      <height>80</height>
      <orientation>vertical</orientation>
      <itemgap>10</itemgap>
      <align>center</align>
      <visible>[!String.IsEqual(Skin.String($PARAM[rating_slot]),none) + 
          [
              [String.IsEqual(Skin.String($PARAM[rating_slot]),metacritic) + !String.IsEmpty(Window(Home).Property(altus.metascore))] | 
              [String.IsEqual(Skin.String($PARAM[rating_slot]),trakt) + !String.IsEmpty(Window(Home).Property(altus.traktRating))] |
              [String.IsEqual(Skin.String($PARAM[rating_slot]),letterboxd) + !String.IsEmpty(Window(Home).Property(altus.letterboxdRating))] |
              [String.IsEqual(Skin.String($PARAM[rating_slot]),mdblist) + !String.IsEmpty(Window(Home).Property(altus.mdblistRating))] |
              [String.IsEqual(Skin.String($PARAM[rating_slot]),rtc) + !String.IsEmpty(Window(Home).Property(altus.tomatoMeter))] |
              [String.IsEqual(Skin.String($PARAM[rating_slot]),rta) + !String.IsEmpty(Window(Home).Property(altus.tomatoUserMeter))] |
              [String.IsEqual(Skin.String($PARAM[rating_slot]),imdb) + !String.IsEmpty(Window(Home).Property(altus.imdbRating))] |
              [String.IsEqual(Skin.String($PARAM[rating_slot]),imdbpop) + !String.IsEmpty(Window(Home).Property(altus.popularRating))] |
              [String.IsEqual(Skin.String($PARAM[rating_slot]),tmdb) + !String.IsEmpty(Window(Home).Property(altus.tmdbRating))]
          ]
      ]</visible>
      <control type="image">
        <width>150</width>
        <height>38</height>
        <aspectratio align="center" aligny="center">keep</aspectratio>
        <include condition="String.IsEqual(Skin.String($PARAM[rating_slot]),metacritic)">MetacriticRatingImageWidth</include>
        <include condition="String.IsEqual(Skin.String($PARAM[rating_slot]),trakt)">TraktRatingImageWidth</include>
        <include condition="String.IsEqual(Skin.String($PARAM[rating_slot]),letterboxd)">LetterboxdRatingImageWidth</include>
        <include condition="String.IsEqual(Skin.String($PARAM[rating_slot]),mdblist)">MDbListRatingImageWidth</include>
        <include condition="String.IsEqual(Skin.String($PARAM[rating_slot]),rtc)">RTCRatingImageWidth</include>
        <include condition="String.IsEqual(Skin.String($PARAM[rating_slot]),rta)">RTARatingImageWidth</include>
        <include condition="String.IsEqual(Skin.String($PARAM[rating_slot]),imdb)">IMDbRatingImageWidth</include>
        <include condition="String.IsEqual(Skin.String($PARAM[rating_slot]),imdbpop)">IMDbPopRatingImageWidth</include>
        <include condition="String.IsEqual(Skin.String($PARAM[rating_slot]),tmdb)">TMDbRatingImageWidth</include>
        <texture>$PARAM[rating_image]</texture>
      </control>
      <control type="label">
        <width>150</width>
        <height>38</height>
        <align>center</align>
        <aligny>center</aligny>
        <label>$PARAM[rating_value]</label>
        <font>font27</font>
        <textcolor>unfocused_text</textcolor>
      </control>
    </control>
  </include>

  <include name="HorizontalRatingSlotTemplate">
    <control type="grouplist">
      <width>130</width>
      <orientation>horizontal</orientation>
      <itemgap>5</itemgap>
      <align>left</align>
      <visible>[!String.IsEqual(Skin.String($PARAM[rating_slot]),none) + 
        [
            [String.IsEqual(Skin.String($PARAM[rating_slot]),metacritic) + !String.IsEmpty(Window(Home).Property(altus.metascore))] | 
            [String.IsEqual(Skin.String($PARAM[rating_slot]),trakt) + !String.IsEmpty(Window(Home).Property(altus.traktRating))] |
            [String.IsEqual(Skin.String($PARAM[rating_slot]),letterboxd) + !String.IsEmpty(Window(Home).Property(altus.letterboxdRating))] |
            [String.IsEqual(Skin.String($PARAM[rating_slot]),mdblist) + !String.IsEmpty(Window(Home).Property(altus.mdblistRating))] |
            [String.IsEqual(Skin.String($PARAM[rating_slot]),rtc) + !String.IsEmpty(Window(Home).Property(altus.tomatoMeter))] |
            [String.IsEqual(Skin.String($PARAM[rating_slot]),rta) + !String.IsEmpty(Window(Home).Property(altus.tomatoUserMeter))] |
            [String.IsEqual(Skin.String($PARAM[rating_slot]),imdb) + !String.IsEmpty(Window(Home).Property(altus.imdbRating))] |
            [String.IsEqual(Skin.String($PARAM[rating_slot]),imdbpop) + !String.IsEmpty(Window(Home).Property(altus.popularRating))] |
            [String.IsEqual(Skin.String($PARAM[rating_slot]),tmdb) + !String.IsEmpty(Window(Home).Property(altus.tmdbRating))]
        ]
      ]</visible>
      <control type="image">
        <include condition="String.IsEqual(Skin.String($PARAM[rating_slot]),metacritic)">MetacriticRatingImageWidth</include>
        <include condition="String.IsEqual(Skin.String($PARAM[rating_slot]),trakt)">TraktRatingImageWidth</include>
        <include condition="String.IsEqual(Skin.String($PARAM[rating_slot]),letterboxd)">LetterboxdRatingImageWidth</include>
        <include condition="String.IsEqual(Skin.String($PARAM[rating_slot]),mdblist)">MDbListRatingImageWidth</include>
        <include condition="String.IsEqual(Skin.String($PARAM[rating_slot]),rtc)">RTCRatingImageWidth</include>
        <include condition="String.IsEqual(Skin.String($PARAM[rating_slot]),rta)">RTARatingImageWidth</include>
        <include condition="String.IsEqual(Skin.String($PARAM[rating_slot]),imdb)">IMDbRatingImageWidth</include>
        <include condition="String.IsEqual(Skin.String($PARAM[rating_slot]),imdbpop)">IMDbPopRatingImageWidth</include>
        <include condition="String.IsEqual(Skin.String($PARAM[rating_slot]),tmdb)">TMDbRatingImageWidth</include>
        <height>38</height>
        <aspectratio>keep</aspectratio>
        <align>left</align>
        <aligny>center</aligny>
        <texture>$PARAM[rating_image]</texture>
      </control>
      <control type="label">
        <include condition="String.IsEqual(Skin.String($PARAM[rating_slot]),metacritic)">MetacriticRatingLabelWidth</include>
        <include condition="String.IsEqual(Skin.String($PARAM[rating_slot]),trakt)">TraktRatingLabelWidth</include>
        <include condition="String.IsEqual(Skin.String($PARAM[rating_slot]),letterboxd)">LetterboxdRatingLabelWidth</include>
        <include condition="String.IsEqual(Skin.String($PARAM[rating_slot]),mdblist)">MDbListRatingLabelWidth</include>
        <include condition="String.IsEqual(Skin.String($PARAM[rating_slot]),rtc)">RTCRatingLabelWidth</include>
        <include condition="String.IsEqual(Skin.String($PARAM[rating_slot]),rta)">RTARatingLabelWidth</include>
        <include condition="String.IsEqual(Skin.String($PARAM[rating_slot]),imdb)">IMDbRatingLabelWidth</include>
        <include condition="String.IsEqual(Skin.String($PARAM[rating_slot]),imdbpop)">IMDbPopRatingLabelWidth</include>
        <include condition="String.IsEqual(Skin.String($PARAM[rating_slot]),tmdb)">TMDbRatingLabelWidth</include>
        <height>38</height>
        <align>left</align>
        <aligny>left</aligny>
        <textoffsety>1</textoffsety>
        <label>$PARAM[rating_value]</label>
        <font>font27</font>
        <textcolor>unfocused_text</textcolor>
      </control>
    </control>
  </include>

  <include name="HorizontalRatings">
		<param name="align">left</param>
		<param name="top"></param>
		<param name="left"></param>
		<param name="visible">!String.IsEmpty(ListItem.Genre) + [$EXP[isMovie] | $EXP[isTVShow] | $EXP[isSeason] | String.StartsWith(ListItem.Path,plugin://plugin.video.mediafusion)] + 
		[
			[[Window.IsVisible(Home) | Window.IsVisible(1121)] + !Skin.HasSetting(Disable.HomePanelRatings)] | [Control.IsVisible(51) + !Skin.HasSetting(Disable.51Ratings)] | [Control.IsVisible(53) + !Skin.HasSetting(Disable.53Ratings)] | [Control.IsVisible(54) + !Skin.HasSetting(Disable.54Ratings)] | [Control.IsVisible(55) + !Skin.HasSetting(Disable.55Ratings)] | [Control.IsVisible(56) + !Skin.HasSetting(Disable.56Ratings)]
		] + 
		[
			[String.IsEqual(Skin.String(RatingSlot1),metacritic) + !String.IsEmpty(Window(Home).Property(altus.metascore))] | 
			[String.IsEqual(Skin.String(RatingSlot1),trakt) + !String.IsEmpty(Window(Home).Property(altus.traktRating))] |
			[String.IsEqual(Skin.String(RatingSlot1),letterboxd) + !String.IsEmpty(Window(Home).Property(altus.letterboxdRating))] |
			[String.IsEqual(Skin.String(RatingSlot1),mdblist) + !String.IsEmpty(Window(Home).Property(altus.mdblistRating))] |
			[String.IsEqual(Skin.String(RatingSlot1),rtc) + !String.IsEmpty(Window(Home).Property(altus.tomatoMeter))] |
			[String.IsEqual(Skin.String(RatingSlot1),rta) + !String.IsEmpty(Window(Home).Property(altus.tomatoUserMeter))] |
			[String.IsEqual(Skin.String(RatingSlot1),imdb) + !String.IsEmpty(Window(Home).Property(altus.imdbRating))] |
			[String.IsEqual(Skin.String(RatingSlot1),imdbpop) + !String.IsEmpty(Window(Home).Property(altus.popularRating))] |
			[String.IsEqual(Skin.String(RatingSlot1),tmdb) + !String.IsEmpty(Window(Home).Property(altus.tmdbRating))] |
			[String.IsEqual(Skin.String(RatingSlot2),metacritic) + !String.IsEmpty(Window(Home).Property(altus.metascore))] |
			[String.IsEqual(Skin.String(RatingSlot2),trakt) + !String.IsEmpty(Window(Home).Property(altus.traktRating))] |
			[String.IsEqual(Skin.String(RatingSlot2),letterboxd) + !String.IsEmpty(Window(Home).Property(altus.letterboxdRating))] |
			[String.IsEqual(Skin.String(RatingSlot2),mdblist) + !String.IsEmpty(Window(Home).Property(altus.mdblistRating))] |
			[String.IsEqual(Skin.String(RatingSlot2),rtc) + !String.IsEmpty(Window(Home).Property(altus.tomatoMeter))] |
			[String.IsEqual(Skin.String(RatingSlot2),rta) + !String.IsEmpty(Window(Home).Property(altus.tomatoUserMeter))] |
			[String.IsEqual(Skin.String(RatingSlot2),imdb) + !String.IsEmpty(Window(Home).Property(altus.imdbRating))] |
			[String.IsEqual(Skin.String(RatingSlot2),imdbpop) + !String.IsEmpty(Window(Home).Property(altus.popularRating))] |
			[String.IsEqual(Skin.String(RatingSlot2),tmdb) + !String.IsEmpty(Window(Home).Property(altus.tmdbRating))] |
			[String.IsEqual(Skin.String(RatingSlot3),metacritic) + !String.IsEmpty(Window(Home).Property(altus.metascore))] |
			[String.IsEqual(Skin.String(RatingSlot3),trakt) + !String.IsEmpty(Window(Home).Property(altus.traktRating))] |
			[String.IsEqual(Skin.String(RatingSlot3),letterboxd) + !String.IsEmpty(Window(Home).Property(altus.letterboxdRating))] |
			[String.IsEqual(Skin.String(RatingSlot3),mdblist) + !String.IsEmpty(Window(Home).Property(altus.mdblistRating))] |
			[String.IsEqual(Skin.String(RatingSlot3),rtc) + !String.IsEmpty(Window(Home).Property(altus.tomatoMeter))] |
			[String.IsEqual(Skin.String(RatingSlot3),rta) + !String.IsEmpty(Window(Home).Property(altus.tomatoUserMeter))] |
			[String.IsEqual(Skin.String(RatingSlot3),imdb) + !String.IsEmpty(Window(Home).Property(altus.imdbRating))] |
			[String.IsEqual(Skin.String(RatingSlot3),imdbpop) + !String.IsEmpty(Window(Home).Property(altus.popularRating))] |
			[String.IsEqual(Skin.String(RatingSlot3),tmdb) + !String.IsEmpty(Window(Home).Property(altus.tmdbRating))] |
			[String.IsEqual(Skin.String(RatingSlot4),metacritic) + !String.IsEmpty(Window(Home).Property(altus.metascore))] |
			[String.IsEqual(Skin.String(RatingSlot4),trakt) + !String.IsEmpty(Window(Home).Property(altus.traktRating))] |
			[String.IsEqual(Skin.String(RatingSlot4),letterboxd) + !String.IsEmpty(Window(Home).Property(altus.letterboxdRating))] |
			[String.IsEqual(Skin.String(RatingSlot4),mdblist) + !String.IsEmpty(Window(Home).Property(altus.mdblistRating))] |
			[String.IsEqual(Skin.String(RatingSlot4),rtc) + !String.IsEmpty(Window(Home).Property(altus.tomatoMeter))] |
			[String.IsEqual(Skin.String(RatingSlot4),rta) + !String.IsEmpty(Window(Home).Property(altus.tomatoUserMeter))] |
			[String.IsEqual(Skin.String(RatingSlot4),imdb) + !String.IsEmpty(Window(Home).Property(altus.imdbRating))] |
			[String.IsEqual(Skin.String(RatingSlot4),imdbpop) + !String.IsEmpty(Window(Home).Property(altus.popularRating))] |
			[String.IsEqual(Skin.String(RatingSlot4),tmdb) + !String.IsEmpty(Window(Home).Property(altus.tmdbRating))] |
			[String.IsEqual(Skin.String(RatingSlot5),metacritic) + !String.IsEmpty(Window(Home).Property(altus.metascore))] |
			[String.IsEqual(Skin.String(RatingSlot5),trakt) + !String.IsEmpty(Window(Home).Property(altus.traktRating))] |
			[String.IsEqual(Skin.String(RatingSlot5),letterboxd) + !String.IsEmpty(Window(Home).Property(altus.letterboxdRating))] |
			[String.IsEqual(Skin.String(RatingSlot5),mdblist) + !String.IsEmpty(Window(Home).Property(altus.mdblistRating))] |
			[String.IsEqual(Skin.String(RatingSlot5),rtc) + !String.IsEmpty(Window(Home).Property(altus.tomatoMeter))] |
			[String.IsEqual(Skin.String(RatingSlot5),rta) + !String.IsEmpty(Window(Home).Property(altus.tomatoUserMeter))] |
			[String.IsEqual(Skin.String(RatingSlot5),imdb) + !String.IsEmpty(Window(Home).Property(altus.imdbRating))] |
			[String.IsEqual(Skin.String(RatingSlot5),imdbpop) + !String.IsEmpty(Window(Home).Property(altus.popularRating))] |
			[String.IsEqual(Skin.String(RatingSlot5),tmdb) + !String.IsEmpty(Window(Home).Property(altus.tmdbRating))] |
			[String.IsEqual(Skin.String(RatingSlot6),metacritic) + !String.IsEmpty(Window(Home).Property(altus.metascore))] |
			[String.IsEqual(Skin.String(RatingSlot6),trakt) + !String.IsEmpty(Window(Home).Property(altus.traktRating))] |
			[String.IsEqual(Skin.String(RatingSlot6),letterboxd) + !String.IsEmpty(Window(Home).Property(altus.letterboxdRating))] |
			[String.IsEqual(Skin.String(RatingSlot6),mdblist) + !String.IsEmpty(Window(Home).Property(altus.mdblistRating))] |
			[String.IsEqual(Skin.String(RatingSlot6),rtc) + !String.IsEmpty(Window(Home).Property(altus.tomatoMeter))] |
			[String.IsEqual(Skin.String(RatingSlot6),rta) + !String.IsEmpty(Window(Home).Property(altus.tomatoUserMeter))] |
			[String.IsEqual(Skin.String(RatingSlot6),imdb) + !String.IsEmpty(Window(Home).Property(altus.imdbRating))] |
			[String.IsEqual(Skin.String(RatingSlot6),imdbpop) + !String.IsEmpty(Window(Home).Property(altus.popularRating))] |
			[String.IsEqual(Skin.String(RatingSlot6),tmdb) + !String.IsEmpty(Window(Home).Property(altus.tmdbRating))] |
			[String.IsEqual(Skin.String(RatingSlot7),metacritic) + !String.IsEmpty(Window(Home).Property(altus.metascore))] |
			[String.IsEqual(Skin.String(RatingSlot7),trakt) + !String.IsEmpty(Window(Home).Property(altus.traktRating))] |
			[String.IsEqual(Skin.String(RatingSlot7),letterboxd) + !String.IsEmpty(Window(Home).Property(altus.letterboxdRating))] |
			[String.IsEqual(Skin.String(RatingSlot7),mdblist) + !String.IsEmpty(Window(Home).Property(altus.mdblistRating))] |
			[String.IsEqual(Skin.String(RatingSlot7),rtc) + !String.IsEmpty(Window(Home).Property(altus.tomatoMeter))] |
			[String.IsEqual(Skin.String(RatingSlot7),rta) + !String.IsEmpty(Window(Home).Property(altus.tomatoUserMeter))] |
			[String.IsEqual(Skin.String(RatingSlot7),imdb) + !String.IsEmpty(Window(Home).Property(altus.imdbRating))] |
			[String.IsEqual(Skin.String(RatingSlot7),imdbpop) + !String.IsEmpty(Window(Home).Property(altus.popularRating))] |
			[String.IsEqual(Skin.String(RatingSlot7),tmdb) + !String.IsEmpty(Window(Home).Property(altus.tmdbRating))]
		]</param>
		<definition>
			<control type="grouplist">
				<height>38</height>
				<orientation>horizontal</orientation>
				<itemgap>20</itemgap>
				<aligny>center</aligny>
				<top>$PARAM[top]</top>
				<left>$PARAM[left]</left>
				<align>$PARAM[align]</align>
				<visible>$PARAM[visible]</visible>
				<include content="HorizontalRatingSlotTemplate">
					<param name="rating_slot" value="RatingSlot1"/>
					<param name="rating_image" value="$VAR[Rating1ImageVar]"/>
					<param name="rating_value" value="$VAR[Rating1ValueVar]"/>
				</include>
				<include content="HorizontalRatingSlotTemplate">
					<param name="rating_slot" value="RatingSlot2"/>
					<param name="rating_image" value="$VAR[Rating2ImageVar]"/>
					<param name="rating_value" value="$VAR[Rating2ValueVar]"/>
				</include>
				<include content="HorizontalRatingSlotTemplate">
					<param name="rating_slot" value="RatingSlot3"/>
					<param name="rating_image" value="$VAR[Rating3ImageVar]"/>
					<param name="rating_value" value="$VAR[Rating3ValueVar]"/>
				</include>
				<include content="HorizontalRatingSlotTemplate">
					<param name="rating_slot" value="RatingSlot4"/>
					<param name="rating_image" value="$VAR[Rating4ImageVar]"/>
					<param name="rating_value" value="$VAR[Rating4ValueVar]"/>
				</include>
				<include content="HorizontalRatingSlotTemplate">
					<param name="rating_slot" value="RatingSlot5"/>
					<param name="rating_image" value="$VAR[Rating5ImageVar]"/>
					<param name="rating_value" value="$VAR[Rating5ValueVar]"/>
				</include>
				<include content="HorizontalRatingSlotTemplate">
					<param name="rating_slot" value="RatingSlot6"/>
					<param name="rating_image" value="$VAR[Rating6ImageVar]"/>
					<param name="rating_value" value="$VAR[Rating6ValueVar]"/>
				</include>
				<include content="HorizontalRatingSlotTemplate">
					<param name="rating_slot" value="RatingSlot7"/>
					<param name="rating_image" value="$VAR[Rating7ImageVar]"/>
					<param name="rating_value" value="$VAR[Rating7ValueVar]"/>
				</include>
				<control type="image">
					<width>50</width>
					<height>38</height>
					<aspectratio align="center" aligny="center">keep</aspectratio>
					<texture colordiffuse="$VAR[FocusColorTheme]">$VAR[CollectionStatus]</texture>
					<!-- <animation effect="fade" time="300">VisibleChange</animation> -->
					<visible>
						[!String.EndsWith(Container.PluginCategory,Collection) + !String.EndsWith(Container.PluginCategory,Saga) | String.IsEqual(Container.PluginCategory,Movies Collection)] + 
						String.IsEqual(Window(Home).Property(altus.belongs_to_collection),true) + 
						[
								[String.IsEqual(Skin.String(RatingSlot1),metacritic) + !String.IsEmpty(Window(Home).Property(altus.metascore))] | 
								[String.IsEqual(Skin.String(RatingSlot1),trakt) + !String.IsEmpty(Window(Home).Property(altus.traktRating))] |
								[String.IsEqual(Skin.String(RatingSlot1),letterboxd) + !String.IsEmpty(Window(Home).Property(altus.letterboxdRating))] |
								[String.IsEqual(Skin.String(RatingSlot1),mdblist) + !String.IsEmpty(Window(Home).Property(altus.mdblistRating))] |
								[String.IsEqual(Skin.String(RatingSlot1),rtc) + !String.IsEmpty(Window(Home).Property(altus.tomatoMeter))] |
								[String.IsEqual(Skin.String(RatingSlot1),rta) + !String.IsEmpty(Window(Home).Property(altus.tomatoUserMeter))] |
								[String.IsEqual(Skin.String(RatingSlot1),imdb) + !String.IsEmpty(Window(Home).Property(altus.imdbRating))] |
								[String.IsEqual(Skin.String(RatingSlot1),imdbpop) + !String.IsEmpty(Window(Home).Property(altus.popularRating))] |
								[String.IsEqual(Skin.String(RatingSlot1),tmdb) + !String.IsEmpty(Window(Home).Property(altus.tmdbRating))] |
								[String.IsEqual(Skin.String(RatingSlot2),metacritic) + !String.IsEmpty(Window(Home).Property(altus.metascore))] |
								[String.IsEqual(Skin.String(RatingSlot2),trakt) + !String.IsEmpty(Window(Home).Property(altus.traktRating))] |
								[String.IsEqual(Skin.String(RatingSlot2),letterboxd) + !String.IsEmpty(Window(Home).Property(altus.letterboxdRating))] |
								[String.IsEqual(Skin.String(RatingSlot2),mdblist) + !String.IsEmpty(Window(Home).Property(altus.mdblistRating))] |
								[String.IsEqual(Skin.String(RatingSlot2),rtc) + !String.IsEmpty(Window(Home).Property(altus.tomatoMeter))] |
								[String.IsEqual(Skin.String(RatingSlot2),rta) + !String.IsEmpty(Window(Home).Property(altus.tomatoUserMeter))] |
								[String.IsEqual(Skin.String(RatingSlot2),imdb) + !String.IsEmpty(Window(Home).Property(altus.imdbRating))] |
								[String.IsEqual(Skin.String(RatingSlot2),imdbpop) + !String.IsEmpty(Window(Home).Property(altus.popularRating))] |
								[String.IsEqual(Skin.String(RatingSlot2),tmdb) + !String.IsEmpty(Window(Home).Property(altus.tmdbRating))] |
								[String.IsEqual(Skin.String(RatingSlot3),metacritic) + !String.IsEmpty(Window(Home).Property(altus.metascore))] |
								[String.IsEqual(Skin.String(RatingSlot3),trakt) + !String.IsEmpty(Window(Home).Property(altus.traktRating))] |
								[String.IsEqual(Skin.String(RatingSlot3),letterboxd) + !String.IsEmpty(Window(Home).Property(altus.letterboxdRating))] |
								[String.IsEqual(Skin.String(RatingSlot3),mdblist) + !String.IsEmpty(Window(Home).Property(altus.mdblistRating))] |
								[String.IsEqual(Skin.String(RatingSlot3),rtc) + !String.IsEmpty(Window(Home).Property(altus.tomatoMeter))] |
								[String.IsEqual(Skin.String(RatingSlot3),rta) + !String.IsEmpty(Window(Home).Property(altus.tomatoUserMeter))] |
								[String.IsEqual(Skin.String(RatingSlot3),imdb) + !String.IsEmpty(Window(Home).Property(altus.imdbRating))] |
								[String.IsEqual(Skin.String(RatingSlot3),imdbpop) + !String.IsEmpty(Window(Home).Property(altus.popularRating))] |
								[String.IsEqual(Skin.String(RatingSlot3),tmdb) + !String.IsEmpty(Window(Home).Property(altus.tmdbRating))] |
								[String.IsEqual(Skin.String(RatingSlot4),metacritic) + !String.IsEmpty(Window(Home).Property(altus.metascore))] |
								[String.IsEqual(Skin.String(RatingSlot4),trakt) + !String.IsEmpty(Window(Home).Property(altus.traktRating))] |
								[String.IsEqual(Skin.String(RatingSlot4),letterboxd) + !String.IsEmpty(Window(Home).Property(altus.letterboxdRating))] |
								[String.IsEqual(Skin.String(RatingSlot4),mdblist) + !String.IsEmpty(Window(Home).Property(altus.mdblistRating))] |
								[String.IsEqual(Skin.String(RatingSlot4),rtc) + !String.IsEmpty(Window(Home).Property(altus.tomatoMeter))] |
								[String.IsEqual(Skin.String(RatingSlot4),rta) + !String.IsEmpty(Window(Home).Property(altus.tomatoUserMeter))] |
								[String.IsEqual(Skin.String(RatingSlot4),imdb) + !String.IsEmpty(Window(Home).Property(altus.imdbRating))] |
								[String.IsEqual(Skin.String(RatingSlot4),imdbpop) + !String.IsEmpty(Window(Home).Property(altus.popularRating))] |
								[String.IsEqual(Skin.String(RatingSlot4),tmdb) + !String.IsEmpty(Window(Home).Property(altus.tmdbRating))] |
								[String.IsEqual(Skin.String(RatingSlot5),metacritic) + !String.IsEmpty(Window(Home).Property(altus.metascore))] |
								[String.IsEqual(Skin.String(RatingSlot5),trakt) + !String.IsEmpty(Window(Home).Property(altus.traktRating))] |
								[String.IsEqual(Skin.String(RatingSlot5),letterboxd) + !String.IsEmpty(Window(Home).Property(altus.letterboxdRating))] |
								[String.IsEqual(Skin.String(RatingSlot5),mdblist) + !String.IsEmpty(Window(Home).Property(altus.mdblistRating))] |
								[String.IsEqual(Skin.String(RatingSlot5),rtc) + !String.IsEmpty(Window(Home).Property(altus.tomatoMeter))] |
								[String.IsEqual(Skin.String(RatingSlot5),rta) + !String.IsEmpty(Window(Home).Property(altus.tomatoUserMeter))] |
								[String.IsEqual(Skin.String(RatingSlot5),imdb) + !String.IsEmpty(Window(Home).Property(altus.imdbRating))] |
								[String.IsEqual(Skin.String(RatingSlot5),imdbpop) + !String.IsEmpty(Window(Home).Property(altus.popularRating))] |
								[String.IsEqual(Skin.String(RatingSlot5),tmdb) + !String.IsEmpty(Window(Home).Property(altus.tmdbRating))] |
								[String.IsEqual(Skin.String(RatingSlot6),metacritic) + !String.IsEmpty(Window(Home).Property(altus.metascore))] |
								[String.IsEqual(Skin.String(RatingSlot6),trakt) + !String.IsEmpty(Window(Home).Property(altus.traktRating))] |
								[String.IsEqual(Skin.String(RatingSlot6),letterboxd) + !String.IsEmpty(Window(Home).Property(altus.letterboxdRating))] |
								[String.IsEqual(Skin.String(RatingSlot6),mdblist) + !String.IsEmpty(Window(Home).Property(altus.mdblistRating))] |
								[String.IsEqual(Skin.String(RatingSlot6),rtc) + !String.IsEmpty(Window(Home).Property(altus.tomatoMeter))] |
								[String.IsEqual(Skin.String(RatingSlot6),rta) + !String.IsEmpty(Window(Home).Property(altus.tomatoUserMeter))] |
								[String.IsEqual(Skin.String(RatingSlot6),imdb) + !String.IsEmpty(Window(Home).Property(altus.imdbRating))] |
								[String.IsEqual(Skin.String(RatingSlot6),imdbpop) + !String.IsEmpty(Window(Home).Property(altus.popularRating))] |
								[String.IsEqual(Skin.String(RatingSlot6),tmdb) + !String.IsEmpty(Window(Home).Property(altus.tmdbRating))] |
								[String.IsEqual(Skin.String(RatingSlot7),metacritic) + !String.IsEmpty(Window(Home).Property(altus.metascore))] |
								[String.IsEqual(Skin.String(RatingSlot7),trakt) + !String.IsEmpty(Window(Home).Property(altus.traktRating))] |
								[String.IsEqual(Skin.String(RatingSlot7),letterboxd) + !String.IsEmpty(Window(Home).Property(altus.letterboxdRating))] |
								[String.IsEqual(Skin.String(RatingSlot7),mdblist) + !String.IsEmpty(Window(Home).Property(altus.mdblistRating))] |
								[String.IsEqual(Skin.String(RatingSlot7),rtc) + !String.IsEmpty(Window(Home).Property(altus.tomatoMeter))] |
								[String.IsEqual(Skin.String(RatingSlot7),rta) + !String.IsEmpty(Window(Home).Property(altus.tomatoUserMeter))] |
								[String.IsEqual(Skin.String(RatingSlot7),imdb) + !String.IsEmpty(Window(Home).Property(altus.imdbRating))] |
								[String.IsEqual(Skin.String(RatingSlot7),imdbpop) + !String.IsEmpty(Window(Home).Property(altus.popularRating))] |
								[String.IsEqual(Skin.String(RatingSlot7),tmdb) + !String.IsEmpty(Window(Home).Property(altus.tmdbRating))]
						]
					</visible>
				</control>
			</control>
		</definition>
	</include>

  <include name="VerticalRatings">
    <include content="VerticalRatingSlotTemplate">
      <param name="rating_slot" value="RatingSlot1"/>
      <param name="rating_image" value="$VAR[Rating1ImageVar]"/>
      <param name="rating_value" value="$VAR[Rating1ValueVar]"/>
    </include>
    <include content="VerticalRatingSlotTemplate">
      <param name="rating_slot" value="RatingSlot2"/>
      <param name="rating_image" value="$VAR[Rating2ImageVar]"/>
      <param name="rating_value" value="$VAR[Rating2ValueVar]"/>
    </include>
    <include content="VerticalRatingSlotTemplate">
      <param name="rating_slot" value="RatingSlot3"/>
      <param name="rating_image" value="$VAR[Rating3ImageVar]"/>
      <param name="rating_value" value="$VAR[Rating3ValueVar]"/>
    </include>
    <include content="VerticalRatingSlotTemplate">
      <param name="rating_slot" value="RatingSlot4"/>
      <param name="rating_image" value="$VAR[Rating4ImageVar]"/>
      <param name="rating_value" value="$VAR[Rating4ValueVar]"/>
    </include>
    <include content="VerticalRatingSlotTemplate">
      <param name="rating_slot" value="RatingSlot5"/>
      <param name="rating_image" value="$VAR[Rating5ImageVar]"/>
      <param name="rating_value" value="$VAR[Rating5ValueVar]"/>
    </include>
    <include content="VerticalRatingSlotTemplate">
      <param name="rating_slot" value="RatingSlot6"/>
      <param name="rating_image" value="$VAR[Rating6ImageVar]"/>
      <param name="rating_value" value="$VAR[Rating6ValueVar]"/>
    </include>
    <include content="VerticalRatingSlotTemplate">
      <param name="rating_slot" value="RatingSlot7"/>
      <param name="rating_image" value="$VAR[Rating7ImageVar]"/>
      <param name="rating_value" value="$VAR[Rating7ValueVar]"/>
    </include>
    <!-- <control type="label">
      <width>1</width>
      <height>-37</height>
      <label></label>
    </control> -->
    <control type="image">
      <width>150</width>
      <height>40</height>
      <aspectratio align="center" aligny="center">keep</aspectratio>
      <texture colordiffuse="$VAR[FocusColorTheme]">$VAR[CollectionStatus]</texture>
      <!-- <animation effect="fade" time="300">VisibleChange</animation> -->
      <visible>
        [!String.EndsWith(Container.PluginCategory,Collection) + !String.EndsWith(Container.PluginCategory,Saga) | String.IsEqual(Container.PluginCategory,Movies Collection)] + 
        String.IsEqual(Window(Home).Property(altus.belongs_to_collection),true) + 
        [
            [String.IsEqual(Skin.String(RatingSlot1),metacritic) + !String.IsEmpty(Window(Home).Property(altus.metascore))] | 
            [String.IsEqual(Skin.String(RatingSlot1),trakt) + !String.IsEmpty(Window(Home).Property(altus.traktRating))] |
            [String.IsEqual(Skin.String(RatingSlot1),letterboxd) + !String.IsEmpty(Window(Home).Property(altus.letterboxdRating))] |
            [String.IsEqual(Skin.String(RatingSlot1),mdblist) + !String.IsEmpty(Window(Home).Property(altus.mdblistRating))] |
            [String.IsEqual(Skin.String(RatingSlot1),rtc) + !String.IsEmpty(Window(Home).Property(altus.tomatoMeter))] |
            [String.IsEqual(Skin.String(RatingSlot1),rta) + !String.IsEmpty(Window(Home).Property(altus.tomatoUserMeter))] |
            [String.IsEqual(Skin.String(RatingSlot1),imdb) + !String.IsEmpty(Window(Home).Property(altus.imdbRating))] |
            [String.IsEqual(Skin.String(RatingSlot1),imdbpop) + !String.IsEmpty(Window(Home).Property(altus.popularRating))] |
            [String.IsEqual(Skin.String(RatingSlot1),tmdb) + !String.IsEmpty(Window(Home).Property(altus.tmdbRating))] |
            [String.IsEqual(Skin.String(RatingSlot2),metacritic) + !String.IsEmpty(Window(Home).Property(altus.metascore))] |
            [String.IsEqual(Skin.String(RatingSlot2),trakt) + !String.IsEmpty(Window(Home).Property(altus.traktRating))] |
            [String.IsEqual(Skin.String(RatingSlot2),letterboxd) + !String.IsEmpty(Window(Home).Property(altus.letterboxdRating))] |
            [String.IsEqual(Skin.String(RatingSlot2),mdblist) + !String.IsEmpty(Window(Home).Property(altus.mdblistRating))] |
            [String.IsEqual(Skin.String(RatingSlot2),rtc) + !String.IsEmpty(Window(Home).Property(altus.tomatoMeter))] |
            [String.IsEqual(Skin.String(RatingSlot2),rta) + !String.IsEmpty(Window(Home).Property(altus.tomatoUserMeter))] |
            [String.IsEqual(Skin.String(RatingSlot2),imdb) + !String.IsEmpty(Window(Home).Property(altus.imdbRating))] |
            [String.IsEqual(Skin.String(RatingSlot2),imdbpop) + !String.IsEmpty(Window(Home).Property(altus.popularRating))] |
            [String.IsEqual(Skin.String(RatingSlot2),tmdb) + !String.IsEmpty(Window(Home).Property(altus.tmdbRating))] |
            [String.IsEqual(Skin.String(RatingSlot3),metacritic) + !String.IsEmpty(Window(Home).Property(altus.metascore))] |
            [String.IsEqual(Skin.String(RatingSlot3),trakt) + !String.IsEmpty(Window(Home).Property(altus.traktRating))] |
            [String.IsEqual(Skin.String(RatingSlot3),letterboxd) + !String.IsEmpty(Window(Home).Property(altus.letterboxdRating))] |
            [String.IsEqual(Skin.String(RatingSlot3),mdblist) + !String.IsEmpty(Window(Home).Property(altus.mdblistRating))] |
            [String.IsEqual(Skin.String(RatingSlot3),rtc) + !String.IsEmpty(Window(Home).Property(altus.tomatoMeter))] |
            [String.IsEqual(Skin.String(RatingSlot3),rta) + !String.IsEmpty(Window(Home).Property(altus.tomatoUserMeter))] |
            [String.IsEqual(Skin.String(RatingSlot3),imdb) + !String.IsEmpty(Window(Home).Property(altus.imdbRating))] |
            [String.IsEqual(Skin.String(RatingSlot3),imdbpop) + !String.IsEmpty(Window(Home).Property(altus.popularRating))] |
            [String.IsEqual(Skin.String(RatingSlot3),tmdb) + !String.IsEmpty(Window(Home).Property(altus.tmdbRating))] |
            [String.IsEqual(Skin.String(RatingSlot4),metacritic) + !String.IsEmpty(Window(Home).Property(altus.metascore))] |
            [String.IsEqual(Skin.String(RatingSlot4),trakt) + !String.IsEmpty(Window(Home).Property(altus.traktRating))] |
            [String.IsEqual(Skin.String(RatingSlot4),letterboxd) + !String.IsEmpty(Window(Home).Property(altus.letterboxdRating))] |
            [String.IsEqual(Skin.String(RatingSlot4),mdblist) + !String.IsEmpty(Window(Home).Property(altus.mdblistRating))] |
            [String.IsEqual(Skin.String(RatingSlot4),rtc) + !String.IsEmpty(Window(Home).Property(altus.tomatoMeter))] |
            [String.IsEqual(Skin.String(RatingSlot4),rta) + !String.IsEmpty(Window(Home).Property(altus.tomatoUserMeter))] |
            [String.IsEqual(Skin.String(RatingSlot4),imdb) + !String.IsEmpty(Window(Home).Property(altus.imdbRating))] |
            [String.IsEqual(Skin.String(RatingSlot4),imdbpop) + !String.IsEmpty(Window(Home).Property(altus.popularRating))] |
            [String.IsEqual(Skin.String(RatingSlot4),tmdb) + !String.IsEmpty(Window(Home).Property(altus.tmdbRating))] |
            [String.IsEqual(Skin.String(RatingSlot5),metacritic) + !String.IsEmpty(Window(Home).Property(altus.metascore))] |
            [String.IsEqual(Skin.String(RatingSlot5),trakt) + !String.IsEmpty(Window(Home).Property(altus.traktRating))] |
            [String.IsEqual(Skin.String(RatingSlot5),letterboxd) + !String.IsEmpty(Window(Home).Property(altus.letterboxdRating))] |
            [String.IsEqual(Skin.String(RatingSlot5),mdblist) + !String.IsEmpty(Window(Home).Property(altus.mdblistRating))] |
            [String.IsEqual(Skin.String(RatingSlot5),rtc) + !String.IsEmpty(Window(Home).Property(altus.tomatoMeter))] |
            [String.IsEqual(Skin.String(RatingSlot5),rta) + !String.IsEmpty(Window(Home).Property(altus.tomatoUserMeter))] |
            [String.IsEqual(Skin.String(RatingSlot5),imdb) + !String.IsEmpty(Window(Home).Property(altus.imdbRating))] |
            [String.IsEqual(Skin.String(RatingSlot5),imdbpop) + !String.IsEmpty(Window(Home).Property(altus.popularRating))] |
            [String.IsEqual(Skin.String(RatingSlot5),tmdb) + !String.IsEmpty(Window(Home).Property(altus.tmdbRating))] |
            [String.IsEqual(Skin.String(RatingSlot6),metacritic) + !String.IsEmpty(Window(Home).Property(altus.metascore))] |
            [String.IsEqual(Skin.String(RatingSlot6),trakt) + !String.IsEmpty(Window(Home).Property(altus.traktRating))] |
            [String.IsEqual(Skin.String(RatingSlot6),letterboxd) + !String.IsEmpty(Window(Home).Property(altus.letterboxdRating))] |
            [String.IsEqual(Skin.String(RatingSlot6),mdblist) + !String.IsEmpty(Window(Home).Property(altus.mdblistRating))] |
            [String.IsEqual(Skin.String(RatingSlot6),rtc) + !String.IsEmpty(Window(Home).Property(altus.tomatoMeter))] |
            [String.IsEqual(Skin.String(RatingSlot6),rta) + !String.IsEmpty(Window(Home).Property(altus.tomatoUserMeter))] |
            [String.IsEqual(Skin.String(RatingSlot6),imdb) + !String.IsEmpty(Window(Home).Property(altus.imdbRating))] |
            [String.IsEqual(Skin.String(RatingSlot6),imdbpop) + !String.IsEmpty(Window(Home).Property(altus.popularRating))] |
            [String.IsEqual(Skin.String(RatingSlot6),tmdb) + !String.IsEmpty(Window(Home).Property(altus.tmdbRating))] |
            [String.IsEqual(Skin.String(RatingSlot7),metacritic) + !String.IsEmpty(Window(Home).Property(altus.metascore))] |
            [String.IsEqual(Skin.String(RatingSlot7),trakt) + !String.IsEmpty(Window(Home).Property(altus.traktRating))] |
            [String.IsEqual(Skin.String(RatingSlot7),letterboxd) + !String.IsEmpty(Window(Home).Property(altus.letterboxdRating))] |
            [String.IsEqual(Skin.String(RatingSlot7),mdblist) + !String.IsEmpty(Window(Home).Property(altus.mdblistRating))] |
            [String.IsEqual(Skin.String(RatingSlot7),rtc) + !String.IsEmpty(Window(Home).Property(altus.tomatoMeter))] |
            [String.IsEqual(Skin.String(RatingSlot7),rta) + !String.IsEmpty(Window(Home).Property(altus.tomatoUserMeter))] |
            [String.IsEqual(Skin.String(RatingSlot7),imdb) + !String.IsEmpty(Window(Home).Property(altus.imdbRating))] |
            [String.IsEqual(Skin.String(RatingSlot7),imdbpop) + !String.IsEmpty(Window(Home).Property(altus.popularRating))] |
            [String.IsEqual(Skin.String(RatingSlot7),tmdb) + !String.IsEmpty(Window(Home).Property(altus.tmdbRating))]
        ]
      </visible>
    </control>
  </include>

</includes>