<?xml version="1.0" encoding="UTF-8"?>
<includes>
	<include name="View_501_LandscapeWall">
		<control type="group">
			<!-- <include>OpenClose_Right</include> -->
			<height>100%</height>
			<visible>Control.IsVisible(501)</visible>
			<!-- <include>Visible_Right</include> -->
			<animation condition="Control.HasFocus(501) | Control.HasFocus(531) | ControlGroup(9000).HasFocus">
				<effect type="fade" start="0" end="100" time="300" tween="cubic" easing="in"/>
				<effect type="slide" start="0,937" end="0,0" time="500" tween="cubic" easing="out" />
			</animation>
			<control type="panel" id="501">
				<onleft>531</onleft>
				<onright>531</onright>
				<onup condition="Integer.IsGreater(Container.NumPages,1)">501</onup>
				<onup condition="!Integer.IsGreater(Container.NumPages,1)">9000</onup>
				<ondown>501</ondown>
				<viewtype label="311023">icon</viewtype>
				<preloaditems>2</preloaditems>
				<pagecontrol>531</pagecontrol>
				<scrolltime tween="cubic" easing="out">600</scrolltime>
				<!-- <visible>Container.Content(movies) | Container.Content(sets) | Container.Content(tvshows) | Container.Content(seasons) | Container.Content(episodes) | Container.Content(artists) | Container.Content(albums) | Container.Content(musicvideos) | Container.Content(images) | Container.Content(videos) | Container.Content(games)</visible> -->
				<visible>
					[Container.Content(artists) + [String.IsEqual(Skin.String(Skin.ForcedView.artists),$LOCALIZE[311023]) | String.IsEqual(Skin.String(Skin.ForcedView.artists),$LOCALIZE[310981]) | String.IsEqual(Skin.String(Skin.ForcedView.artists),$LOCALIZE[31100]) | String.IsEmpty(Skin.String(Skin.ForcedView.artists))]] | 

					[Container.Content(albums) + [String.IsEqual(Skin.String(Skin.ForcedView.albums),$LOCALIZE[311023]) | String.IsEqual(Skin.String(Skin.ForcedView.albums),$LOCALIZE[310981]) | String.IsEqual(Skin.String(Skin.ForcedView.albums),$LOCALIZE[31100]) | String.IsEmpty(Skin.String(Skin.ForcedView.albums))]] | 

					[Container.Content(sets) + [String.IsEqual(Skin.String(Skin.ForcedView.sets),$LOCALIZE[311023]) | String.IsEqual(Skin.String(Skin.ForcedView.sets),$LOCALIZE[310981]) | String.IsEqual(Skin.String(Skin.ForcedView.sets),$LOCALIZE[31100]) | String.IsEmpty(Skin.String(Skin.ForcedView.sets))]] | 

					[Container.Content(movies) + [String.IsEqual(Skin.String(Skin.ForcedView.movies),$LOCALIZE[311023]) | String.IsEqual(Skin.String(Skin.ForcedView.movies),$LOCALIZE[310981]) | String.IsEqual(Skin.String(Skin.ForcedView.movies),$LOCALIZE[31100]) | String.IsEmpty(Skin.String(Skin.ForcedView.movies))]] | 

					[Container.Content(tvshows) + [String.IsEqual(Skin.String(Skin.ForcedView.tvshows),$LOCALIZE[311023]) | String.IsEqual(Skin.String(Skin.ForcedView.tvshows),$LOCALIZE[310981]) | String.IsEqual(Skin.String(Skin.ForcedView.tvshows),$LOCALIZE[31100]) | String.IsEmpty(Skin.String(Skin.ForcedView.tvshows))]] | 

					[Container.Content(seasons) + [String.IsEqual(Skin.String(Skin.ForcedView.seasons),$LOCALIZE[311023]) | String.IsEqual(Skin.String(Skin.ForcedView.seasons),$LOCALIZE[310981]) | String.IsEqual(Skin.String(Skin.ForcedView.seasons),$LOCALIZE[31100]) | String.IsEmpty(Skin.String(Skin.ForcedView.seasons))]] | 

					[Container.Content(episodes) + !String.StartsWith(Container.PluginCategory,Season) + [String.IsEqual(Skin.String(Skin.ForcedView.episodes.outside),$LOCALIZE[311023]) | String.IsEqual(Skin.String(Skin.ForcedView.episodes.outside),$LOCALIZE[310981]) | String.IsEqual(Skin.String(Skin.ForcedView.episodes.outside),$LOCALIZE[31100]) | String.IsEmpty(Skin.String(Skin.ForcedView.episodes.outside))]] | 

					[Container.Content(episodes) + String.StartsWith(Container.PluginCategory,Season) + [String.IsEqual(Skin.String(Skin.ForcedView.episodes.inside),$LOCALIZE[311023]) | String.IsEqual(Skin.String(Skin.ForcedView.episodes.inside),$LOCALIZE[310981]) | String.IsEqual(Skin.String(Skin.ForcedView.episodes.inside),$LOCALIZE[31100]) | String.IsEmpty(Skin.String(Skin.ForcedView.episodes.inside))]] | 
					
					[Container.Content(musicvideos) + [String.IsEqual(Skin.String(Skin.ForcedView.musicvideos),$LOCALIZE[311023]) | String.IsEqual(Skin.String(Skin.ForcedView.musicvideos),$LOCALIZE[310981]) | String.IsEqual(Skin.String(Skin.ForcedView.musicvideos),$LOCALIZE[31100]) | String.IsEmpty(Skin.String(Skin.ForcedView.musicvideos))]] | 

					[Container.Content(images) + [String.IsEqual(Skin.String(Skin.ForcedView.images),$LOCALIZE[311023]) | String.IsEqual(Skin.String(Skin.ForcedView.images),$LOCALIZE[310981]) | String.IsEqual(Skin.String(Skin.ForcedView.images),$LOCALIZE[31100]) | String.IsEmpty(Skin.String(Skin.ForcedView.images))]] | 

					[Container.Content(videos) + [String.IsEqual(Skin.String(Skin.ForcedView.videos),$LOCALIZE[311023]) | String.IsEqual(Skin.String(Skin.ForcedView.videos),$LOCALIZE[310981]) | String.IsEqual(Skin.String(Skin.ForcedView.videos),$LOCALIZE[31100]) | String.IsEmpty(Skin.String(Skin.ForcedView.videos))]] | 

					[Container.Content(games) + [String.IsEqual(Skin.String(Skin.ForcedView.games),$LOCALIZE[311023]) | String.IsEqual(Skin.String(Skin.ForcedView.games),$LOCALIZE[310981]) | String.IsEqual(Skin.String(Skin.ForcedView.games),$LOCALIZE[31100]) | String.IsEmpty(Skin.String(Skin.ForcedView.games))]]
				</visible>

				<!-- DEFAULT -->
				<!-- W:430 H:242 -->
				<itemlayout width="470" height="282" condition="String.IsEqual(Skin.String(ArtworkSize501Setting),0) + !Skin.HasSetting(Enable.501Titles) + [Container.Content(movies) | Container.Content(sets) | Container.Content(tvshows) | Container.Content(seasons) | [Container.Content(musicvideos) + Skin.HasSetting(show_musicvideoposter)]]">
					<control type="group">
						<include content="ViewUnfocusedAnimations">
							<param name="id" value="501"/>
						</include>
            <left>21</left>
						<top>45</top>
						<include>LandscapeLayout</include>
					</control>
				</itemlayout>
				<focusedlayout width="470" height="282" condition="String.IsEqual(Skin.String(ArtworkSize501Setting),0) + !Skin.HasSetting(Enable.501Titles) + [Container.Content(movies) | Container.Content(sets) | Container.Content(tvshows) | Container.Content(seasons) | [Container.Content(musicvideos) + Skin.HasSetting(show_musicvideoposter)]]" infoupdate="30">
					<control type="group">
						<depth>DepthContentPopout</depth>
            <left>21</left>
						<top>45</top>
						<include content="LandscapeLayout">
							<param name="focused" value="true" />
						</include>
						<include>LandscapeWallTimer</include>
					</control>
				</focusedlayout>
				<itemlayout width="470" height="310" condition="String.IsEqual(Skin.String(ArtworkSize501Setting),0) + Skin.HasSetting(Enable.501Titles) + [Container.Content(movies) | Container.Content(sets) | Container.Content(tvshows) | Container.Content(seasons) | [Container.Content(musicvideos) + Skin.HasSetting(show_musicvideoposter)]]">
					<control type="group">
						<include content="ViewUnfocusedAnimations">
							<param name="id" value="501"/>
						</include>
            <left>21</left>
						<top>45</top>
						<include>LandscapeLayout</include>
					</control>
				</itemlayout>
				<focusedlayout width="470" height="310" condition="String.IsEqual(Skin.String(ArtworkSize501Setting),0) + Skin.HasSetting(Enable.501Titles) + [Container.Content(movies) | Container.Content(sets) | Container.Content(tvshows) | Container.Content(seasons) | [Container.Content(musicvideos) + Skin.HasSetting(show_musicvideoposter)]]" infoupdate="30">
					<control type="group">
						<depth>DepthContentPopout</depth>
            <left>21</left>
						<top>45</top>
						<include content="LandscapeLayout">
							<param name="focused" value="true" />
						</include>
						<include>LandscapeWallTimer</include>
					</control>
				</focusedlayout>

				<!-- LARGE LAYOUT -->
				<!-- W:582 H:327 -->
				<itemlayout width="616" height="361" condition="String.IsEqual(Skin.String(ArtworkSize501Setting),1) + !Skin.HasSetting(Enable.501Titles) + [Container.Content(movies) | Container.Content(sets) | Container.Content(tvshows) | Container.Content(seasons) | [Container.Content(musicvideos) + Skin.HasSetting(show_musicvideoposter)]]">
					<control type="group">
						<include content="ViewUnfocusedAnimations">
							<param name="id" value="501"/>
						</include>
            <left>33</left>
						<top>45</top>
						<include>BigLandscapeLayout</include>
					</control>
				</itemlayout>
				<focusedlayout width="616" height="361" condition="String.IsEqual(Skin.String(ArtworkSize501Setting),1) + !Skin.HasSetting(Enable.501Titles) + [Container.Content(movies) | Container.Content(sets) | Container.Content(tvshows) | Container.Content(seasons) | [Container.Content(musicvideos) + Skin.HasSetting(show_musicvideoposter)]]" infoupdate="30">
					<control type="group">
						<depth>DepthContentPopout</depth>
            <left>33</left>
						<top>45</top>
						<include content="BigLandscapeLayout">
							<param name="focused" value="true" />
						</include>
						<include>LandscapeWallTimer</include>
					</control>
				</focusedlayout>
				<itemlayout width="636" height="400" condition="String.IsEqual(Skin.String(ArtworkSize501Setting),1) + Skin.HasSetting(Enable.501Titles) + [Container.Content(movies) | Container.Content(sets) | Container.Content(tvshows) | Container.Content(seasons) | [Container.Content(musicvideos) + Skin.HasSetting(show_musicvideoposter)]]">
					<control type="group">
						<include content="ViewUnfocusedAnimations">
							<param name="id" value="501"/>
						</include>
            <left>13</left>
						<top>45</top>
						<include>BigLandscapeLayout</include>
					</control>
				</itemlayout>
				<focusedlayout width="636" height="400" condition="String.IsEqual(Skin.String(ArtworkSize501Setting),1) + Skin.HasSetting(Enable.501Titles) + [Container.Content(movies) | Container.Content(sets) | Container.Content(tvshows) | Container.Content(seasons) | [Container.Content(musicvideos) + Skin.HasSetting(show_musicvideoposter)]]" infoupdate="30">
					<control type="group">
						<depth>DepthContentPopout</depth>
            <left>13</left>
						<top>45</top>
						<include content="BigLandscapeLayout">
							<param name="focused" value="true" />
						</include>
						<include>LandscapeWallTimer</include>
					</control>
				</focusedlayout>

				<!-- SMALL LAYOUT -->
				<!-- W:317 H:178 -->
				<itemlayout width="370" height="225"  condition="String.IsEqual(Skin.String(ArtworkSize501Setting),2) + !Skin.HasSetting(Enable.501Titles) + [Container.Content(movies) | Container.Content(sets) | Container.Content(tvshows) | Container.Content(seasons) | [Container.Content(musicvideos) + Skin.HasSetting(show_musicvideoposter)]]">
					<control type="group">
						<include content="ViewUnfocusedAnimations">
							<param name="id" value="501"/>
						</include>
            <left>42</left>
						<top>45</top>
						<include>SmallLandscapeLayout</include>
					</control>
				</itemlayout>
				<focusedlayout width="370" height="225"  condition="String.IsEqual(Skin.String(ArtworkSize501Setting),2) + !Skin.HasSetting(Enable.501Titles) + [Container.Content(movies) | Container.Content(sets) | Container.Content(tvshows) | Container.Content(seasons) | [Container.Content(musicvideos) + Skin.HasSetting(show_musicvideoposter)]]" infoupdate="30">
					<control type="group">
						<depth>DepthContentPopout</depth>
            <left>42</left>
						<top>45</top>
						<include content="SmallLandscapeLayout">
							<param name="focused" value="true" />
						</include>
						<include>LandscapeWallTimer</include>
					</control>
				</focusedlayout>
				<itemlayout width="370" height="245"  condition="String.IsEqual(Skin.String(ArtworkSize501Setting),2) + Skin.HasSetting(Enable.501Titles) + [Container.Content(movies) | Container.Content(sets) | Container.Content(tvshows) | Container.Content(seasons) | [Container.Content(musicvideos) + Skin.HasSetting(show_musicvideoposter)]]">
					<control type="group">
						<include content="ViewUnfocusedAnimations">
							<param name="id" value="501"/>
						</include>
						<left>42</left>
						<top>45</top>
						<include>SmallLandscapeLayout</include>
					</control>
				</itemlayout>
				<focusedlayout width="370" height="245"  condition="String.IsEqual(Skin.String(ArtworkSize501Setting),2) + Skin.HasSetting(Enable.501Titles) + [Container.Content(movies) | Container.Content(sets) | Container.Content(tvshows) | Container.Content(seasons) | [Container.Content(musicvideos) + Skin.HasSetting(show_musicvideoposter)]]" infoupdate="30">
					<control type="group">
						<depth>DepthContentPopout</depth>
            <left>42</left>
						<top>45</top>
						<include content="SmallLandscapeLayout">
							<param name="focused" value="true" />
						</include>
						<include>LandscapeWallTimer</include>
					</control>
				</focusedlayout>

				<!-- EPISODES -->
				<!-- W:582 H:327 -->
				<itemlayout width="616" height="361"  condition="Container.Content(episodes) | [Container.Content(musicvideos) + Skin.HasSetting(show_musicvideoposter)]">
					<control type="group">
						<include content="ViewUnfocusedAnimations">
							<param name="id" value="501"/>
						</include>
            <left>33</left>
						<top>45</top>
						<include>BigLandscapeLayout</include>
					</control>
				</itemlayout>
				<focusedlayout width="616" height="361"  condition="Container.Content(episodes) | [Container.Content(musicvideos) + Skin.HasSetting(show_musicvideoposter)]" infoupdate="30">
					<control type="group">
						<depth>DepthContentPopout</depth>
            <left>33</left>
						<top>45</top>
						<include content="BigLandscapeLayout">
							<param name="focused" value="true" />
						</include>
						<include>LandscapeWallTimer</include>
					</control>
				</focusedlayout>
				<!-- <itemlayout height="301" width="300" condition="Container.Content(episodes) | Container.Content(videos) | [Container.Content(musicvideos) + !Skin.HasSetting(show_musicvideoposter)]">
					<control type="group">
						<top>110</top>
						<include content="FlixEpisodeLayout">
							<param name="label" value="$INFO[ListItem.Label]" />
							<param name="thumb_label" value="$INFO[ListItem.Label2]" />
						</include>
					</control>
				</itemlayout>
				<focusedlayout height="301" width="300" condition="Container.Content(episodes) | Container.Content(videos) | [Container.Content(musicvideos) + !Skin.HasSetting(show_musicvideoposter)]">
					<control type="group">
						<depth>DepthContentPopout</depth>
						<top>110</top>
						<include content="FlixEpisodeLayout">
							<param name="focused" value="true" />
							<param name="thumb_label" value="$INFO[ListItem.Label2]" />
						</include>
					</control>
				</focusedlayout> -->
				<itemlayout height="425" width="442" condition="Container.Content(images)">
					<control type="group">
						<left>40</left>
						<top>150</top>
						<include>PosterInfoPictureLayout</include>
					</control>
				</itemlayout>
				<focusedlayout height="425" width="442" condition="Container.Content(images)">
					<control type="group">
						<depth>DepthContentPopout</depth>
						<left>40</left>
						<top>150</top>
						<include content="PosterInfoPictureLayout">
							<param name="focused" value="true" />
						</include>
					</control>
				</focusedlayout>
				<!-- <itemlayout height="401" width="300" condition="Container.Content(artists) | Container.Content(albums)">
					<control type="group">
						<top>150</top>
						<include content="SquareLayout">
							<param name="fallback_image" value="DefaultMusicSongs.png" />
						</include>
					</control>
				</itemlayout>
				<focusedlayout height="401" width="300" condition="Container.Content(artists) | Container.Content(albums)">
					<control type="group">
						<depth>DepthContentPopout</depth>
						<top>150</top>
						<include content="SquareLayout">
							<param name="fallback_image" value="DefaultMusicSongs.png" />
							<param name="focused" value="true" />
						</include>
					</control>
				</focusedlayout> -->
				<!-- <itemlayout height="401" width="300" condition="Container.Content(addons)">
					<control type="group">
						<top>150</top>
						<include content="SquareLayout">
							<param name="fallback_image" value="DefaultAddon.png" />
						</include>
					</control>
				</itemlayout>
				<focusedlayout height="401" width="300" condition="Container.Content(addons)">
					<control type="group">
						<depth>DepthContentPopout</depth>
						<top>150</top>
						<include content="SquareLayout">
							<param name="fallback_image" value="DefaultAddon.png" />
							<param name="focused" value="true" />
						</include>
					</control>
				</focusedlayout> -->
			</control>
			<include content="TopBottomBars">
				<param name="top_visible" value="!Skin.HasSetting(Enable.501Dim)"/>
				<param name="bottom_visible" value="!Skin.HasSetting(Enable.501Dim)"/>
			</include>
		</control>
	</include>
</includes>
