<?xml version="1.0" encoding="UTF-8"?>
<includes>
	<include name="View_52_IconWall">
		<control type="group">
			<visible>Control.IsVisible(52)</visible>
			<include>OpenClose_Right</include>
			<include>Visible_Right</include>
			<control type="panel" id="52">
				<centerleft>50%</centerleft>
				<top>120</top>
				<width>92%</width>
				<height>100%</height>
				<onleft>530</onleft>
				<pagecontrol>530</pagecontrol>
				<preloaditems>2</preloaditems>
				<onup>52</onup>
				<ondown>52</ondown>
				<scrolltime tween="cubic" easing="out">500</scrolltime>
				<visible>
					[Container.Content() + [String.IsEqual(Skin.String(Skin.ForcedView.),$LOCALIZE[31099]) | String.IsEmpty(Skin.String(Skin.ForcedView.))]] | 
					
					[Container.Content(files) + [String.IsEqual(Skin.String(Skin.ForcedView.files),$LOCALIZE[31099]) | String.IsEmpty(Skin.String(Skin.ForcedView.files))]] | 
					
					[Container.Content(tags) + [String.IsEqual(Skin.String(Skin.ForcedView.tags),$LOCALIZE[31099]) | String.IsEmpty(Skin.String(Skin.ForcedView.tags))]] | 
					
					[Container.Content(years) + [String.IsEqual(Skin.String(Skin.ForcedView.years),$LOCALIZE[31099]) | String.IsEmpty(Skin.String(Skin.ForcedView.years))]] | 
					
					[Container.Content(roles) + [String.IsEqual(Skin.String(Skin.ForcedView.roles),$LOCALIZE[31099]) | String.IsEmpty(Skin.String(Skin.ForcedView.roles))]] | 
					
					[Container.Content(sources) + [String.IsEqual(Skin.String(Skin.ForcedView.sources),$LOCALIZE[31099]) | String.IsEmpty(Skin.String(Skin.ForcedView.sources))]] | 
					
					[Container.Content(genres) + [String.IsEqual(Skin.String(Skin.ForcedView.genres),$LOCALIZE[31099]) | String.IsEmpty(Skin.String(Skin.ForcedView.genres))]] | 
					
					[Container.Content(countries) + [String.IsEqual(Skin.String(Skin.ForcedView.countries),$LOCALIZE[31099]) | String.IsEmpty(Skin.String(Skin.ForcedView.countries))]] | 
					
					[Container.Content(studios) + [String.IsEqual(Skin.String(Skin.ForcedView.studios),$LOCALIZE[31099]) | String.IsEmpty(Skin.String(Skin.ForcedView.studios))]] | 
					
					[Container.Content(playlists) + [String.IsEqual(Skin.String(Skin.ForcedView.playlists),$LOCALIZE[31099]) | String.IsEmpty(Skin.String(Skin.ForcedView.playlists))]] | 
					
					[Container.Content(favourites) + [String.IsEqual(Skin.String(Skin.ForcedView.favourites),$LOCALIZE[31099]) | String.IsEmpty(Skin.String(Skin.ForcedView.favourites))]] | 
					
					[Container.Content(unknown) + [String.IsEqual(Skin.String(Skin.ForcedView.unknown),$LOCALIZE[31099]) | String.IsEmpty(Skin.String(Skin.ForcedView.unknown))]]
				</visible>
				<viewtype label="31099">icon</viewtype>
				<itemlayout height="290" width="440" condition="Container.Content() | Container.Content(files) | Container.Content(tags) | Container.Content(playlists) | [Container.Content(studios) + System.AddonIsEnabled(resource.images.studios.white)]">
					<control type="group">
						<top>0</top>
						<control type="image">
							<left>40</left>
							<top>40</top>
							<width>360</width>
							<height>210</height>
							<bordersize>1</bordersize>
							<texture colordiffuse="66000000">colors/white.png</texture>
							<bordertexture border="1" colordiffuse="$VAR[FocusColorTheme]" infill="false">masks/bordertexture2.png</bordertexture>
						</control>
						<!-- IMAGE CONTROL -->
						<control type="image">
							<left>160</left>
							<top>60</top>
							<width>120</width>
							<height>120</height>
							<texture fallback="DefaultStudios.png">$INFO[ListItem.Icon]</texture>
							<aspectratio>keep</aspectratio>
						</control>
						<control type="label">
							<left>77</left>
							<top>185</top>
							<width>285</width>
							<height>40</height>
							<font>font23</font>
							<label>$INFO[ListItem.Label]</label>
							<textcolor>unfocused_text</textcolor>
							<align>center</align>
							<aligny>center</aligny>
						</control>
					</control>
				</itemlayout>
				<focusedlayout height="290" width="440" condition="Container.Content() | Container.Content(files) | Container.Content(tags) | Container.Content(playlists) | [Container.Content(studios) + System.AddonIsEnabled(resource.images.studios.white)]" infoupdate="300">
					<control type="group">
						<depth>DepthContentPopout</depth>
						<top>0</top>
						<control type="image">
							<left>40</left>
							<top>40</top>
							<width>360</width>
							<height>210</height>
							<texture colordiffuse="$VAR[FocusColorTheme]">colors/white.png</texture>
							<include>Animation_FocusTextureFade</include>
						</control>
						<control type="image">
							<left>160</left>
							<top>60</top>
							<width>120</width>
							<height>120</height>
							<texture colordiffuse="$VAR[IconDiffuse]" fallback="DefaultStudios.png">$INFO[ListItem.Icon]</texture>
							<aspectratio>keep</aspectratio>
							<align>center</align>
						</control>
						<control type="label">
							<left>77</left>
							<top>185</top>
							<width>285</width>
							<height>40</height>
							<font>font23</font>
							<label>$INFO[ListItem.Label]</label>
							<textcolor>$VAR[FocusedTextColorVar]</textcolor>
							<align>center</align>
							<aligny>center</aligny>
							<scroll>true</scroll>
							<scrollspeed>90</scrollspeed>
						</control>
					</control>
				</focusedlayout>
				<itemlayout height="181" width="348" condition="Container.Content(genres) | Container.Content(sources) | Container.Content(years) | Container.Content(roles) | Container.Content(countries) | [Container.Content(studios) + !System.AddonIsEnabled(resource.images.studios.white)]">
					<control type="group">
						<top>120</top>
						<control type="image">
							<width>330</width>
							<height>140</height>
							<texture>dialogs/dialog-bg-nobo.png</texture>
							<bordertexture border="21" infill="false">overlays/shadow.png</bordertexture>
							<bordersize>20</bordersize>
						</control>
						<control type="textbox">
							<left>30</left>
							<top>0</top>
							<width>270</width>
							<height>140</height>
							<label>$INFO[ListItem.Label]</label>
							<align>center</align>
							<aligny>center</aligny>
						</control>
					</control>
				</itemlayout>
				<focusedlayout height="181" width="348" condition="Container.Content(genres) | Container.Content(sources) | Container.Content(years) | Container.Content(roles) | Container.Content(countries) | [Container.Content(studios) + !System.AddonIsEnabled(resource.images.studios.white)]">
					<control type="group">
						<depth>DepthContentPopout</depth>
						<top>120</top>
						<control type="image">
							<width>330</width>
							<height>140</height>
							<texture>dialogs/dialog-bg-nobo.png</texture>
							<bordertexture border="21" infill="false">overlays/shadow.png</bordertexture>
							<bordersize>20</bordersize>
						</control>
						<control type="image">
							<width>330</width>
							<height>140</height>
							<texture colordiffuse="button_focus2">colors/grey.png</texture>
							<bordersize>20</bordersize>
							<include>Animation_FocusTextureFade</include>
						</control>
						<control type="textbox">
							<left>30</left>
							<top>0</top>
							<width>270</width>
							<height>140</height>
							<label>$INFO[ListItem.Label]</label>
							<align>center</align>
							<aligny>center</aligny>
						</control>
					</control>
				</focusedlayout>
			</control>
		</control>
	</include>
</includes>
