<?xml version="1.0" encoding="UTF-8"?>
<includes>
	<include name="View_53_Slide">
		<control type="button" id="20000">
			<description>Dummy button to get animations right (hide focusedlayout on animations)</description>
			<include>HiddenObject</include>
			<animation effect="fade" delay="500" time="0" start="100" end="0">Visible</animation>
			<animation effect="fade" delay="500" time="0" start="100" end="0">WindowOpen</animation>
			<onclick>noop</onclick>
			<visible>Control.IsVisible(53)</visible>
		</control>
		<control type="group">
			<description>Poster Viewtype</description>
			<centertop>50%</centertop>
			<height>720</height>
			<!-- <control type="image">
				<left>0</left>
				<top>8</top>
				<width>100%</width>
				<height>415</height>
				<animation effect="fade" start="0" end="100" time="300">WindowOpen</animation>
				<animation effect="fade" start="100" end="0" time="300">WindowClose</animation>
				<animation effect="fade" time="200">VisibleChange</animation>
				<texture colordiffuse="$VAR[FocusColorTheme]">colors/commons.png</texture>
				<visible>Control.IsVisible(53)</visible>
			</control> -->
			<control type="group">
				<visible>Control.IsVisible(53)</visible>
				<include>Visible_Right</include>
				<include>OpenClose_Right</include>
				<control type="fixedlist" id="53">
					<left>-25</left>
					<top>0</top>
					<width>110%</width>
					<height>704</height>
					<focusposition>1</focusposition>
					<movement>0</movement>
					<pagecontrol>5199</pagecontrol>
					<scrolltime tween="cubic" easing="out">350</scrolltime>
					<orientation>horizontal</orientation>
					<onleft>53</onleft>
					<onup>9000</onup>
					<onright>53</onright>

					<ondown condition="[$EXP[isMovie] | $EXP[isTVShow]] + String.IsEqual(Skin.String(53OnDownSetting.MovieTV),0)">5199</ondown>
					<ondown condition="[$EXP[isMovie] | $EXP[isTVShow]] + String.IsEqual(Skin.String(53OnDownSetting.MovieTV),1)">Container.SetViewMode(500)</ondown>
					<ondown condition="[$EXP[isMovie] | $EXP[isTVShow]] + String.IsEqual(Skin.String(53OnDownSetting.MovieTV),2)">Container.SetViewMode(501)</ondown>
					<ondown condition="[$EXP[isMovie] | $EXP[isTVShow]] + String.IsEqual(Skin.String(53OnDownSetting.MovieTV),3) + String.IsEmpty(Skin.String(TrailerPlaying))">Skin.SetString(TrailerPlaying, true)</ondown>
					<ondown condition="[$EXP[isMovie] | $EXP[isTVShow]] + String.IsEqual(Skin.String(53OnDownSetting.MovieTV),3) + !Player.HasMedia + String.IsEmpty(Skin.String(TrailerPlaying))">$VAR[AutoplayTrailerSource]</ondown>
					<ondown condition="[$EXP[isMovie] | $EXP[isTVShow]] + String.IsEqual(Skin.String(53OnDownSetting.MovieTV),3) + Player.HasMedia + !String.IsEmpty(Skin.String(TrailerPlaying))">Skin.Reset(TrailerPlaying)</ondown>
					<ondown condition="[$EXP[isMovie] | $EXP[isTVShow]] + String.IsEqual(Skin.String(53OnDownSetting.MovieTV),3) + Player.HasMedia + !String.IsEmpty(Skin.String(TrailerPlaying))">Stop</ondown>
					<ondown condition="[$EXP[isMovie] | $EXP[isTVShow]] + String.IsEqual(Skin.String(53OnDownSetting.MovieTV),4)">info</ondown>

					
					<ondown condition="![$EXP[isMovie] | $EXP[isTVShow]] + String.IsEqual(Skin.String(53OnDownSetting.Other),0)">5199</ondown>
					<ondown condition="![$EXP[isMovie] | $EXP[isTVShow]] + String.IsEqual(Skin.String(53OnDownSetting.Other),1)">Container.SetViewMode(501)</ondown>
					<ondown condition="![$EXP[isMovie] | $EXP[isTVShow]] + String.IsEqual(Skin.String(53OnDownSetting.Other),2)">info</ondown>

					<onback condition="Player.HasMedia + !String.IsEmpty(Skin.String(TrailerPlaying))">Stop</onback>
					<onunfocus condition="Player.HasMedia + !String.IsEmpty(Skin.String(TrailerPlaying))">Stop</onunfocus>
					<onunfocus condition="!String.IsEmpty(Skin.String(TrailerPlaying))">Skin.Reset(TrailerPlaying)</onunfocus>


					<hitrect x="100" y="0" w="800" h="400" />
					<!-- <visible>Container.Content(movies) | Container.Content(seasons) | Container.Content(sets) | Container.Content(tvshows) | Container.Content(games)</visible> -->
          <visible>
						[Container.Content(artists) + [String.IsEqual(Skin.String(Skin.ForcedView.artists),$LOCALIZE[31100]) | String.IsEmpty(Skin.String(Skin.ForcedView.artists))]] | 
						
						[Container.Content(albums) + [String.IsEqual(Skin.String(Skin.ForcedView.albums),$LOCALIZE[31100]) | String.IsEmpty(Skin.String(Skin.ForcedView.albums))]] | 
						
						[Container.Content(sets) + [String.IsEqual(Skin.String(Skin.ForcedView.sets),$LOCALIZE[31100]) | String.IsEmpty(Skin.String(Skin.ForcedView.sets))]] | 
						
						[Container.Content(movies) + [String.IsEqual(Skin.String(Skin.ForcedView.movies),$LOCALIZE[31100]) | String.IsEmpty(Skin.String(Skin.ForcedView.movies))]] | 
						
						[Container.Content(tvshows) + [String.IsEqual(Skin.String(Skin.ForcedView.tvshows),$LOCALIZE[31100]) | String.IsEmpty(Skin.String(Skin.ForcedView.tvshows))]] | 
						
						[Container.Content(seasons) + [String.IsEqual(Skin.String(Skin.ForcedView.seasons),$LOCALIZE[31100]) | String.IsEmpty(Skin.String(Skin.ForcedView.seasons))]] | 
						
						[Container.Content(episodes) + !String.StartsWith(Container.PluginCategory,Season) + [String.IsEqual(Skin.String(Skin.ForcedView.episodes.outside),$LOCALIZE[31100]) | String.IsEmpty(Skin.String(Skin.ForcedView.episodes.outside))]] | 
						
						[Container.Content(musicvideos) + [String.IsEqual(Skin.String(Skin.ForcedView.musicvideos),$LOCALIZE[31100]) | String.IsEmpty(Skin.String(Skin.ForcedView.musicvideos))]] | 
						
						[Container.Content(images) + [String.IsEqual(Skin.String(Skin.ForcedView.images),$LOCALIZE[31100]) | String.IsEmpty(Skin.String(Skin.ForcedView.images))]] | 
						
						[Container.Content(videos) + [String.IsEqual(Skin.String(Skin.ForcedView.videos),$LOCALIZE[31100]) | String.IsEmpty(Skin.String(Skin.ForcedView.videos))]] | 
						
						[Container.Content(games) + [String.IsEqual(Skin.String(Skin.ForcedView.games),$LOCALIZE[31100]) | String.IsEmpty(Skin.String(Skin.ForcedView.games))]]
					</visible>
					<preloaditems>1</preloaditems>
					<viewtype label="31100">icon</viewtype>
					<itemlayout width="223">
						<control type="group">
              <include content="ViewUnfocusedAnimations">
								<param name="id" value="53"/>
							</include>
              <!-- <visible>!$EXP[sidebar_visible]</visible>
              <animation effect="fade" time="300">VisibleChange</animation> -->
							<left>-175</left>
							<top>18</top>
							<include>SmallPosterLayout</include>
						</control>
					</itemlayout>
					<focusedlayout width="515">
						<control type="group">
							<control type="group">
								<left>-220</left>
								<top>18</top>
								<visible>Container.OnScrollPrevious</visible>
								<visible>Control.IsVisible(20000)</visible>
								<animation effect="fade" time="200" start="100" end="0">Hidden</animation>
								<include>SmallPosterLayout</include>
							</control>
							<control type="group">
								<left>-40</left>
								<top>18</top>
								<visible>Container.OnScrollNext</visible>
								<visible>Control.IsVisible(20000)</visible>
								<animation effect="fade" time="200" start="100" end="0">Hidden</animation>
								<include>SmallPosterLayout</include>
							</control>
						</control>
						<include>ReturntoView</include>
					</focusedlayout>
				</control>
				<control type="group">
					<top>25</top>
					<control type="group">
						<left>635</left>
						<top>480</top>
						<height>245</height>
						<visible>ListItem.IsCollection + String.IsEmpty(ListItem.PlotOutline) + String.IsEmpty(ListItem.Plot)</visible>
						<include content="InfoList">
							<param name="bottom" value="0" />
							<param name="sortby" value="year" />
							<param name="sortorder" value="ascending" />
							<param name="font" value="font13" />
						</include>
					</control>
					<!-- <control type="label">
						<left>645</left>
						<top>400</top>
						<right>50</right>
						<height>40</height>
						<label>$INFO[ListItem.Label]$VAR[ListSubLabelVar]</label>
						<font>font45_title</font>
						<shadowcolor>text_shadow</shadowcolor>
					</control>
					<control type="textbox">
						<left>645</left>
						<top>480</top>
						<height>250</height>
						<right>115</right>
						<autoscroll time="3000" delay="7000" repeat="5000">!System.HasActiveModalDialog + Skin.HasSetting(AutoScroll)</autoscroll>
						<label>$VAR[PlotTextBoxVar]</label>
						<shadowcolor>text_shadow</shadowcolor>
						<visible>![ListItem.IsCollection + String.IsEmpty(ListItem.PlotOutline) + String.IsEmpty(ListItem.Plot)]</visible>
					</control> -->
          <control type="group">
            <top>363</top>
            <left>600</left>
            <include condition="!Skin.HasSetting(Disable.53StudioLogo)">53InfoWidth_StudioEnabled</include>
						<include condition="Skin.HasSetting(Disable.53StudioLogo)">53InfoWidth_StudioDisabled</include>
            <!-- <bottom>160</bottom> -->
            <control type="grouplist">
              <left>0</left>
              <top>0</top>
              <height>700</height>
              <orientation>vertical</orientation>
              <align>left</align>
              <itemgap>10</itemgap>
              <control type="label">
                <align>left</align>
                <height>45</height>
                <label>$VAR[ClockCrumbs]$VAR[BreadcrumbsVideoVar]$VAR[FlixCategory]$VAR[VideoFlixCrumbsVar]</label>
                <font>font32</font>
                <textcolor>$VAR[FocusColorTheme]</textcolor>
                <shadowcolor>text_shadow</shadowcolor>
              </control>
              <control type="label">
                <height>40</height>
                <label>$VAR[SpotlightWidgetStatus]</label>
                <font>font27_title</font>
                <textcolor>$VAR[FocusColorTheme]</textcolor>
                <scroll>true</scroll>
                <scrollspeed>100</scrollspeed>
                <visible>!$EXP[isEpisode]</visible>
                <visible>
                  !$EXP[isMovie] + !$EXP[isTVShow] | 
                  [$EXP[isMovie] + [Integer.IsGreater(ListItem.Playcount,0) | !Integer.IsEqual(ListItem.Property(WatchedProgress),0)]] | 
                  [$EXP[isTVShow] + Integer.IsGreater(ListItem.Property(WatchedEpisodes),0) + !String.IsEqual(ListItem.Property(UnWatchedEpisodes),-1)]
                </visible>
								<!-- <visible>
                  !$EXP[isMovie] + !$EXP[isTVShow] | 
                  [$EXP[isMovie] + [Integer.IsGreater(ListItem.Playcount,0) | !Integer.IsEqual(ListItem.Property(WatchedProgress),0)]] | 
                  [$EXP[isTVShow] + Integer.IsGreater(ListItem.Property(WatchedEpisodes),0) + !String.IsEqual(ListItem.Property(UnWatchedEpisodes),-1)] | 
									[$EXP[isSeason] + !Integer.IsEqual(ListItem.Property(WatchedEpisodes),0) + !String.IsEqual(ListItem.Property(UnWatchedEpisodes),-1)]
                </visible> -->
              </control>
              <include condition="!String.IsEmpty(Skin.String(valid_api_key))" content="HorizontalRatings">
                <param name="align" value="left"/>
              </include>
              <control type="label">
                <align>left</align>
                <height>35</height>
                <label>$VAR[VideoInfoPanelTop]</label>
                <font>font27</font>
                <textcolor>$VAR[FocusColorTheme]</textcolor>
                <scroll>true</scroll>
                <scrollspeed>150</scrollspeed>
              </control>
              <control type="textbox">
                <height max="168">auto</height>
                <font>font27</font>
                <textcolor>unfocused_text</textcolor>
                <align>left</align>
                <label>$VAR[RI_Plot]</label>
                <autoscroll delay="12000" time="5000" repeat="12000">$PARAM[focused]</autoscroll>
								<visible>Control.HasFocus(53)</visible>
              </control>
              <control type="textbox">
                <height max="168">auto</height>
                <font>font27</font>
                <textcolor>unfocused_text</textcolor>
                <align>left</align>
                <label>$VAR[RI_Plot]</label>
								<visible>$EXP[sidebar_visible] | Control.HasFocus(5199)</visible>
              </control>
            </control>
          </control>
				</control>
			</control>
		</control>
		<control type="group">
			<centertop>50%</centertop>
			<height>670</height>
			<left>49</left>
			<depth>DepthContentPopout</depth>
			<visible>Control.IsVisible(53)</visible>
			<include>OpenClose_Left</include>
			<include>Visible_Left</include>
			<!-- <control type="image">
				<top>-16</top>
				<left>-16</left>
				<width>516</width>
				<height>756</height>
				<texture>colors/black.png</texture>
				<bordertexture border="21" infill="false">overlays/shadow.png</bordertexture>
				<bordersize>20</bordersize>
			</control> -->
			<control type="image">
				<left>4</left>
				<top>4</top>
				<width>476</width>
				<height>714</height>
				<fadetime>200</fadetime>
				<aspectratio scalediffuse="false">scale</aspectratio>
				<texture colordiffuse="artwork_dim" fallback="DefaultMovies.png" background="true">$VAR[FlixPosterVar]</texture>
			</control>
      
			<control type="group">
				<visible>String.IsEqual(ListItem.DBtype,tvshow) | String.IsEqual(ListItem.DBType,season) | ListItem.IsRecording | ListItem.HasReminder | ListItem.HasTimer | ListItem.IsCollection | ListItem.HasVideoVersions | ListItem.IsPlaying | ListItem.IsResumable | ListItem.HasVideoExtras | ListItem.HasArchive | Integer.IsGreater(ListItem.Playcount,0)</visible>
				<control type="image">
					<left>10</left>
					<top>684</top>
					<width>32</width>
					<height>32</height>
					<align>left</align>
					<aligny>center</aligny>
					<texture>$VAR[ItemTypeIconVar]</texture>
				</control>
				<control type="image">
					<left>45</left>
					<top>684</top>
					<width>32</width>
					<height>32</height>
					<align>left</align>
					<aligny>center</aligny>
					<texture>overlays/extras.png</texture>
					<visible>ListItem.HasVideoVersions + ListItem.HasVideoExtras</visible>
				</control>
				<control type="label">
					<left>100</left>
					<top>684</top>
					<width>330</width>
					<height>32</height>
					<label>$VAR[WatchedStatusVar]</label>
					<font>font20_title</font>
					<shadowcolor>text_shadow</shadowcolor>
					<align>right</align>
					<aligny>center</aligny>
					<visible>String.IsEqual(ListItem.DBtype,tvshow) | String.IsEqual(ListItem.DBtype,set) | String.IsEqual(ListItem.DBType,season)</visible>
				</control>
				<control type="image">
					<left>435</left>
					<top>684</top>
					<width>32</width>
					<height>32</height>
					<texture>$VAR[ItemStatusIconVar]</texture>
					<align>right</align>
					<aligny>center</aligny>
				</control>
			</control>
			<control type="progress">
				<left>4</left>
				<top>702</top>
				<width>476</width>
				<height>1</height>
				<texturebg></texturebg>
				<midtexture colordiffuse="button_focus" border="3">progress/texturebg_alt_white.png</midtexture>
				<info>ListItem.PercentPlayed</info>
				<visible>!Integer.IsEqual(ListItem.PercentPlayed,0)</visible>
			</control>
			<control type="image">
				<left>4</left>
				<top>4</top>
				<width>476</width>
				<height>714</height>
				<fadetime>200</fadetime>
				<bordersize>-6</bordersize>
				<visible>Control.HasFocus(53)</visible>
				<animation effect="fade" time="100">VisibleChange</animation>
				<texture border="6" colordiffuse="$VAR[FocusColorTheme]" infill="false">colors/white.png</texture>
			</control>
			<control type="group">
				<left>216</left>
				<top>-18</top>
				<include content="RatingCircle">
					<param name="animation" value="True" />
				</include>
			</control>
		</control>
		<control type="group">
			<visible>Control.IsVisible(53)</visible>
			<include>OpenClose_Right</include>
			<include>Visible_Right</include>
			<control type="image">
        <left>1621</left>
        <top>640</top>
        <width>270</width>
        <height>126</height>
				<fadetime>200</fadetime>
        <aspectratio align="center" aligny="center">keep</aspectratio>
        <texture colordiffuse="$VAR[StudioColorDiffuseVar]">$VAR[StudioLogoPathVar]</texture>
        <visible>!Skin.HasSetting(Disable.53StudioLogo) + !String.IsEmpty(ListItem.Studio)</visible>
        <!-- <animation effect="fade" start="0" end="100" time="300">VisibleChange</animation> -->
      </control>
		</control>
	</include>
</includes>
