<?xml version="1.0" encoding="utf-8"?>
<window type="dialog" id="1128">
	<defaultcontrol always="true">11000</defaultcontrol>
	<include>Animation_DialogPopupOpenClose</include>
	<controls>
		<control type="group">
			<centerleft>50%</centerleft>
			<height>570</height>
			<centertop>50%</centertop>
			<width>1000</width>
			<include content="DialogBackgroundCommons">
				<param name="width" value="1000" />
				<param name="height" value="570" />
				<param name="header_label" value="$LOCALIZE[31303]" />
				<param name="header_id" value="1" />
			</include>
			<control type="group" id="11000">
				<left>0</left>
				<top>80</top>
				<control type="grouplist" id="11100">
					<width>1000</width>
					<height>490</height>
					<itemgap>0</itemgap>
					<onup>11100</onup>
					<ondown>11100</ondown>
					<onright>60</onright>
					<onleft>60</onleft>
					<pagecontrol>60</pagecontrol>
					<orientation>vertical</orientation>
					<control type="radiobutton" id="11111">
						<label>$LOCALIZE[31297] : $LOCALIZE[19158]</label>
						<include>DefaultSettingButton</include>
						<selected>Skin.HasSetting(hide_nowrecordingradio)</selected>
						<onclick>Skin.ToggleSetting(hide_nowrecordingradio)</onclick>
					</control>
					<control type="radiobutton" id="11112">
						<label>$LOCALIZE[31297] : $LOCALIZE[19157]</label>
						<include>DefaultSettingButton</include>
						<selected>Skin.HasSetting(hide_nextrecordingradio)</selected>
						<onclick>Skin.ToggleSetting(hide_nextrecordingradio)</onclick>
					</control>
					<control type="radiobutton" id="11113">
						<label>$LOCALIZE[31297] : $LOCALIZE[31148]</label>
						<include>DefaultSettingButton</include>
						<selected>Skin.HasSetting(hide_radiocategories)</selected>
						<onclick>Skin.ToggleSetting(hide_radiocategories)</onclick>
					</control>
					<control type="radiobutton" id="11114">
						<label>$LOCALIZE[31297] : $LOCALIZE[31018]</label>
						<include>DefaultSettingButton</include>
						<selected>Skin.HasSetting(hide_lastplayedradio)</selected>
						<onclick>Skin.ToggleSetting(hide_lastplayedradio)</onclick>
					</control>
					<control type="radiobutton" id="11115">
						<label>$LOCALIZE[31297] : $LOCALIZE[31015]</label>
						<include>DefaultSettingButton</include>
						<selected>Skin.HasSetting(hide_recordingradio)</selected>
						<onclick>Skin.ToggleSetting(hide_recordingradio)</onclick>
					</control>
					<control type="radiobutton" id="11116">
						<label>$LOCALIZE[31297] : $LOCALIZE[31362]</label>
						<include>DefaultSettingButton</include>
						<selected>Skin.HasSetting(hide_allradios)</selected>
						<onclick>Skin.ToggleSetting(hide_allradios)</onclick>
					</control>
					<control type="radiobutton" id="11117">
						<label>$LOCALIZE[31297] : $LOCALIZE[19174]</label>
						<include>DefaultSettingButton</include>
						<selected>Skin.HasSetting(hide_radiogroups)</selected>
						<onclick>Skin.ToggleSetting(hide_radiogroups)</onclick>
					</control>
				</control>
				<include content="SettingsScrollbar">
					<param name="height">485</param>
					<param name="leftright">11100</param>
				</include>
			</control>
		</control>
	</controls>
</window>
