<?xml version="1.0" encoding="UTF-8"?>
<window>
	<defaultcontrol>3</defaultcontrol>
	<backgroundcolor>background</backgroundcolor>
	<controls>
		<include>DefaultBackground</include>
		<control type="group">
			<include>OpenClose_Right</include>
			<control type="grouplist" id="5">
				<description>control area</description>
				<top>168</top>
				<left>470</left>
				<pagecontrol>60</pagecontrol>
				<right>0</right>
				<bottom>142</bottom>
				<onleft>3</onleft>
				<onright>60</onright>
				<onup>5</onup>
				<ondown>5</ondown>
			</control>
			<control type="image">
				<left>470</left>
				<top>160</top>
				<right>0</right>
				<height>2</height>
				<texture colordiffuse="$VAR[SkinColorVar]" border="2">dialogs/separator-grey.png</texture>
			</control>
			<control type="image">
				<left>470</left>
				<bottom>134</bottom>
				<right>0</right>
				<height>2</height>
				<texture colordiffuse="$VAR[SkinColorVar]" border="2">dialogs/separator-grey.png</texture>
			</control>
		</control>
		<control type="button" id="7">
			<description>Default Button</description>
			<include>DefaultSettingButton</include>
		</control>
		<control type="radiobutton" id="8">
			<description>Default RadioButton</description>
			<include>DefaultSettingButton</include>
		</control>
		<control type="spincontrolex" id="9">
			<description>Default SpinControlex</description>
			<include>DefaultSettingButton</include>
			<aligny>center</aligny>
		</control>
		<control type="sliderex" id="13">
			<description>Default Slider</description>
			<include>DefaultSettingButton</include>
			<aligny>center</aligny>
		</control>
		<control type="label" id="14">
			<description>Default Label</description>
			<width>1450</width>
			<textoffsetx>45</textoffsetx>
			<top>0</top>
			<height>70</height>
			<label/>
			<align>center</align>
			<aligny>center</aligny>
			<font>font28_title</font>
			<textcolor>grey</textcolor>
			<shadowcolor>black</shadowcolor>
		</control>
		<control type="group">
			<depth>DepthContentPanel</depth>
			<include>OpenClose_Left</include>
			<include content="ContentPanel">
				<param name="width" value="530" />
			</include>
			<control type="grouplist" id="3">
				<description>button area</description>
				<left>0</left>
				<top>168</top>
				<width>470</width>
				<height>700</height>
				<usecontrolcoords>true</usecontrolcoords>
				<onleft>5</onleft>
				<onright>5</onright>
				<onup>3</onup>
				<ondown>20</ondown>
			</control>
			<control type="button" id="10">
				<description>Default Category Button</description>
				<left>0</left>
				<height>70</height>
				<width>470</width>
				<textoffsetx>40</textoffsetx>
				<aligny>center</aligny>
				<font>font30_title</font>
				<texturefocus colordiffuse="$VAR[SkinColorVar]">lists/focus.png</texturefocus>
				<texturenofocus />
			</control>
			<control type="radiobutton" id="20">
				<width>470</width>
				<left>0</left>
				<bottom>110</bottom>
				<height>70</height>
				<aligny>center</aligny>
				<onclick>SettingsLevelChange</onclick>
				<textoffsetx>100</textoffsetx>
				<textoffsety>0</textoffsety>
				<texturefocus colordiffuse="$VAR[SkinColorVar]">colors/white.png</texturefocus>
				<texturenofocus />
				<radioposx>40</radioposx>
				<radioposy>0</radioposy>
				<radiowidth>40</radiowidth>
				<radioheight>40</radioheight>
				<onleft>5</onleft>
				<onright>5</onright>
				<onup>3</onup>
				<ondown>3</ondown>
				<textureradioonfocus>icons/settings.png</textureradioonfocus>
				<textureradioonnofocus>icons/settings.png</textureradioonnofocus>
				<textureradioofffocus>icons/settings.png</textureradioofffocus>
				<textureradiooffnofocus>icons/settings.png</textureradiooffnofocus>
			</control>
		</control>
		<control type="group">
			<right>0</right>
			<top>163</top>
			<bottom>137</bottom>
			<width>60</width>
			<control type="scrollbar" id="60">
				<right>0</right>
				<top>0</top>
				<bottom>0</bottom>
				<width>12</width>
				<orientation>vertical</orientation>
				<texturesliderbackground />
				<animation effect="slide" end="6,0" time="300" tween="sine" easing="inout" condition="!Control.HasFocus(60)">conditional</animation>
				<onleft>5</onleft>
				<onright>5</onright>
				<animation effect="fade" start="0" end="100" time="200" delay="300">Visible</animation>
				<animation effect="fade" start="100" end="0" time="200">Hidden</animation>
				<animation effect="fade" start="0" end="100" delay="300" time="320">WindowOpen</animation>
				<animation effect="fade" start="100" end="0" time="150">WindowClose</animation>
				<hitrect x="0" y="0" w="60" h="100%" />
			</control>
		</control>
		<include content="TopBar">
			<param name="breadcrumbs_label" value="$LOCALIZE[5]$INFO[Control.GetLabel(2), / ]" />
		</include>
		<include>BottomBar</include>
		<control type="group">
			<include>OpenClose_Right</include>
			<control type="textbox" id="6">
				<description>description area</description>
				<left>510</left>
				<bottom>25</bottom>
				<right>60</right>
				<height>102</height>
				<font>font12</font>
				<align>justify</align>
				<textcolor>$VAR[SkinColorVar]</textcolor>
				<autoscroll time="3000" delay="5000" repeat="5000">true</autoscroll>
			</control>
		</control>
		<control type="label" id="2">
			<description>breadcrumbs label</description>
			<visible>False</visible>
		</control>
	</controls>
</window>
